capture_date,ticker,name,signal_price,limit_price,filled,order_status,entry_date,entry_price,entry_kind,wait_days,initial_stop,target_price,trade_status,partial_exit_date,partial_exit_price,exit_date,exit_price,exit_reason,remaining_pct,return_pct,ambiguous_entry_day_target,realized_return_pct,scenario,market,baseline_return_pct,index_hold_return_pct
2026-08-24,002840,미원상사,131800.0,131800.0,True,FILLED,2026-08-24,131800.0,SIGNAL_CLOSE_ASSUMPTION,0,121256.0,163432.0,OPEN,,,,,,100.0,5.993930197268593,False,0,A_SIGNAL_CLOSE,KOSPI,5.993930197268593,1.5968439411314872
2026-08-24,028670,팬오션,6320.0,6320.0,True,FILLED,2026-08-24,6320.0,SIGNAL_CLOSE_ASSUMPTION,0,5814.400000000001,7836.799999999998,CLOSED,,,2026-08-26,5610,STOP_LOSS,0.0,-11.234177215189877,False,-11.234177215189877,A_SIGNAL_CLOSE,KOSPI,-11.234177215189877,1.5968439411314872
2026-08-24,058650,세아홀딩스,132600.0,132600.0,True,FILLED,2026-08-24,132600.0,SIGNAL_CLOSE_ASSUMPTION,0,121992.0,164424.0,OPEN,,,,,,100.0,-4.751131221719462,False,0,A_SIGNAL_CLOSE,KOSPI,-4.751131221719462,1.5968439411314872
2026-08-25,002310,아세아제지,8560.0,8560.0,True,FILLED,2026-08-25,8560.0,SIGNAL_CLOSE_ASSUMPTION,0,7875.200000000001,10614.399999999998,CLOSED,,,2026-09-30,7850,STOP_LOSS,0.0,-8.294392523364492,False,-8.294392523364492,A_SIGNAL_CLOSE,KOSPI,-8.294392523364492,0.9070496563711394
2026-08-25,078930,GS,121800.0,121800.0,True,FILLED,2026-08-25,121800.0,SIGNAL_CLOSE_ASSUMPTION,0,112056.0,151032.0,CLOSED,,,2026-09-16,112000,STOP_LOSS,0.0,-8.045977011494255,False,-8.045977011494255,A_SIGNAL_CLOSE,KOSPI,-8.045977011494255,0.9070496563711394
2026-08-25,080580,오킨스전자,19400.0,19400.0,True,FILLED,2026-08-25,19400.0,SIGNAL_CLOSE_ASSUMPTION,0,17848.0,24056.0,PARTIAL,2026-09-21,24056.0,,,,50.0,34.551546391752574,False,12.0,A_SIGNAL_CLOSE,KOSDAQ,34.551546391752574,8.617542162848334
2026-08-25,090430,아모레퍼시픽,143300.0,143300.0,True,FILLED,2026-08-25,143300.0,SIGNAL_CLOSE_ASSUMPTION,0,131836.0,177692.0,OPEN,,,,,,100.0,-3.3496161898115884,False,0,A_SIGNAL_CLOSE,KOSPI,-3.3496161898115884,0.9070496563711394
2026-08-25,122900,아이마켓코리아,8350.0,8350.0,True,FILLED,2026-08-25,8350.0,SIGNAL_CLOSE_ASSUMPTION,0,7682.0,10354.0,OPEN,,,,,,100.0,-1.4371257485029987,False,0,A_SIGNAL_CLOSE,KOSPI,-1.4371257485029987,0.9070496563711394
2026-08-25,123330,제닉,32200.0,32200.0,True,FILLED,2026-08-25,32200.0,SIGNAL_CLOSE_ASSUMPTION,0,29624.0,39928.0,CLOSED,,,2026-09-07,28350,STOP_LOSS,0.0,-11.956521739130432,False,-11.956521739130432,A_SIGNAL_CLOSE,KOSDAQ,-11.956521739130432,8.617542162848334
2026-08-25,161890,한국콜마,150000.0,150000.0,True,FILLED,2026-08-25,150000.0,SIGNAL_CLOSE_ASSUMPTION,0,138000.0,186000.0,CLOSED,,,2026-09-11,137200,STOP_LOSS_GAP,0.0,-8.533333333333337,False,-8.533333333333337,A_SIGNAL_CLOSE,KOSPI,-8.533333333333337,0.9070496563711394
2026-08-25,257720,실리콘투,51900.0,51900.0,True,FILLED,2026-08-25,51900.0,SIGNAL_CLOSE_ASSUMPTION,0,47748.0,64356.0,CLOSED,,,2026-09-07,47150,STOP_LOSS,0.0,-9.152215799614638,False,-9.152215799614638,A_SIGNAL_CLOSE,KOSDAQ,-9.152215799614638,8.617542162848334
2026-08-25,278470,에이피알,440500.0,440500.0,True,FILLED,2026-08-25,440500.0,SIGNAL_CLOSE_ASSUMPTION,0,405260.0,546220.0,CLOSED,,,2026-09-04,394000,STOP_LOSS,0.0,-10.556186152099889,False,-10.556186152099889,A_SIGNAL_CLOSE,KOSPI,-10.556186152099889,0.9070496563711394
2026-08-25,280360,롯데웰푸드,135200.0,135200.0,True,FILLED,2026-08-25,135200.0,SIGNAL_CLOSE_ASSUMPTION,0,124384.0,167648.0,CLOSED,,,2026-09-22,123900,STOP_LOSS,0.0,-8.357988165680474,False,-8.357988165680474,A_SIGNAL_CLOSE,KOSPI,-8.357988165680474,0.9070496563711394
2026-08-26,000815,삼성화재우,425000.0,425000.0,True,FILLED,2026-08-26,425000.0,SIGNAL_CLOSE_ASSUMPTION,0,391000.0,527000.0,CLOSED,,,2026-10-01,391000,STOP_LOSS,0.0,-7.9999999999999964,False,-7.9999999999999964,A_SIGNAL_CLOSE,KOSPI,-7.9999999999999964,-0.06330592035205251
2026-08-26,003230,삼양식품,1507000.0,1507000.0,True,FILLED,2026-08-26,1507000.0,SIGNAL_CLOSE_ASSUMPTION,0,1386440.0,1868680.0,CLOSED,,,2026-09-07,1330000,STOP_LOSS,0.0,-11.745189117451893,False,-11.745189117451893,A_SIGNAL_CLOSE,KOSPI,-11.745189117451893,-0.06330592035205251
2026-08-26,003300,한일홀딩스,18350.0,18350.0,True,FILLED,2026-08-26,18350.0,SIGNAL_CLOSE_ASSUMPTION,0,16882.0,22754.0,OPEN,,,,,,100.0,-6.975476839237061,False,0,A_SIGNAL_CLOSE,KOSPI,-6.975476839237061,-0.06330592035205251
2026-08-26,004490,세방전지,59800.0,59800.0,True,FILLED,2026-08-26,59800.0,SIGNAL_CLOSE_ASSUMPTION,0,55016.0,74152.0,OPEN,,,,,,100.0,4.849498327759205,False,0,A_SIGNAL_CLOSE,KOSPI,4.849498327759205,-0.06330592035205251
2026-08-26,006360,GS건설,37800.0,37800.0,True,FILLED,2026-08-26,37800.0,SIGNAL_CLOSE_ASSUMPTION,0,34776.0,46872.0,CLOSED,,,2026-09-01,33300,STOP_LOSS,0.0,-11.904761904761907,False,-11.904761904761907,A_SIGNAL_CLOSE,KOSPI,-11.904761904761907,-0.06330592035205251
2026-08-26,017940,E1,97700.0,97700.0,True,FILLED,2026-08-26,97700.0,SIGNAL_CLOSE_ASSUMPTION,0,89884.0,121148.0,CLOSED,,,2026-10-01,88300,STOP_LOSS,0.0,-9.621289662231325,False,-9.621289662231325,A_SIGNAL_CLOSE,KOSPI,-9.621289662231325,-0.06330592035205251
2026-08-27,006400,삼성SDI,569000.0,569000.0,True,FILLED,2026-08-27,569000.0,SIGNAL_CLOSE_ASSUMPTION,0,523480.0,705560.0,CLOSED,,,2026-09-23,521000,STOP_LOSS,0.0,-8.435852372583474,False,-8.435852372583474,A_SIGNAL_CLOSE,KOSPI,-8.435852372583474,-1.5692157682531516
2026-08-27,012750,에스원,85500.0,85500.0,True,FILLED,2026-08-27,85500.0,SIGNAL_CLOSE_ASSUMPTION,0,78660.0,106020.0,OPEN,,,,,,100.0,-1.9883040935672502,False,0,A_SIGNAL_CLOSE,KOSPI,-1.9883040935672502,-1.5692157682531516
2026-08-27,029460,케이씨,38650.0,38650.0,True,FILLED,2026-08-27,38650.0,SIGNAL_CLOSE_ASSUMPTION,0,35558.0,47926.0,OPEN,,,,,,100.0,22.25097024579561,False,0,A_SIGNAL_CLOSE,KOSPI,22.25097024579561,-1.5692157682531516
2026-08-27,183190,아세아시멘트,10550.0,10550.0,True,FILLED,2026-08-27,10550.0,SIGNAL_CLOSE_ASSUMPTION,0,9706.0,13082.0,OPEN,,,,,,100.0,-5.592417061611377,False,0,A_SIGNAL_CLOSE,KOSPI,-5.592417061611377,-1.5692157682531516
2026-08-27,222800,심텍,126900.0,126900.0,True,FILLED,2026-08-27,126900.0,SIGNAL_CLOSE_ASSUMPTION,0,116748.0,157356.0,PARTIAL,2026-10-01,157356.0,,,,50.0,29.139479905437348,False,12.0,A_SIGNAL_CLOSE,KOSDAQ,29.139479905437348,7.256013848265974
2026-08-28,035600,KG이니시스,10640.0,10640.0,True,FILLED,2026-08-28,10640.0,SIGNAL_CLOSE_ASSUMPTION,0,9788.800000000001,13193.599999999997,CLOSED,,,2026-09-30,9770,STOP_LOSS,0.0,-8.176691729323304,False,-8.176691729323304,A_SIGNAL_CLOSE,KOSDAQ,-8.176691729323304,7.158788659486404
2026-08-28,096530,씨젠,35650.0,35650.0,True,FILLED,2026-08-28,35650.0,SIGNAL_CLOSE_ASSUMPTION,0,32798.0,44206.0,CLOSED,,,2026-09-02,32100,STOP_LOSS,0.0,-9.957924263674611,False,-9.957924263674611,A_SIGNAL_CLOSE,KOSDAQ,-9.957924263674611,7.158788659486404
2026-08-28,204620,글로벌텍스프리,5960.0,5960.0,True,FILLED,2026-08-28,5960.0,SIGNAL_CLOSE_ASSUMPTION,0,5483.2,7390.400000000001,CLOSED,,,2026-09-03,5370,STOP_LOSS,0.0,-9.899328859060407,False,-9.899328859060407,A_SIGNAL_CLOSE,KOSDAQ,-9.899328859060407,7.158788659486404
2026-08-28,002790,아모레퍼시픽홀딩스,28000.0,28000.0,True,FILLED,2026-08-28,28000.0,SIGNAL_CLOSE_ASSUMPTION,0,25760.0,34720.0,CLOSED,,,2026-09-09,25500,STOP_LOSS,0.0,-8.92857142857143,False,-8.92857142857143,A_SIGNAL_CLOSE,KOSPI,-8.92857142857143,0.22124415220183824
2026-08-28,025000,KPX케미칼,55800.0,55800.0,True,FILLED,2026-08-28,55800.0,SIGNAL_CLOSE_ASSUMPTION,0,51336.0,69192.0,OPEN,,,,,,100.0,5.017921146953408,False,0,A_SIGNAL_CLOSE,KOSPI,5.017921146953408,0.22124415220183824
2026-08-28,044820,코스맥스비티아이,26800.0,26800.0,True,FILLED,2026-08-28,26800.0,SIGNAL_CLOSE_ASSUMPTION,0,24656.0,33232.0,CLOSED,,,2026-09-03,24600,STOP_LOSS_GAP,0.0,-8.208955223880599,False,-8.208955223880599,A_SIGNAL_CLOSE,KOSPI,-8.208955223880599,0.22124415220183824
2026-08-28,088350,한화생명,5950.0,5950.0,True,FILLED,2026-08-28,5950.0,SIGNAL_CLOSE_ASSUMPTION,0,5474.0,7378.0,CLOSED,,,2026-09-30,5330,STOP_LOSS,0.0,-10.420168067226887,False,-10.420168067226887,A_SIGNAL_CLOSE,KOSPI,-10.420168067226887,0.22124415220183824
2026-08-28,090430,아모레퍼시픽,150600.0,150600.0,True,FILLED,2026-08-28,150600.0,SIGNAL_CLOSE_ASSUMPTION,0,138552.0,186744.0,CLOSED,,,2026-09-09,138300,STOP_LOSS,0.0,-8.16733067729084,False,-8.16733067729084,A_SIGNAL_CLOSE,KOSPI,-8.16733067729084,0.22124415220183824
2026-08-28,104700,한국철강,10120.0,10120.0,True,FILLED,2026-08-28,10120.0,SIGNAL_CLOSE_ASSUMPTION,0,9310.4,12548.800000000001,CLOSED,,,2026-09-30,9310,STOP_LOSS,0.0,-8.00395256916996,False,-8.00395256916996,A_SIGNAL_CLOSE,KOSPI,-8.00395256916996,0.22124415220183824
2026-08-28,161890,한국콜마,161700.0,161700.0,True,FILLED,2026-08-28,161700.0,SIGNAL_CLOSE_ASSUMPTION,0,148764.0,200508.0,CLOSED,,,2026-09-04,145800,STOP_LOSS,0.0,-9.83302411873841,False,-9.83302411873841,A_SIGNAL_CLOSE,KOSPI,-9.83302411873841,0.22124415220183824
2026-08-28,192820,코스맥스,303000.0,303000.0,True,FILLED,2026-08-28,303000.0,SIGNAL_CLOSE_ASSUMPTION,0,278760.0,375720.0,CLOSED,,,2026-09-02,278500,STOP_LOSS_GAP,0.0,-8.085808580858089,False,-8.085808580858089,A_SIGNAL_CLOSE,KOSPI,-8.085808580858089,0.22124415220183824
2026-08-28,278470,에이피알,461500.0,461500.0,True,FILLED,2026-08-28,461500.0,SIGNAL_CLOSE_ASSUMPTION,0,424580.0,572260.0,CLOSED,,,2026-09-02,419000,STOP_LOSS,0.0,-9.209100758396538,False,-9.209100758396538,A_SIGNAL_CLOSE,KOSPI,-9.209100758396538,0.22124415220183824
2026-08-28,300720,한일시멘트,16950.0,16950.0,True,FILLED,2026-08-28,16950.0,SIGNAL_CLOSE_ASSUMPTION,0,15594.0,21018.0,OPEN,,,,,,100.0,-4.542772861356936,False,0,A_SIGNAL_CLOSE,KOSPI,-4.542772861356936,0.22124415220183824
2026-08-31,068930,디지털대성,8660.0,8660.0,True,FILLED,2026-08-31,8660.0,SIGNAL_CLOSE_ASSUMPTION,0,7967.200000000001,10738.399999999998,OPEN,,,,,,100.0,6.235565819861422,False,0,A_SIGNAL_CLOSE,KOSDAQ,6.235565819861422,7.687974205611958
2026-08-31,353810,이지바이오,6830.0,6830.0,True,FILLED,2026-08-31,6830.0,SIGNAL_CLOSE_ASSUMPTION,0,6283.6,8469.199999999999,CLOSED,,,2026-09-07,6160,STOP_LOSS,0.0,-9.809663250366029,False,-9.809663250366029,A_SIGNAL_CLOSE,KOSDAQ,-9.809663250366029,7.687974205611958
2026-08-31,014820,동원시스템즈,23200.0,23200.0,True,FILLED,2026-08-31,23200.0,SIGNAL_CLOSE_ASSUMPTION,0,21344.0,28768.0,CLOSED,,,2026-09-09,21250,STOP_LOSS_GAP,0.0,-8.405172413793105,False,-8.405172413793105,A_SIGNAL_CLOSE,KOSPI,-8.405172413793105,-0.2363629432171832
2026-08-31,086790,하나금융지주,136300.0,136300.0,True,FILLED,2026-08-31,136300.0,SIGNAL_CLOSE_ASSUMPTION,0,125396.0,169012.0,OPEN,,,,,,100.0,-5.4292002934702825,False,0,A_SIGNAL_CLOSE,KOSPI,-5.4292002934702825,-0.2363629432171832
2026-08-31,123890,한국자산신탁,2640.0,2640.0,True,FILLED,2026-08-31,2640.0,SIGNAL_CLOSE_ASSUMPTION,0,2428.8,3273.5999999999995,CLOSED,,,2026-09-23,2425,STOP_LOSS,0.0,-8.143939393939393,False,-8.143939393939393,A_SIGNAL_CLOSE,KOSPI,-8.143939393939393,-0.2363629432171832
2026-08-31,373220,LG에너지솔루션,378000.0,378000.0,True,FILLED,2026-08-31,378000.0,SIGNAL_CLOSE_ASSUMPTION,0,347760.0,468720.0,CLOSED,,,2026-09-02,347500,STOP_LOSS,0.0,-8.06878306878307,False,-8.06878306878307,A_SIGNAL_CLOSE,KOSPI,-8.06878306878307,-0.2363629432171832
2026-09-01,001060,JW중외제약,29000.0,29000.0,True,FILLED,2026-09-01,29000.0,SIGNAL_CLOSE_ASSUMPTION,0,26680.0,35960.0,CLOSED,,,2026-09-11,26400,STOP_LOSS_GAP,0.0,-8.965517241379306,False,-8.965517241379306,A_SIGNAL_CLOSE,KOSPI,-8.965517241379306,-0.46666081512040103
2026-09-01,089860,롯데렌탈,51400.0,51400.0,True,FILLED,2026-09-01,51400.0,SIGNAL_CLOSE_ASSUMPTION,0,47288.0,63736.0,OPEN,,,,,,100.0,-0.1945525291828787,False,0,A_SIGNAL_CLOSE,KOSPI,-0.1945525291828787,-0.46666081512040103
2026-09-01,126560,현대퓨처넷,3425.0,3425.0,True,FILLED,2026-09-01,3425.0,SIGNAL_CLOSE_ASSUMPTION,0,3151.0,4247.0,OPEN,,,,,,100.0,-1.4598540145985384,False,0,A_SIGNAL_CLOSE,KOSPI,-1.4598540145985384,-0.46666081512040103
2026-09-02,159010,아스플로,24100.0,24100.0,True,FILLED,2026-09-02,24100.0,SIGNAL_CLOSE_ASSUMPTION,0,22172.0,29884.0,CLOSED,,,2026-09-15,22000,STOP_LOSS_GAP,0.0,-8.713692946058094,False,-8.713692946058094,A_SIGNAL_CLOSE,KOSDAQ,-8.713692946058094,11.747804671758
2026-09-02,377450,리파인,16800.0,16800.0,True,FILLED,2026-09-02,16800.0,SIGNAL_CLOSE_ASSUMPTION,0,15456.0,20832.0,CLOSED,,,2026-09-15,14250,STOP_LOSS,0.0,-15.17857142857143,False,-15.17857142857143,A_SIGNAL_CLOSE,KOSDAQ,-15.17857142857143,11.747804671758
2026-09-02,180640,한진칼,139100.0,139100.0,True,FILLED,2026-09-02,139100.0,SIGNAL_CLOSE_ASSUMPTION,0,127972.0,172484.0,OPEN,,,,,,100.0,-3.738317757009346,False,0,A_SIGNAL_CLOSE,KOSPI,-3.738317757009346,3.675000609503365
2026-09-03,008930,한미사이언스,51500.0,51500.0,True,FILLED,2026-09-03,51500.0,SIGNAL_CLOSE_ASSUMPTION,0,47380.0,63860.0,OPEN,,,,,,100.0,12.815533980582527,False,0,A_SIGNAL_CLOSE,KOSPI,12.815533980582527,3.4109078529002357
2026-09-03,088350,한화생명,6110.0,6110.0,True,FILLED,2026-09-03,6110.0,SIGNAL_CLOSE_ASSUMPTION,0,5621.2,7576.400000000001,CLOSED,,,2026-09-30,5330,STOP_LOSS,0.0,-12.765957446808507,False,-12.765957446808507,A_SIGNAL_CLOSE,KOSPI,-12.765957446808507,3.4109078529002357
2026-09-03,145990,삼양사,47400.0,47400.0,True,FILLED,2026-09-03,47400.0,SIGNAL_CLOSE_ASSUMPTION,0,43608.0,58776.0,OPEN,,,,,,100.0,-2.742616033755274,False,0,A_SIGNAL_CLOSE,KOSPI,-2.742616033755274,3.4109078529002357
2026-09-03,306200,세아제강,147500.0,147500.0,True,FILLED,2026-09-03,147500.0,SIGNAL_CLOSE_ASSUMPTION,0,135700.0,182900.0,OPEN,,,,,,100.0,0.6779661016949046,False,0,A_SIGNAL_CLOSE,KOSPI,0.6779661016949046,3.4109078529002357
2026-09-04,031980,피에스케이홀딩스,144000.0,144000.0,True,FILLED,2026-09-04,144000.0,SIGNAL_CLOSE_ASSUMPTION,0,132480.0,178560.0,PARTIAL,2026-09-29,178560.0,,,,50.0,32.833333333333336,False,12.0,A_SIGNAL_CLOSE,KOSDAQ,32.833333333333336,10.440073755377988
2026-09-04,049430,코메론,22450.0,22450.0,True,FILLED,2026-09-04,22450.0,SIGNAL_CLOSE_ASSUMPTION,0,20654.0,27838.0,OPEN,,,,,,100.0,-2.4498886414253906,False,0,A_SIGNAL_CLOSE,KOSDAQ,-2.4498886414253906,10.440073755377988
2026-09-04,064290,인텍플러스,40150.0,40150.0,True,FILLED,2026-09-04,40150.0,SIGNAL_CLOSE_ASSUMPTION,0,36938.0,49786.0,PARTIAL,2026-09-11,49786.0,,,,50.0,34.85180572851806,False,12.0,A_SIGNAL_CLOSE,KOSDAQ,34.85180572851806,10.440073755377988
2026-09-04,377450,리파인,16960.0,16960.0,True,FILLED,2026-09-04,16960.0,SIGNAL_CLOSE_ASSUMPTION,0,15603.2,21030.399999999998,CLOSED,,,2026-09-15,14250,STOP_LOSS,0.0,-15.978773584905658,False,-15.978773584905658,A_SIGNAL_CLOSE,KOSDAQ,-15.978773584905658,10.440073755377988
2026-09-04,002310,아세아제지,8840.0,8840.0,True,FILLED,2026-09-04,8840.0,SIGNAL_CLOSE_ASSUMPTION,0,8132.8,10961.599999999999,CLOSED,,,2026-09-29,7960,STOP_LOSS,0.0,-9.954751131221718,False,-9.954751131221718,A_SIGNAL_CLOSE,KOSPI,-9.954751131221718,1.7449728661130592
2026-09-04,004690,삼천리,136700.0,136700.0,True,FILLED,2026-09-04,136700.0,SIGNAL_CLOSE_ASSUMPTION,0,125764.0,169508.0,OPEN,,,,,,100.0,-6.144842721287491,False,0,A_SIGNAL_CLOSE,KOSPI,-6.144842721287491,1.7449728661130592
2026-09-04,180640,한진칼,146000.0,146000.0,True,FILLED,2026-09-04,146000.0,SIGNAL_CLOSE_ASSUMPTION,0,134320.0,181040.0,CLOSED,,,2026-09-11,131700,STOP_LOSS_GAP,0.0,-9.794520547945208,False,-9.794520547945208,A_SIGNAL_CLOSE,KOSPI,-9.794520547945208,1.7449728661130592
2026-09-04,272450,진에어,6140.0,6140.0,True,FILLED,2026-09-04,6140.0,SIGNAL_CLOSE_ASSUMPTION,0,5648.8,7613.599999999999,OPEN,,,,,,100.0,-5.048859934853422,False,0,A_SIGNAL_CLOSE,KOSPI,-5.048859934853422,1.7449728661130592
2026-09-07,064760,티씨케이,268500.0,268500.0,True,FILLED,2026-09-07,268500.0,SIGNAL_CLOSE_ASSUMPTION,0,247020.0,332940.0,OPEN,,,,,,100.0,6.145251396648055,False,0,A_SIGNAL_CLOSE,KOSDAQ,6.145251396648055,9.272795825782353
2026-09-07,131290,티에스이,261500.0,261500.0,True,FILLED,2026-09-07,261500.0,SIGNAL_CLOSE_ASSUMPTION,0,240580.0,324260.0,CLOSED,,,2026-09-14,236000,STOP_LOSS,0.0,-9.751434034416828,False,-9.751434034416828,A_SIGNAL_CLOSE,KOSDAQ,-9.751434034416828,9.272795825782353
2026-09-08,241770,메카로,42350.0,42350.0,True,FILLED,2026-09-08,42350.0,SIGNAL_CLOSE_ASSUMPTION,0,38962.0,52514.0,CLOSED,,,2026-09-15,38750,STOP_LOSS,0.0,-8.500590318772138,False,-8.500590318772138,A_SIGNAL_CLOSE,KOSDAQ,-8.500590318772138,10.66044242991575
2026-09-09,00088K,한화3우B,43600.0,43600.0,True,FILLED,2026-09-09,43600.0,SIGNAL_CLOSE_ASSUMPTION,0,40112.0,54064.0,CLOSED,,,2026-09-21,39600,STOP_LOSS,0.0,-9.174311926605505,False,-9.174311926605505,A_SIGNAL_CLOSE,KOSPI,-9.174311926605505,-3.5132252922724483
2026-09-09,012630,HDC,24700.0,24700.0,True,FILLED,2026-09-09,24700.0,SIGNAL_CLOSE_ASSUMPTION,0,22724.0,30628.0,CLOSED,,,2026-10-07,22600,STOP_LOSS,0.0,-8.502024291497978,False,-8.502024291497978,A_SIGNAL_CLOSE,KOSPI,-8.502024291497978,-3.5132252922724483
2026-09-09,020120,키다리스튜디오,7960.0,7960.0,True,FILLED,2026-09-09,7960.0,SIGNAL_CLOSE_ASSUMPTION,0,7323.200000000001,9870.399999999998,CLOSED,,,2026-10-06,7140,STOP_LOSS,0.0,-10.301507537688437,False,-10.301507537688437,A_SIGNAL_CLOSE,KOSPI,-10.301507537688437,-3.5132252922724483
2026-09-09,096770,SK이노베이션,153500.0,153500.0,True,FILLED,2026-09-09,153500.0,SIGNAL_CLOSE_ASSUMPTION,0,141220.0,190340.0,CLOSED,,,2026-09-14,136700,STOP_LOSS,0.0,-10.94462540716612,False,-10.94462540716612,A_SIGNAL_CLOSE,KOSPI,-10.94462540716612,-3.5132252922724483
2026-09-10,078340,컴투스,34850.0,34850.0,True,FILLED,2026-09-10,34850.0,SIGNAL_CLOSE_ASSUMPTION,0,32062.0,43214.0,OPEN,,,,,,100.0,5.882352941176472,False,0,A_SIGNAL_CLOSE,KOSDAQ,5.882352941176472,7.349567461645079
2026-09-10,425420,티에프이,58900.0,58900.0,True,FILLED,2026-09-10,58900.0,SIGNAL_CLOSE_ASSUMPTION,0,54188.0,73036.0,CLOSED,,,2026-09-14,53300,STOP_LOSS_GAP,0.0,-9.507640067911716,False,-9.507640067911716,A_SIGNAL_CLOSE,KOSDAQ,-9.507640067911716,7.349567461645079
2026-09-10,004690,삼천리,138000.0,138000.0,True,FILLED,2026-09-10,138000.0,SIGNAL_CLOSE_ASSUMPTION,0,126960.0,171120.0,OPEN,,,,,,100.0,-7.028985507246377,False,0,A_SIGNAL_CLOSE,KOSPI,-7.028985507246377,-3.2701537691642857
2026-09-10,018670,SK가스,252000.0,252000.0,True,FILLED,2026-09-10,252000.0,SIGNAL_CLOSE_ASSUMPTION,0,231840.0,312480.0,OPEN,,,,,,100.0,7.341269841269837,False,0,A_SIGNAL_CLOSE,KOSPI,7.341269841269837,-3.2701537691642857
2026-09-11,005090,SGC에너지,61200.0,61200.0,True,FILLED,2026-09-11,61200.0,SIGNAL_CLOSE_ASSUMPTION,0,56304.0,75888.0,CLOSED,,,2026-09-15,55300,STOP_LOSS,0.0,-9.640522875816993,False,-9.640522875816993,A_SIGNAL_CLOSE,KOSPI,-9.640522875816993,-1.5341733828660553
2026-09-11,030210,다올투자증권,4050.0,4050.0,True,FILLED,2026-09-11,4050.0,SIGNAL_CLOSE_ASSUMPTION,0,3726.0,5022.0,OPEN,,,,,,100.0,-2.0987654320987703,False,0,A_SIGNAL_CLOSE,KOSPI,-2.0987654320987703,-1.5341733828660553
2026-09-11,294870,IPARK현대산업개발,24850.0,24850.0,True,FILLED,2026-09-11,24850.0,SIGNAL_CLOSE_ASSUMPTION,0,22862.0,30814.0,CLOSED,,,2026-10-01,22650,STOP_LOSS,0.0,-8.853118712273645,False,-8.853118712273645,A_SIGNAL_CLOSE,KOSPI,-8.853118712273645,-1.5341733828660553
2026-09-14,068930,디지털대성,8850.0,8850.0,True,FILLED,2026-09-14,8850.0,SIGNAL_CLOSE_ASSUMPTION,0,8142.0,10974.0,OPEN,,,,,,100.0,3.9548022598870025,False,0,A_SIGNAL_CLOSE,KOSDAQ,3.9548022598870025,11.358593933985306
2026-09-14,377450,리파인,17160.0,17160.0,True,FILLED,2026-09-14,17160.0,SIGNAL_CLOSE_ASSUMPTION,0,15787.2,21278.399999999998,CLOSED,,,2026-09-15,14250,STOP_LOSS,0.0,-16.95804195804196,False,-16.95804195804196,A_SIGNAL_CLOSE,KOSDAQ,-16.95804195804196,11.358593933985306
2026-09-14,094800,맵스리얼티,7420.0,7420.0,True,FILLED,2026-09-14,7420.0,SIGNAL_CLOSE_ASSUMPTION,0,6826.400000000001,9200.8,OPEN,,,,,,100.0,1.0781671159029615,False,0,A_SIGNAL_CLOSE,KOSPI,1.0781671159029615,1.7882014310997008
2026-09-15,028100,동아지질,18690.0,18690.0,True,FILLED,2026-09-15,18690.0,SIGNAL_CLOSE_ASSUMPTION,0,17194.8,23175.600000000002,OPEN,,,,,,100.0,5.7784911717496,False,0,A_SIGNAL_CLOSE,KOSPI,5.7784911717496,2.6653549128900833
2026-09-15,453340,현대그린푸드,19400.0,19400.0,True,FILLED,2026-09-15,19400.0,SIGNAL_CLOSE_ASSUMPTION,0,17848.0,24056.0,OPEN,,,,,,100.0,-2.1134020618556737,False,0,A_SIGNAL_CLOSE,KOSPI,-2.1134020618556737,2.6653549128900833
2026-09-16,219130,타이거일렉,74800.0,74800.0,True,FILLED,2026-09-16,74800.0,SIGNAL_CLOSE_ASSUMPTION,0,68816.0,92752.0,PARTIAL,2026-09-30,92752.0,,,,50.0,27.508021390374328,False,12.0,A_SIGNAL_CLOSE,KOSDAQ,27.508021390374328,10.104414323880473
2026-09-16,001120,LX인터내셔널,41650.0,41650.0,True,FILLED,2026-09-16,41650.0,SIGNAL_CLOSE_ASSUMPTION,0,38318.0,51646.0,OPEN,,,,,,100.0,5.522208883553414,False,0,A_SIGNAL_CLOSE,KOSPI,5.522208883553414,1.2791066348911917
2026-09-18,045100,한양이엔지,32100.0,32100.0,True,FILLED,2026-09-18,32100.0,SIGNAL_CLOSE_ASSUMPTION,0,29532.0,39804.0,OPEN,,,,,,100.0,4.672897196261672,False,0,A_SIGNAL_CLOSE,KOSDAQ,4.672897196261672,8.621481768062678
2026-09-18,013580,계룡건설,23500.0,23500.0,True,FILLED,2026-09-18,23500.0,SIGNAL_CLOSE_ASSUMPTION,0,21620.0,29140.0,CLOSED,,,2026-10-01,21450,STOP_LOSS,0.0,-8.723404255319146,False,-8.723404255319146,A_SIGNAL_CLOSE,KOSPI,-8.723404255319146,-1.3102260876123983
2026-09-21,098120,마이크로컨텍솔,57600.0,57600.0,True,FILLED,2026-09-21,57600.0,SIGNAL_CLOSE_ASSUMPTION,0,52992.0,71424.0,OPEN,,,,,,100.0,5.034722222222232,False,0,A_SIGNAL_CLOSE,KOSDAQ,5.034722222222232,7.433006086550997
2026-09-21,252990,샘씨엔에스,18090.0,18090.0,True,FILLED,2026-09-21,18090.0,SIGNAL_CLOSE_ASSUMPTION,0,16642.8,22431.600000000002,OPEN,,,,,,100.0,5.306799336650081,False,0,A_SIGNAL_CLOSE,KOSDAQ,5.306799336650081,7.433006086550997
2026-09-21,000430,대원강업,5040.0,5040.0,True,FILLED,2026-09-21,5040.0,SIGNAL_CLOSE_ASSUMPTION,0,4636.8,6249.599999999999,CLOSED,,,2026-09-29,4580,STOP_LOSS,0.0,-9.126984126984128,False,-9.126984126984128,A_SIGNAL_CLOSE,KOSPI,-9.126984126984128,-2.90850661841513
2026-09-21,003160,디아이,35400.0,35400.0,True,FILLED,2026-09-21,35400.0,SIGNAL_CLOSE_ASSUMPTION,0,32568.0,43896.0,PARTIAL,2026-10-02,43896.0,,,,50.0,20.6864406779661,False,12.0,A_SIGNAL_CLOSE,KOSPI,20.6864406779661,-2.90850661841513
2026-09-21,029460,케이씨,44600.0,44600.0,True,FILLED,2026-09-21,44600.0,SIGNAL_CLOSE_ASSUMPTION,0,41032.0,55304.0,OPEN,,,,,,100.0,5.94170403587444,False,0,A_SIGNAL_CLOSE,KOSPI,5.94170403587444,-2.90850661841513
2026-09-22,059090,미코,22600.0,22600.0,True,FILLED,2026-09-22,22600.0,SIGNAL_CLOSE_ASSUMPTION,0,20792.0,28024.0,OPEN,,,,,,100.0,1.106194690265494,False,0,A_SIGNAL_CLOSE,KOSDAQ,1.106194690265494,7.676358493731872
2026-09-22,095340,ISC,208000.0,208000.0,True,FILLED,2026-09-22,208000.0,SIGNAL_CLOSE_ASSUMPTION,0,191360.0,257920.0,OPEN,,,,,,100.0,-2.644230769230771,False,0,A_SIGNAL_CLOSE,KOSDAQ,-2.644230769230771,7.676358493731872
2026-09-22,222800,심텍,148100.0,148100.0,True,FILLED,2026-09-22,148100.0,SIGNAL_CLOSE_ASSUMPTION,0,136252.0,183644.0,OPEN,,,,,,100.0,15.057393652937211,False,0,A_SIGNAL_CLOSE,KOSDAQ,15.057393652937211,7.676358493731872
2026-09-22,425420,티에프이,64400.0,64400.0,True,FILLED,2026-09-22,64400.0,SIGNAL_CLOSE_ASSUMPTION,0,59248.0,79856.0,OPEN,,,,,,100.0,0.6211180124223503,False,0,A_SIGNAL_CLOSE,KOSDAQ,0.6211180124223503,7.676358493731872
2026-09-22,003490,대한항공,31400.0,31400.0,True,FILLED,2026-09-22,31400.0,SIGNAL_CLOSE_ASSUMPTION,0,28888.0,38936.0,OPEN,,,,,,100.0,-1.7515923566879033,False,0,A_SIGNAL_CLOSE,KOSPI,-1.7515923566879033,-3.0494833932039667
2026-09-22,020560,아시아나항공,8370.0,8370.0,True,FILLED,2026-09-22,8370.0,SIGNAL_CLOSE_ASSUMPTION,0,7700.400000000001,10378.8,OPEN,,,,,,100.0,-1.5531660692950977,False,0,A_SIGNAL_CLOSE,KOSPI,-1.5531660692950977,-3.0494833932039667
2026-09-23,017890,한국알콜,15390.0,15390.0,True,FILLED,2026-09-23,15390.0,SIGNAL_CLOSE_ASSUMPTION,0,14158.800000000001,19083.6,OPEN,,,,,,100.0,4.483430799220267,False,0,A_SIGNAL_CLOSE,KOSDAQ,4.483430799220267,6.388546798029537
2026-09-23,084370,유진테크,163600.0,163600.0,True,FILLED,2026-09-23,163600.0,SIGNAL_CLOSE_ASSUMPTION,0,150512.0,202864.0,OPEN,,,,,,100.0,3.3007334963325086,False,0,A_SIGNAL_CLOSE,KOSDAQ,3.3007334963325086,6.388546798029537
2026-09-23,114810,한솔아이원스,14770.0,14770.0,True,FILLED,2026-09-23,14770.0,SIGNAL_CLOSE_ASSUMPTION,0,13588.400000000001,18314.799999999996,OPEN,,,,,,100.0,-0.9478672985781977,False,0,A_SIGNAL_CLOSE,KOSDAQ,-0.9478672985781977,6.388546798029537
2026-09-23,417840,저스템,17080.0,17080.0,True,FILLED,2026-09-23,17080.0,SIGNAL_CLOSE_ASSUMPTION,0,15713.6,21179.199999999997,OPEN,,,,,,100.0,10.070257611241207,False,0,A_SIGNAL_CLOSE,KOSDAQ,10.070257611241207,6.388546798029537
2026-09-23,446540,메가터치,10900.0,10900.0,True,FILLED,2026-09-23,10900.0,SIGNAL_CLOSE_ASSUMPTION,0,10028.0,13516.0,OPEN,,,,,,100.0,0.8256880733944927,False,0,A_SIGNAL_CLOSE,KOSDAQ,0.8256880733944927,6.388546798029537
2026-09-23,006120,SK디스커버리,60300.0,60300.0,True,FILLED,2026-09-23,60300.0,SIGNAL_CLOSE_ASSUMPTION,0,55476.0,74772.0,OPEN,,,,,,100.0,19.237147595356554,False,0,A_SIGNAL_CLOSE,KOSPI,19.237147595356554,-3.91220349898036
2026-09-23,010955,S-Oil우,84000.0,84000.0,True,FILLED,2026-09-23,84000.0,SIGNAL_CLOSE_ASSUMPTION,0,77280.0,104160.0,OPEN,,,,,,100.0,7.499999999999996,False,0,A_SIGNAL_CLOSE,KOSPI,7.499999999999996,-3.91220349898036
2026-09-28,009240,한샘,40750.0,40750.0,True,FILLED,2026-09-28,40750.0,SIGNAL_CLOSE_ASSUMPTION,0,37490.0,50530.0,OPEN,,,,,,100.0,-0.6134969325153339,False,0,A_SIGNAL_CLOSE,KOSPI,-0.6134969325153339,-1.245910585885679
2026-09-28,025000,KPX케미칼,57700.0,57700.0,True,FILLED,2026-09-28,57700.0,SIGNAL_CLOSE_ASSUMPTION,0,53084.0,71548.0,OPEN,,,,,,100.0,1.559792027729645,False,0,A_SIGNAL_CLOSE,KOSPI,1.559792027729645,-1.245910585885679
2026-09-28,284740,쿠쿠홈시스,24300.0,24300.0,True,FILLED,2026-09-28,24300.0,SIGNAL_CLOSE_ASSUMPTION,0,22356.0,30132.0,OPEN,,,,,,100.0,2.4691358024691468,False,0,A_SIGNAL_CLOSE,KOSPI,2.4691358024691468,-1.245910585885679
2026-09-29,031980,피에스케이홀딩스,180800.0,180800.0,True,FILLED,2026-09-29,180800.0,SIGNAL_CLOSE_ASSUMPTION,0,166336.0,224192.0,OPEN,,,,,,100.0,12.831858407079654,False,0,A_SIGNAL_CLOSE,KOSDAQ,12.831858407079654,5.72252294657567
2026-09-29,064760,티씨케이,300000.0,300000.0,True,FILLED,2026-09-29,300000.0,SIGNAL_CLOSE_ASSUMPTION,0,276000.0,372000.0,OPEN,,,,,,100.0,-5.000000000000004,False,0,A_SIGNAL_CLOSE,KOSDAQ,-5.000000000000004,5.72252294657567
2026-09-29,101160,월덱스,32250.0,32250.0,True,FILLED,2026-09-29,32250.0,SIGNAL_CLOSE_ASSUMPTION,0,29670.0,39990.0,OPEN,,,,,,100.0,-0.15503875968991832,False,0,A_SIGNAL_CLOSE,KOSDAQ,-0.15503875968991832,5.72252294657567
2026-09-29,219130,타이거일렉,91000.0,91000.0,True,FILLED,2026-09-29,91000.0,SIGNAL_CLOSE_ASSUMPTION,0,83720.0,112840.0,OPEN,,,,,,100.0,7.692307692307687,False,0,A_SIGNAL_CLOSE,KOSDAQ,7.692307692307687,5.72252294657567
2026-09-29,252990,샘씨엔에스,19950.0,19950.0,True,FILLED,2026-09-29,19950.0,SIGNAL_CLOSE_ASSUMPTION,0,18354.0,24738.0,OPEN,,,,,,100.0,-4.511278195488721,False,0,A_SIGNAL_CLOSE,KOSDAQ,-4.511278195488721,5.72252294657567
2026-09-29,029460,케이씨,46250.0,46250.0,True,FILLED,2026-09-29,46250.0,SIGNAL_CLOSE_ASSUMPTION,0,42550.0,57350.0,OPEN,,,,,,100.0,2.1621621621621623,False,0,A_SIGNAL_CLOSE,KOSPI,2.1621621621621623,-0.9738298686763347
2026-09-30,036930,주성엔지니어링,232500.0,232500.0,True,FILLED,2026-09-30,232500.0,SIGNAL_CLOSE_ASSUMPTION,0,213900.0,288300.0,OPEN,,,,,,100.0,6.451612903225801,False,0,A_SIGNAL_CLOSE,KOSDAQ,6.451612903225801,4.967812036312225
2026-09-30,059090,미코,23200.0,23200.0,True,FILLED,2026-09-30,23200.0,SIGNAL_CLOSE_ASSUMPTION,0,21344.0,28768.0,OPEN,,,,,,100.0,-1.5086206896551713,False,0,A_SIGNAL_CLOSE,KOSDAQ,-1.5086206896551713,4.967812036312225
2026-09-30,078350,한양디지텍,31950.0,31950.0,True,FILLED,2026-09-30,31950.0,SIGNAL_CLOSE_ASSUMPTION,0,29394.0,39618.0,OPEN,,,,,,100.0,13.928012519561817,False,0,A_SIGNAL_CLOSE,KOSDAQ,13.928012519561817,4.967812036312225
2026-09-30,122640,예스티,33600.0,33600.0,True,FILLED,2026-09-30,33600.0,SIGNAL_CLOSE_ASSUMPTION,0,30912.0,41664.0,OPEN,,,,,,100.0,-5.35714285714286,False,0,A_SIGNAL_CLOSE,KOSDAQ,-5.35714285714286,4.967812036312225
2026-09-30,001120,LX인터내셔널,43300.0,43300.0,True,FILLED,2026-09-30,43300.0,SIGNAL_CLOSE_ASSUMPTION,0,39836.0,53692.0,OPEN,,,,,,100.0,1.501154734411081,False,0,A_SIGNAL_CLOSE,KOSPI,1.501154734411081,-0.4992658715070486
2026-09-30,020000,한섬,21000.0,21000.0,True,FILLED,2026-09-30,21000.0,SIGNAL_CLOSE_ASSUMPTION,0,19320.0,26040.0,OPEN,,,,,,100.0,3.3333333333333437,False,0,A_SIGNAL_CLOSE,KOSPI,3.3333333333333437,-0.4992658715070486
2026-09-30,306200,세아제강,153200.0,153200.0,True,FILLED,2026-09-30,153200.0,SIGNAL_CLOSE_ASSUMPTION,0,140944.0,189968.0,OPEN,,,,,,100.0,-3.067885117493474,False,0,A_SIGNAL_CLOSE,KOSPI,-3.067885117493474,-0.4992658715070486
2026-10-02,005160,동국산업,3970.0,3970.0,True,FILLED,2026-10-02,3970.0,SIGNAL_CLOSE_ASSUMPTION,0,3652.4,4922.799999999999,OPEN,,,,,,100.0,-3.0226700251889116,False,0,A_SIGNAL_CLOSE,KOSDAQ,-3.0226700251889116,0.5754010455730985
2026-10-02,036710,심텍홀딩스,4960.0,4960.0,True,FILLED,2026-10-02,4960.0,SIGNAL_CLOSE_ASSUMPTION,0,4563.2,6150.400000000001,OPEN,,,,,,100.0,2.4193548387096753,False,0,A_SIGNAL_CLOSE,KOSDAQ,2.4193548387096753,0.5754010455730985
2026-10-02,064290,인텍플러스,59100.0,59100.0,True,FILLED,2026-10-02,59100.0,SIGNAL_CLOSE_ASSUMPTION,0,54372.0,73284.0,OPEN,,,,,,100.0,-1.0152284263959421,False,0,A_SIGNAL_CLOSE,KOSDAQ,-1.0152284263959421,0.5754010455730985
2026-10-06,031980,피에스케이홀딩스,197000.0,197000.0,True,FILLED,2026-10-06,197000.0,SIGNAL_CLOSE_ASSUMPTION,0,181240.0,244280.0,OPEN,,,,,,100.0,3.5532994923857864,False,0,A_SIGNAL_CLOSE,KOSDAQ,3.5532994923857864,-2.33607270197409
2026-10-06,091580,상신이디피,24850.0,24850.0,True,FILLED,2026-10-06,24850.0,SIGNAL_CLOSE_ASSUMPTION,0,22862.0,30814.0,OPEN,,,,,,100.0,-1.2072434607645843,False,0,A_SIGNAL_CLOSE,KOSDAQ,-1.2072434607645843,-2.33607270197409
2026-10-06,236200,슈프리마,60400.0,60400.0,True,FILLED,2026-10-06,60400.0,SIGNAL_CLOSE_ASSUMPTION,0,55568.0,74896.0,CLOSED,,,2026-10-07,54800,STOP_LOSS,0.0,-9.27152317880795,False,-9.27152317880795,A_SIGNAL_CLOSE,KOSDAQ,-9.27152317880795,-2.33607270197409
2026-10-06,006400,삼성SDI,575000.0,575000.0,True,FILLED,2026-10-06,575000.0,SIGNAL_CLOSE_ASSUMPTION,0,529000.0,713000.0,OPEN,,,,,,100.0,-2.260869565217394,False,0,A_SIGNAL_CLOSE,KOSPI,-2.260869565217394,-1.980727203053001
2026-10-06,007660,이수페타시스,131900.0,131900.0,True,FILLED,2026-10-06,131900.0,SIGNAL_CLOSE_ASSUMPTION,0,121348.0,163556.0,OPEN,,,,,,100.0,-7.505686125852917,False,0,A_SIGNAL_CLOSE,KOSPI,-7.505686125852917,-1.980727203053001
2026-10-06,192820,코스맥스,298000.0,298000.0,True,FILLED,2026-10-06,298000.0,SIGNAL_CLOSE_ASSUMPTION,0,274160.0,369520.0,OPEN,,,,,,100.0,3.523489932885915,False,0,A_SIGNAL_CLOSE,KOSPI,3.523489932885915,-1.980727203053001
2026-10-06,226320,잇츠한불,11260.0,11260.0,True,FILLED,2026-10-06,11260.0,SIGNAL_CLOSE_ASSUMPTION,0,10359.2,13962.399999999998,OPEN,,,,,,100.0,4.440497335701599,False,0,A_SIGNAL_CLOSE,KOSPI,4.440497335701599,-1.980727203053001
2026-10-06,373220,LG에너지솔루션,390000.0,390000.0,True,FILLED,2026-10-06,390000.0,SIGNAL_CLOSE_ASSUMPTION,0,358800.0,483600.0,OPEN,,,,,,100.0,0.2564102564102555,False,0,A_SIGNAL_CLOSE,KOSPI,0.2564102564102555,-1.980727203053001
2026-10-07,041960,코미팜,11000.0,11000.0,True,FILLED,2026-10-07,11000.0,SIGNAL_CLOSE_ASSUMPTION,0,10120.0,13640.0,OPEN,,,,,,100.0,0.0,False,0,A_SIGNAL_CLOSE,KOSDAQ,0.0,0.0
2026-10-07,131290,티에스이,316000.0,316000.0,True,FILLED,2026-10-07,316000.0,SIGNAL_CLOSE_ASSUMPTION,0,290720.0,391840.0,OPEN,,,,,,100.0,0.0,False,0,A_SIGNAL_CLOSE,KOSDAQ,0.0,0.0
2026-10-07,219130,타이거일렉,98000.0,98000.0,True,FILLED,2026-10-07,98000.0,SIGNAL_CLOSE_ASSUMPTION,0,90160.0,121520.0,OPEN,,,,,,100.0,0.0,False,0,A_SIGNAL_CLOSE,KOSDAQ,0.0,0.0
2026-10-07,002320,한진,16860.0,16860.0,True,FILLED,2026-10-07,16860.0,SIGNAL_CLOSE_ASSUMPTION,0,15511.2,20906.399999999998,OPEN,,,,,,100.0,0.0,False,0,A_SIGNAL_CLOSE,KOSPI,0.0,0.0
2026-10-07,002960,한국쉘석유,541000.0,541000.0,True,FILLED,2026-10-07,541000.0,SIGNAL_CLOSE_ASSUMPTION,0,497720.0,670840.0,OPEN,,,,,,100.0,0.0,False,0,A_SIGNAL_CLOSE,KOSPI,0.0,0.0
2026-10-07,008930,한미사이언스,58100.0,58100.0,True,FILLED,2026-10-07,58100.0,SIGNAL_CLOSE_ASSUMPTION,0,53452.0,72044.0,OPEN,,,,,,100.0,0.0,False,0,A_SIGNAL_CLOSE,KOSPI,0.0,0.0
2026-10-07,078520,에이블씨엔씨,11880.0,11880.0,True,FILLED,2026-10-07,11880.0,SIGNAL_CLOSE_ASSUMPTION,0,10929.6,14731.199999999999,OPEN,,,,,,100.0,0.0,False,0,A_SIGNAL_CLOSE,KOSPI,0.0,0.0
2026-10-07,383220,F&F,74100.0,74100.0,True,FILLED,2026-10-07,74100.0,SIGNAL_CLOSE_ASSUMPTION,0,68172.0,91884.0,OPEN,,,,,,100.0,0.0,False,0,A_SIGNAL_CLOSE,KOSPI,0.0,0.0
2026-08-24,002840,미원상사,131800.0,129164.0,True,FILLED,2026-09-02,129164.0,INTRADAY_LIMIT,7,121256.0,163432.0,OPEN,,,,,,100.0,8.157071629865897,False,0,B_DIP2_KEEP_GTC,KOSPI,5.993930197268593,1.5968439411314872
2026-08-24,028670,팬오션,6320.0,6193.599999999999,True,FILLED,2026-08-26,6193.599999999999,INTRADAY_LIMIT,2,5814.400000000001,7836.799999999998,CLOSED,,,2026-08-26,5610,STOP_LOSS,0.0,-9.422629811418226,False,-9.422629811418226,B_DIP2_KEEP_GTC,KOSPI,-11.234177215189877,1.5968439411314872
2026-08-24,058650,세아홀딩스,132600.0,129948.0,True,FILLED,2026-08-25,129948.0,INTRADAY_LIMIT,1,121992.0,164424.0,OPEN,,,,,,100.0,-2.8072767568565915,False,0,B_DIP2_KEEP_GTC,KOSPI,-4.751131221719462,1.5968439411314872
2026-08-25,002310,아세아제지,8560.0,8388.8,True,FILLED,2026-08-26,8388.8,INTRADAY_LIMIT,1,7875.200000000001,10614.399999999998,CLOSED,,,2026-09-30,7850,STOP_LOSS,0.0,-6.422849513637219,False,-6.422849513637219,B_DIP2_KEEP_GTC,KOSPI,-8.294392523364492,0.9070496563711394
2026-08-25,078930,GS,121800.0,119364.0,True,FILLED,2026-08-26,119364.0,INTRADAY_LIMIT,1,112056.0,151032.0,CLOSED,,,2026-09-16,112000,STOP_LOSS,0.0,-6.1693642974431135,False,-6.1693642974431135,B_DIP2_KEEP_GTC,KOSPI,-8.045977011494255,0.9070496563711394
2026-08-25,080580,오킨스전자,19400.0,19012.0,True,FILLED,2026-08-26,19012.0,INTRADAY_LIMIT,1,17848.0,24056.0,PARTIAL,2026-09-21,24056.0,,,,50.0,37.297496318114874,False,13.265306122448983,B_DIP2_KEEP_GTC,KOSDAQ,34.551546391752574,8.617542162848334
2026-08-25,090430,아모레퍼시픽,143300.0,140434.0,True,FILLED,2026-08-26,140434.0,INTRADAY_LIMIT,1,131836.0,177692.0,OPEN,,,,,,100.0,-1.377159377358761,False,0,B_DIP2_KEEP_GTC,KOSPI,-3.3496161898115884,0.9070496563711394
2026-08-25,122900,아이마켓코리아,8350.0,8183.0,True,FILLED,2026-08-28,8183.0,INTRADAY_LIMIT,3,7682.0,10354.0,OPEN,,,,,,100.0,0.5743614811194009,False,0,B_DIP2_KEEP_GTC,KOSPI,-1.4371257485029987,0.9070496563711394
2026-08-25,123330,제닉,32200.0,31556.0,True,FILLED,2026-09-04,31556.0,INTRADAY_LIMIT,8,29624.0,39928.0,CLOSED,,,2026-09-07,28350,STOP_LOSS,0.0,-10.159716060337177,False,-10.159716060337177,B_DIP2_KEEP_GTC,KOSDAQ,-11.956521739130432,8.617542162848334
2026-08-25,161890,한국콜마,150000.0,147000.0,True,FILLED,2026-08-27,147000.0,INTRADAY_LIMIT,2,138000.0,186000.0,CLOSED,,,2026-09-11,137200,STOP_LOSS_GAP,0.0,-6.666666666666665,False,-6.666666666666665,B_DIP2_KEEP_GTC,KOSPI,-8.533333333333337,0.9070496563711394
2026-08-25,257720,실리콘투,51900.0,50862.0,True,FILLED,2026-08-26,50862.0,INTRADAY_LIMIT,1,47748.0,64356.0,CLOSED,,,2026-09-07,47150,STOP_LOSS,0.0,-7.2981793873618805,False,-7.2981793873618805,B_DIP2_KEEP_GTC,KOSDAQ,-9.152215799614638,8.617542162848334
2026-08-25,278470,에이피알,440500.0,431690.0,True,FILLED,2026-08-27,431690.0,INTRADAY_LIMIT,2,405260.0,546220.0,CLOSED,,,2026-09-04,394000,STOP_LOSS,0.0,-8.730802196020292,False,-8.730802196020292,B_DIP2_KEEP_GTC,KOSPI,-10.556186152099889,0.9070496563711394
2026-08-25,280360,롯데웰푸드,135200.0,132496.0,True,FILLED,2026-09-16,132496.0,INTRADAY_LIMIT,16,124384.0,167648.0,CLOSED,,,2026-09-22,123900,STOP_LOSS,0.0,-6.487743026204562,False,-6.487743026204562,B_DIP2_KEEP_GTC,KOSPI,-8.357988165680474,0.9070496563711394
2026-08-26,000815,삼성화재우,425000.0,416500.0,True,FILLED,2026-09-09,416500.0,INTRADAY_LIMIT,10,391000.0,527000.0,CLOSED,,,2026-10-01,391000,STOP_LOSS,0.0,-6.122448979591832,False,-6.122448979591832,B_DIP2_KEEP_GTC,KOSPI,-7.9999999999999964,-0.06330592035205251
2026-08-26,003230,삼양식품,1507000.0,1476860.0,True,FILLED,2026-08-27,1476860.0,INTRADAY_LIMIT,1,1386440.0,1868680.0,CLOSED,,,2026-09-07,1330000,STOP_LOSS,0.0,-9.944070528012139,False,-9.944070528012139,B_DIP2_KEEP_GTC,KOSPI,-11.745189117451893,-0.06330592035205251
2026-08-26,003300,한일홀딩스,18350.0,17983.0,True,FILLED,2026-09-09,17983.0,INTRADAY_LIMIT,10,16882.0,22754.0,OPEN,,,,,,100.0,-5.077017182894961,False,0,B_DIP2_KEEP_GTC,KOSPI,-6.975476839237061,-0.06330592035205251
2026-08-26,004490,세방전지,59800.0,58604.0,True,FILLED,2026-08-27,58604.0,INTRADAY_LIMIT,1,55016.0,74152.0,OPEN,,,,,,100.0,6.98928400791754,False,0,B_DIP2_KEEP_GTC,KOSPI,4.849498327759205,-0.06330592035205251
2026-08-26,006360,GS건설,37800.0,37044.0,True,FILLED,2026-08-27,37044.0,INTRADAY_LIMIT,1,34776.0,46872.0,CLOSED,,,2026-09-01,33300,STOP_LOSS,0.0,-10.106899902818267,False,-10.106899902818267,B_DIP2_KEEP_GTC,KOSPI,-11.904761904761907,-0.06330592035205251
2026-08-26,017940,E1,97700.0,95746.0,True,FILLED,2026-08-27,95746.0,INTRADAY_LIMIT,1,89884.0,121148.0,CLOSED,,,2026-10-01,88300,STOP_LOSS,0.0,-7.776826185950325,False,-7.776826185950325,B_DIP2_KEEP_GTC,KOSPI,-9.621289662231325,-0.06330592035205251
2026-08-27,006400,삼성SDI,569000.0,557620.0,True,FILLED,2026-08-28,557620.0,INTRADAY_LIMIT,1,523480.0,705560.0,CLOSED,,,2026-09-23,521000,STOP_LOSS,0.0,-6.567196298554567,False,-6.567196298554567,B_DIP2_KEEP_GTC,KOSPI,-8.435852372583474,-1.5692157682531516
2026-08-27,012750,에스원,85500.0,83790.0,True,FILLED,2026-08-28,83790.0,INTRADAY_LIMIT,1,78660.0,106020.0,OPEN,,,,,,100.0,0.011934598400764607,False,0,B_DIP2_KEEP_GTC,KOSPI,-1.9883040935672502,-1.5692157682531516
2026-08-27,029460,케이씨,38650.0,37877.0,True,FILLED,2026-08-28,37877.0,INTRADAY_LIMIT,1,35558.0,47926.0,OPEN,,,,,,100.0,24.745888005913883,False,0,B_DIP2_KEEP_GTC,KOSPI,22.25097024579561,-1.5692157682531516
2026-08-27,183190,아세아시멘트,10550.0,10339.0,True,FILLED,2026-09-15,10339.0,INTRADAY_LIMIT,13,9706.0,13082.0,OPEN,,,,,,100.0,-3.665731695521812,False,0,B_DIP2_KEEP_GTC,KOSPI,-5.592417061611377,-1.5692157682531516
2026-08-27,222800,심텍,126900.0,124362.0,True,FILLED,2026-08-28,124362.0,INTRADAY_LIMIT,1,116748.0,157356.0,PARTIAL,2026-10-01,157356.0,,,,50.0,31.774979495344237,False,13.265306122448983,B_DIP2_KEEP_GTC,KOSDAQ,29.139479905437348,7.256013848265974
2026-08-28,035600,KG이니시스,10640.0,10427.199999999999,True,FILLED,2026-08-31,10427.199999999999,INTRADAY_LIMIT,1,9788.800000000001,13193.599999999997,CLOSED,,,2026-09-30,9770,STOP_LOSS,0.0,-6.3027466625747985,False,-6.3027466625747985,B_DIP2_KEEP_GTC,KOSDAQ,-8.176691729323304,7.158788659486404
2026-08-28,096530,씨젠,35650.0,34937.0,True,FILLED,2026-08-31,34937.0,INTRADAY_LIMIT,1,32798.0,44206.0,CLOSED,,,2026-09-02,32100,STOP_LOSS,0.0,-8.12033088130063,False,-8.12033088130063,B_DIP2_KEEP_GTC,KOSDAQ,-9.957924263674611,7.158788659486404
2026-08-28,204620,글로벌텍스프리,5960.0,5840.8,True,FILLED,2026-08-31,5790,OPEN_BETTER_THAN_LIMIT,1,5483.2,7390.400000000001,CLOSED,,,2026-09-03,5370,STOP_LOSS,0.0,-7.253886010362698,False,-7.253886010362698,B_DIP2_KEEP_GTC,KOSDAQ,-9.899328859060407,7.158788659486404
2026-08-28,002790,아모레퍼시픽홀딩스,28000.0,27440.0,True,FILLED,2026-08-31,27440.0,INTRADAY_LIMIT,1,25760.0,34720.0,CLOSED,,,2026-09-09,25500,STOP_LOSS,0.0,-7.0699708454810555,False,-7.0699708454810555,B_DIP2_KEEP_GTC,KOSPI,-8.92857142857143,0.22124415220183824
2026-08-28,025000,KPX케미칼,55800.0,54684.0,True,FILLED,2026-09-01,54684.0,INTRADAY_LIMIT,2,51336.0,69192.0,OPEN,,,,,,100.0,7.161144027503474,False,0,B_DIP2_KEEP_GTC,KOSPI,5.017921146953408,0.22124415220183824
2026-08-28,044820,코스맥스비티아이,26800.0,26264.0,True,FILLED,2026-08-31,26264.0,INTRADAY_LIMIT,1,24656.0,33232.0,CLOSED,,,2026-09-03,24600,STOP_LOSS_GAP,0.0,-6.335668595796529,False,-6.335668595796529,B_DIP2_KEEP_GTC,KOSPI,-8.208955223880599,0.22124415220183824
2026-08-28,088350,한화생명,5950.0,5831.0,True,FILLED,2026-08-31,5831.0,INTRADAY_LIMIT,1,5474.0,7378.0,CLOSED,,,2026-09-30,5330,STOP_LOSS,0.0,-8.59200823186418,False,-8.59200823186418,B_DIP2_KEEP_GTC,KOSPI,-10.420168067226887,0.22124415220183824
2026-08-28,090430,아모레퍼시픽,150600.0,147588.0,True,FILLED,2026-08-31,147588.0,INTRADAY_LIMIT,1,138552.0,186744.0,CLOSED,,,2026-09-09,138300,STOP_LOSS,0.0,-6.293194568664118,False,-6.293194568664118,B_DIP2_KEEP_GTC,KOSPI,-8.16733067729084,0.22124415220183824
2026-08-28,104700,한국철강,10120.0,9917.6,True,FILLED,2026-09-01,9917.6,INTRADAY_LIMIT,2,9310.4,12548.800000000001,CLOSED,,,2026-09-30,9310,STOP_LOSS,0.0,-6.126482213438733,False,-6.126482213438733,B_DIP2_KEEP_GTC,KOSPI,-8.00395256916996,0.22124415220183824
2026-08-28,161890,한국콜마,161700.0,158466.0,True,FILLED,2026-08-31,158466.0,INTRADAY_LIMIT,1,148764.0,200508.0,CLOSED,,,2026-09-04,145800,STOP_LOSS,0.0,-7.992881753814696,False,-7.992881753814696,B_DIP2_KEEP_GTC,KOSPI,-9.83302411873841,0.22124415220183824
2026-08-28,192820,코스맥스,303000.0,296940.0,True,FILLED,2026-08-31,296940.0,INTRADAY_LIMIT,1,278760.0,375720.0,CLOSED,,,2026-09-02,278500,STOP_LOSS_GAP,0.0,-6.210008755977636,False,-6.210008755977636,B_DIP2_KEEP_GTC,KOSPI,-8.085808580858089,0.22124415220183824
2026-08-28,278470,에이피알,461500.0,452270.0,True,FILLED,2026-08-31,452270.0,INTRADAY_LIMIT,1,424580.0,572260.0,CLOSED,,,2026-09-02,419000,STOP_LOSS,0.0,-7.356225263669936,False,-7.356225263669936,B_DIP2_KEEP_GTC,KOSPI,-9.209100758396538,0.22124415220183824
2026-08-28,300720,한일시멘트,16950.0,16611.0,True,FILLED,2026-09-02,16611.0,INTRADAY_LIMIT,3,15594.0,21018.0,OPEN,,,,,,100.0,-2.594666185058092,False,0,B_DIP2_KEEP_GTC,KOSPI,-4.542772861356936,0.22124415220183824
2026-08-31,068930,디지털대성,8660.0,8486.8,True,FILLED,2026-09-08,8486.8,INTRADAY_LIMIT,6,7967.200000000001,10738.399999999998,OPEN,,,,,,100.0,8.403638591695351,False,0,B_DIP2_KEEP_GTC,KOSDAQ,6.235565819861422,7.687974205611958
2026-08-31,353810,이지바이오,6830.0,6693.4,True,FILLED,2026-09-01,6693.4,INTRADAY_LIMIT,1,6283.6,8469.199999999999,CLOSED,,,2026-09-07,6160,STOP_LOSS,0.0,-7.969044133026559,False,-7.969044133026559,B_DIP2_KEEP_GTC,KOSDAQ,-9.809663250366029,7.687974205611958
2026-08-31,014820,동원시스템즈,23200.0,22736.0,True,FILLED,2026-09-02,22600,OPEN_BETTER_THAN_LIMIT,2,21344.0,28768.0,CLOSED,,,2026-09-09,21250,STOP_LOSS_GAP,0.0,-5.973451327433632,False,-5.973451327433632,B_DIP2_KEEP_GTC,KOSPI,-8.405172413793105,-0.2363629432171832
2026-08-31,086790,하나금융지주,136300.0,133574.0,True,FILLED,2026-09-09,133574.0,INTRADAY_LIMIT,7,125396.0,169012.0,OPEN,,,,,,100.0,-3.4991839729288654,False,0,B_DIP2_KEEP_GTC,KOSPI,-5.4292002934702825,-0.2363629432171832
2026-08-31,123890,한국자산신탁,2640.0,2587.2,True,FILLED,2026-09-02,2587.2,INTRADAY_LIMIT,2,2428.8,3273.5999999999995,CLOSED,,,2026-09-23,2425,STOP_LOSS,0.0,-6.269325912183044,False,-6.269325912183044,B_DIP2_KEEP_GTC,KOSPI,-8.143939393939393,-0.2363629432171832
2026-08-31,373220,LG에너지솔루션,378000.0,370440.0,True,FILLED,2026-09-01,370440.0,INTRADAY_LIMIT,1,347760.0,468720.0,CLOSED,,,2026-09-02,347500,STOP_LOSS,0.0,-6.192635784472522,False,-6.192635784472522,B_DIP2_KEEP_GTC,KOSPI,-8.06878306878307,-0.2363629432171832
2026-09-01,001060,JW중외제약,29000.0,28420.0,True,FILLED,2026-09-02,28420.0,INTRADAY_LIMIT,1,26680.0,35960.0,CLOSED,,,2026-09-11,26400,STOP_LOSS_GAP,0.0,-7.107670654468679,False,-7.107670654468679,B_DIP2_KEEP_GTC,KOSPI,-8.965517241379306,-0.46666081512040103
2026-09-01,089860,롯데렌탈,51400.0,50372.0,True,FILLED,2026-09-02,50372.0,INTRADAY_LIMIT,1,47288.0,63736.0,OPEN,,,,,,100.0,1.8422933375684902,False,0,B_DIP2_KEEP_GTC,KOSPI,-0.1945525291828787,-0.46666081512040103
2026-09-01,126560,현대퓨처넷,3425.0,3356.5,True,FILLED,2026-09-03,3356.5,INTRADAY_LIMIT,2,3151.0,4247.0,OPEN,,,,,,100.0,0.5511693728586398,False,0,B_DIP2_KEEP_GTC,KOSPI,-1.4598540145985384,-0.46666081512040103
2026-09-02,159010,아스플로,24100.0,23618.0,True,FILLED,2026-09-03,23618.0,INTRADAY_LIMIT,1,22172.0,29884.0,CLOSED,,,2026-09-15,22000,STOP_LOSS_GAP,0.0,-6.850707087814378,False,-6.850707087814378,B_DIP2_KEEP_GTC,KOSDAQ,-8.713692946058094,11.747804671758
2026-09-02,377450,리파인,16800.0,16464.0,True,FILLED,2026-09-15,16464.0,INTRADAY_LIMIT,9,15456.0,20832.0,CLOSED,,,2026-09-15,14250,STOP_LOSS,0.0,-13.447521865889211,False,-13.447521865889211,B_DIP2_KEEP_GTC,KOSDAQ,-15.17857142857143,11.747804671758
2026-09-02,180640,한진칼,139100.0,136318.0,True,FILLED,2026-09-03,136318.0,INTRADAY_LIMIT,1,127972.0,172484.0,OPEN,,,,,,100.0,-1.7737936296013723,False,0,B_DIP2_KEEP_GTC,KOSPI,-3.738317757009346,3.675000609503365
2026-09-03,008930,한미사이언스,51500.0,50470.0,True,FILLED,2026-09-07,50470.0,INTRADAY_LIMIT,2,47380.0,63860.0,OPEN,,,,,,100.0,15.117891816920936,False,0,B_DIP2_KEEP_GTC,KOSPI,12.815533980582527,3.4109078529002357
2026-09-03,088350,한화생명,6110.0,5987.8,True,FILLED,2026-09-04,5987.8,INTRADAY_LIMIT,1,5621.2,7576.400000000001,CLOSED,,,2026-09-30,5330,STOP_LOSS,0.0,-10.985670864090324,False,-10.985670864090324,B_DIP2_KEEP_GTC,KOSPI,-12.765957446808507,3.4109078529002357
2026-09-03,145990,삼양사,47400.0,46452.0,True,FILLED,2026-09-07,46452.0,INTRADAY_LIMIT,2,43608.0,58776.0,OPEN,,,,,,100.0,-0.7577714630155885,False,0,B_DIP2_KEEP_GTC,KOSPI,-2.742616033755274,3.4109078529002357
2026-09-03,306200,세아제강,147500.0,144550.0,True,FILLED,2026-09-04,144550.0,INTRADAY_LIMIT,1,135700.0,182900.0,OPEN,,,,,,100.0,2.732618471117254,False,0,B_DIP2_KEEP_GTC,KOSPI,0.6779661016949046,3.4109078529002357
2026-09-04,031980,피에스케이홀딩스,144000.0,141120.0,False,NOT_REACHED,,,,,,,,,,,,,,0.0,False,0.0,B_DIP2_KEEP_GTC,KOSDAQ,32.833333333333336,10.440073755377988
2026-09-04,049430,코메론,22450.0,22001.0,True,FILLED,2026-09-07,22001.0,INTRADAY_LIMIT,1,20654.0,27838.0,OPEN,,,,,,100.0,-0.45907004227080384,False,0,B_DIP2_KEEP_GTC,KOSDAQ,-2.4498886414253906,10.440073755377988
2026-09-04,064290,인텍플러스,40150.0,39347.0,False,NOT_REACHED,,,,,,,,,,,,,,0.0,False,0.0,B_DIP2_KEEP_GTC,KOSDAQ,34.85180572851806,10.440073755377988
2026-09-04,377450,리파인,16960.0,16620.8,True,FILLED,2026-09-15,16620.8,INTRADAY_LIMIT,7,15603.2,21030.399999999998,CLOSED,,,2026-09-15,14250,STOP_LOSS,0.0,-14.264054678475159,False,-14.264054678475159,B_DIP2_KEEP_GTC,KOSDAQ,-15.978773584905658,10.440073755377988
2026-09-04,002310,아세아제지,8840.0,8663.2,True,FILLED,2026-09-09,8663.2,INTRADAY_LIMIT,3,8132.8,10961.599999999999,CLOSED,,,2026-09-29,7960,STOP_LOSS,0.0,-8.117092991042574,False,-8.117092991042574,B_DIP2_KEEP_GTC,KOSPI,-9.954751131221718,1.7449728661130592
2026-09-04,004690,삼천리,136700.0,133966.0,True,FILLED,2026-09-07,133966.0,INTRADAY_LIMIT,1,125764.0,169508.0,OPEN,,,,,,100.0,-4.229431348252543,False,0,B_DIP2_KEEP_GTC,KOSPI,-6.144842721287491,1.7449728661130592
2026-09-04,180640,한진칼,146000.0,143080.0,True,FILLED,2026-09-07,143080.0,INTRADAY_LIMIT,1,134320.0,181040.0,CLOSED,,,2026-09-11,131700,STOP_LOSS_GAP,0.0,-7.953592395862453,False,-7.953592395862453,B_DIP2_KEEP_GTC,KOSPI,-9.794520547945208,1.7449728661130592
2026-09-04,272450,진에어,6140.0,6017.2,True,FILLED,2026-09-07,6017.2,INTRADAY_LIMIT,1,5648.8,7613.599999999999,OPEN,,,,,,100.0,-3.111081566176954,False,0,B_DIP2_KEEP_GTC,KOSPI,-5.048859934853422,1.7449728661130592
2026-09-07,064760,티씨케이,268500.0,263130.0,True,FILLED,2026-09-08,263000,OPEN_BETTER_THAN_LIMIT,1,247020.0,332940.0,OPEN,,,,,,100.0,8.365019011406849,False,0,B_DIP2_KEEP_GTC,KOSDAQ,6.145251396648055,9.272795825782353
2026-09-07,131290,티에스이,261500.0,256270.0,True,FILLED,2026-09-08,256270.0,INTRADAY_LIMIT,1,240580.0,324260.0,CLOSED,,,2026-09-14,236000,STOP_LOSS,0.0,-7.909626565731454,False,-7.909626565731454,B_DIP2_KEEP_GTC,KOSDAQ,-9.751434034416828,9.272795825782353
2026-09-08,241770,메카로,42350.0,41503.0,True,FILLED,2026-09-09,41503.0,INTRADAY_LIMIT,1,38962.0,52514.0,CLOSED,,,2026-09-15,38750,STOP_LOSS,0.0,-6.633255427318508,False,-6.633255427318508,B_DIP2_KEEP_GTC,KOSDAQ,-8.500590318772138,10.66044242991575
2026-09-09,00088K,한화3우B,43600.0,42728.0,True,FILLED,2026-09-10,42728.0,INTRADAY_LIMIT,1,40112.0,54064.0,CLOSED,,,2026-09-21,39600,STOP_LOSS,0.0,-7.320726455719906,False,-7.320726455719906,B_DIP2_KEEP_GTC,KOSPI,-9.174311926605505,-3.5132252922724483
2026-09-09,012630,HDC,24700.0,24206.0,True,FILLED,2026-10-02,24206.0,INTRADAY_LIMIT,15,22724.0,30628.0,CLOSED,,,2026-10-07,22600,STOP_LOSS,0.0,-6.634718664793848,False,-6.634718664793848,B_DIP2_KEEP_GTC,KOSPI,-8.502024291497978,-3.5132252922724483
2026-09-09,020120,키다리스튜디오,7960.0,7800.8,True,FILLED,2026-09-10,7800.8,INTRADAY_LIMIT,1,7323.200000000001,9870.399999999998,CLOSED,,,2026-10-06,7140,STOP_LOSS,0.0,-8.470926058865757,False,-8.470926058865757,B_DIP2_KEEP_GTC,KOSPI,-10.301507537688437,-3.5132252922724483
2026-09-09,096770,SK이노베이션,153500.0,150430.0,True,FILLED,2026-09-10,150430.0,INTRADAY_LIMIT,1,141220.0,190340.0,CLOSED,,,2026-09-14,136700,STOP_LOSS,0.0,-9.12716878282257,False,-9.12716878282257,B_DIP2_KEEP_GTC,KOSPI,-10.94462540716612,-3.5132252922724483
2026-09-10,078340,컴투스,34850.0,34153.0,True,FILLED,2026-09-11,34000,OPEN_BETTER_THAN_LIMIT,1,32062.0,43214.0,OPEN,,,,,,100.0,8.529411764705873,False,0,B_DIP2_KEEP_GTC,KOSDAQ,5.882352941176472,7.349567461645079
2026-09-10,425420,티에프이,58900.0,57722.0,True,FILLED,2026-09-11,57722.0,INTRADAY_LIMIT,1,54188.0,73036.0,CLOSED,,,2026-09-14,53300,STOP_LOSS_GAP,0.0,-7.660857212154815,False,-7.660857212154815,B_DIP2_KEEP_GTC,KOSDAQ,-9.507640067911716,7.349567461645079
2026-09-10,004690,삼천리,138000.0,135240.0,True,FILLED,2026-09-11,135240.0,INTRADAY_LIMIT,1,126960.0,171120.0,OPEN,,,,,,100.0,-5.1316178645371195,False,0,B_DIP2_KEEP_GTC,KOSPI,-7.028985507246377,-3.2701537691642857
2026-09-10,018670,SK가스,252000.0,246960.0,True,FILLED,2026-09-11,246960.0,INTRADAY_LIMIT,1,231840.0,312480.0,OPEN,,,,,,100.0,9.531908001295752,False,0,B_DIP2_KEEP_GTC,KOSPI,7.341269841269837,-3.2701537691642857
2026-09-11,005090,SGC에너지,61200.0,59976.0,True,FILLED,2026-09-14,59300,OPEN_BETTER_THAN_LIMIT,1,56304.0,75888.0,CLOSED,,,2026-09-15,55300,STOP_LOSS,0.0,-6.745362563237778,False,-6.745362563237778,B_DIP2_KEEP_GTC,KOSPI,-9.640522875816993,-1.5341733828660553
2026-09-11,030210,다올투자증권,4050.0,3969.0,True,FILLED,2026-09-16,3969.0,INTRADAY_LIMIT,3,3726.0,5022.0,OPEN,,,,,,100.0,-0.10078105316200237,False,0,B_DIP2_KEEP_GTC,KOSPI,-2.0987654320987703,-1.5341733828660553
2026-09-11,294870,IPARK현대산업개발,24850.0,24353.0,True,FILLED,2026-09-14,24353.0,INTRADAY_LIMIT,1,22862.0,30814.0,CLOSED,,,2026-10-01,22650,STOP_LOSS,0.0,-6.992978277830241,False,-6.992978277830241,B_DIP2_KEEP_GTC,KOSPI,-8.853118712273645,-1.5341733828660553
2026-09-14,068930,디지털대성,8850.0,8673.0,False,NOT_REACHED,,,,,,,,,,,,,,0.0,False,0.0,B_DIP2_KEEP_GTC,KOSDAQ,3.9548022598870025,11.358593933985306
2026-09-14,377450,리파인,17160.0,16816.8,True,FILLED,2026-09-15,16816.8,INTRADAY_LIMIT,1,15787.2,21278.399999999998,CLOSED,,,2026-09-15,14250,STOP_LOSS,0.0,-15.263308120450969,False,-15.263308120450969,B_DIP2_KEEP_GTC,KOSDAQ,-16.95804195804196,11.358593933985306
2026-09-14,094800,맵스리얼티,7420.0,7271.599999999999,False,NOT_REACHED,,,,,,,,,,,,,,0.0,False,0.0,B_DIP2_KEEP_GTC,KOSPI,1.0781671159029615,1.7882014310997008
2026-09-15,028100,동아지질,18690.0,18316.2,False,NOT_REACHED,,,,,,,,,,,,,,0.0,False,0.0,B_DIP2_KEEP_GTC,KOSPI,5.7784911717496,2.6653549128900833
2026-09-15,453340,현대그린푸드,19400.0,19012.0,True,FILLED,2026-09-16,19012.0,INTRADAY_LIMIT,1,17848.0,24056.0,OPEN,,,,,,100.0,-0.11571638964864572,False,0,B_DIP2_KEEP_GTC,KOSPI,-2.1134020618556737,2.6653549128900833
2026-09-16,219130,타이거일렉,74800.0,73304.0,True,FILLED,2026-09-17,71800,OPEN_BETTER_THAN_LIMIT,1,68816.0,92752.0,PARTIAL,2026-09-30,92752.0,,,,50.0,32.835654596100284,False,14.590529247910865,B_DIP2_KEEP_GTC,KOSDAQ,27.508021390374328,10.104414323880473
2026-09-16,001120,LX인터내셔널,41650.0,40817.0,True,FILLED,2026-09-23,40817.0,INTRADAY_LIMIT,5,38318.0,51646.0,OPEN,,,,,,100.0,7.675723350564723,False,0,B_DIP2_KEEP_GTC,KOSPI,5.522208883553414,1.2791066348911917
2026-09-18,045100,한양이엔지,32100.0,31458.0,True,FILLED,2026-09-21,31458.0,INTRADAY_LIMIT,1,29532.0,39804.0,OPEN,,,,,,100.0,6.809078771695587,False,0,B_DIP2_KEEP_GTC,KOSDAQ,4.672897196261672,8.621481768062678
2026-09-18,013580,계룡건설,23500.0,23030.0,True,FILLED,2026-09-21,23030.0,INTRADAY_LIMIT,1,21620.0,29140.0,CLOSED,,,2026-10-01,21450,STOP_LOSS,0.0,-6.860616587060353,False,-6.860616587060353,B_DIP2_KEEP_GTC,KOSPI,-8.723404255319146,-1.3102260876123983
2026-09-21,098120,마이크로컨텍솔,57600.0,56448.0,True,FILLED,2026-09-22,56448.0,INTRADAY_LIMIT,1,52992.0,71424.0,OPEN,,,,,,100.0,7.178287981859421,False,0,B_DIP2_KEEP_GTC,KOSDAQ,5.034722222222232,7.433006086550997
2026-09-21,252990,샘씨엔에스,18090.0,17728.2,True,FILLED,2026-09-22,17728.2,INTRADAY_LIMIT,1,16642.8,22431.600000000002,OPEN,,,,,,100.0,7.455917690459257,False,0,B_DIP2_KEEP_GTC,KOSDAQ,5.306799336650081,7.433006086550997
2026-09-21,000430,대원강업,5040.0,4939.2,True,FILLED,2026-09-23,4939.2,INTRADAY_LIMIT,2,4636.8,6249.599999999999,CLOSED,,,2026-09-29,4580,STOP_LOSS,0.0,-7.272432782636862,False,-7.272432782636862,B_DIP2_KEEP_GTC,KOSPI,-9.126984126984128,-2.90850661841513
2026-09-21,003160,디아이,35400.0,34692.0,True,FILLED,2026-09-22,34692.0,INTRADAY_LIMIT,1,32568.0,43896.0,PARTIAL,2026-10-02,43896.0,,,,50.0,23.149429263230715,False,13.265306122448983,B_DIP2_KEEP_GTC,KOSPI,20.6864406779661,-2.90850661841513
2026-09-21,029460,케이씨,44600.0,43708.0,True,FILLED,2026-09-22,43708.0,INTRADAY_LIMIT,1,41032.0,55304.0,OPEN,,,,,,100.0,8.10377962844331,False,0,B_DIP2_KEEP_GTC,KOSPI,5.94170403587444,-2.90850661841513
2026-09-22,059090,미코,22600.0,22148.0,True,FILLED,2026-09-23,22148.0,INTRADAY_LIMIT,1,20792.0,28024.0,OPEN,,,,,,100.0,3.1695864186382483,False,0,B_DIP2_KEEP_GTC,KOSDAQ,1.106194690265494,7.676358493731872
2026-09-22,095340,ISC,208000.0,203840.0,True,FILLED,2026-09-28,203840.0,INTRADAY_LIMIT,2,191360.0,257920.0,OPEN,,,,,,100.0,-0.6573783359497654,False,0,B_DIP2_KEEP_GTC,KOSDAQ,-2.644230769230771,7.676358493731872
2026-09-22,222800,심텍,148100.0,145138.0,True,FILLED,2026-09-23,145138.0,INTRADAY_LIMIT,1,136252.0,183644.0,OPEN,,,,,,100.0,17.40550372748695,False,0,B_DIP2_KEEP_GTC,KOSDAQ,15.057393652937211,7.676358493731872
2026-09-22,425420,티에프이,64400.0,63112.0,True,FILLED,2026-09-28,63112.0,INTRADAY_LIMIT,2,59248.0,79856.0,OPEN,,,,,,100.0,2.6746102167575003,False,0,B_DIP2_KEEP_GTC,KOSDAQ,0.6211180124223503,7.676358493731872
2026-09-22,003490,대한항공,31400.0,30772.0,True,FILLED,2026-10-02,30772.0,INTRADAY_LIMIT,6,28888.0,38936.0,OPEN,,,,,,100.0,0.2534771870531749,False,0,B_DIP2_KEEP_GTC,KOSPI,-1.7515923566879033,-3.0494833932039667
2026-09-22,020560,아시아나항공,8370.0,8202.6,True,FILLED,2026-10-02,8202.6,INTRADAY_LIMIT,6,7700.400000000001,10378.8,OPEN,,,,,,100.0,0.455952990515196,False,0,B_DIP2_KEEP_GTC,KOSPI,-1.5531660692950977,-3.0494833932039667
2026-09-23,017890,한국알콜,15390.0,15082.199999999999,False,NOT_REACHED,,,,,,,,,,,,,,0.0,False,0.0,B_DIP2_KEEP_GTC,KOSDAQ,4.483430799220267,6.388546798029537
2026-09-23,084370,유진테크,163600.0,160328.0,True,FILLED,2026-09-28,159400,OPEN_BETTER_THAN_LIMIT,1,150512.0,202864.0,OPEN,,,,,,100.0,6.022584692597244,False,0,B_DIP2_KEEP_GTC,KOSDAQ,3.3007334963325086,6.388546798029537
2026-09-23,114810,한솔아이원스,14770.0,14474.6,True,FILLED,2026-09-28,14420,OPEN_BETTER_THAN_LIMIT,1,13588.400000000001,18314.799999999996,OPEN,,,,,,100.0,1.4563106796116498,False,0,B_DIP2_KEEP_GTC,KOSDAQ,-0.9478672985781977,6.388546798029537
2026-09-23,417840,저스템,17080.0,16738.4,True,FILLED,2026-09-28,16738.4,INTRADAY_LIMIT,1,15713.6,21179.199999999997,OPEN,,,,,,100.0,12.31658939922573,False,0,B_DIP2_KEEP_GTC,KOSDAQ,10.070257611241207,6.388546798029537
2026-09-23,446540,메가터치,10900.0,10682.0,True,FILLED,2026-09-28,10682.0,INTRADAY_LIMIT,1,10028.0,13516.0,OPEN,,,,,,100.0,2.8833551769331667,False,0,B_DIP2_KEEP_GTC,KOSDAQ,0.8256880733944927,6.388546798029537
2026-09-23,006120,SK디스커버리,60300.0,59094.0,False,NOT_REACHED,,,,,,,,,,,,,,0.0,False,0.0,B_DIP2_KEEP_GTC,KOSPI,19.237147595356554,-3.91220349898036
2026-09-23,010955,S-Oil우,84000.0,82320.0,True,FILLED,2026-10-01,82320.0,INTRADAY_LIMIT,4,77280.0,104160.0,OPEN,,,,,,100.0,9.693877551020403,False,0,B_DIP2_KEEP_GTC,KOSPI,7.499999999999996,-3.91220349898036
2026-09-28,009240,한샘,40750.0,39935.0,True,FILLED,2026-09-29,39935.0,INTRADAY_LIMIT,1,37490.0,50530.0,OPEN,,,,,,100.0,1.414799048453741,False,0,B_DIP2_KEEP_GTC,KOSPI,-0.6134969325153339,-1.245910585885679
2026-09-28,025000,KPX케미칼,57700.0,56546.0,True,FILLED,2026-10-01,56546.0,INTRADAY_LIMIT,3,53084.0,71548.0,OPEN,,,,,,100.0,3.632440844622087,False,0,B_DIP2_KEEP_GTC,KOSPI,1.559792027729645,-1.245910585885679
2026-09-28,284740,쿠쿠홈시스,24300.0,23814.0,True,FILLED,2026-09-29,23814.0,INTRADAY_LIMIT,1,22356.0,30132.0,OPEN,,,,,,100.0,4.56034265558074,False,0,B_DIP2_KEEP_GTC,KOSPI,2.4691358024691468,-1.245910585885679
2026-09-29,031980,피에스케이홀딩스,180800.0,177184.0,True,FILLED,2026-09-30,177184.0,INTRADAY_LIMIT,1,166336.0,224192.0,OPEN,,,,,,100.0,15.134549394979224,False,0,B_DIP2_KEEP_GTC,KOSDAQ,12.831858407079654,5.72252294657567
2026-09-29,064760,티씨케이,300000.0,294000.0,True,FILLED,2026-10-02,294000.0,INTRADAY_LIMIT,3,276000.0,372000.0,OPEN,,,,,,100.0,-3.0612244897959218,False,0,B_DIP2_KEEP_GTC,KOSDAQ,-5.000000000000004,5.72252294657567
2026-09-29,101160,월덱스,32250.0,31605.0,True,FILLED,2026-09-30,31605.0,INTRADAY_LIMIT,1,29670.0,39990.0,OPEN,,,,,,100.0,1.882613510520481,False,0,B_DIP2_KEEP_GTC,KOSDAQ,-0.15503875968991832,5.72252294657567
2026-09-29,219130,타이거일렉,91000.0,89180.0,True,FILLED,2026-09-30,89180.0,INTRADAY_LIMIT,1,83720.0,112840.0,OPEN,,,,,,100.0,9.8901098901099,False,0,B_DIP2_KEEP_GTC,KOSDAQ,7.692307692307687,5.72252294657567
2026-09-29,252990,샘씨엔에스,19950.0,19551.0,True,FILLED,2026-09-30,19551.0,INTRADAY_LIMIT,1,18354.0,24738.0,OPEN,,,,,,100.0,-2.562528770906858,False,0,B_DIP2_KEEP_GTC,KOSDAQ,-4.511278195488721,5.72252294657567
2026-09-29,029460,케이씨,46250.0,45325.0,True,FILLED,2026-09-30,45325.0,INTRADAY_LIMIT,1,42550.0,57350.0,OPEN,,,,,,100.0,4.247104247104239,False,0,B_DIP2_KEEP_GTC,KOSPI,2.1621621621621623,-0.9738298686763347
2026-09-30,036930,주성엔지니어링,232500.0,227850.0,True,FILLED,2026-10-01,227850.0,INTRADAY_LIMIT,1,213900.0,288300.0,OPEN,,,,,,100.0,8.624094799210003,False,0,B_DIP2_KEEP_GTC,KOSDAQ,6.451612903225801,4.967812036312225
2026-09-30,059090,미코,23200.0,22736.0,True,FILLED,2026-10-01,22650,OPEN_BETTER_THAN_LIMIT,1,21344.0,28768.0,OPEN,,,,,,100.0,0.8830022075055233,False,0,B_DIP2_KEEP_GTC,KOSDAQ,-1.5086206896551713,4.967812036312225
2026-09-30,078350,한양디지텍,31950.0,31311.0,True,FILLED,2026-10-01,31150,OPEN_BETTER_THAN_LIMIT,1,29394.0,39618.0,OPEN,,,,,,100.0,16.85393258426966,False,0,B_DIP2_KEEP_GTC,KOSDAQ,13.928012519561817,4.967812036312225
2026-09-30,122640,예스티,33600.0,32928.0,True,FILLED,2026-10-07,32928.0,INTRADAY_LIMIT,4,30912.0,41664.0,OPEN,,,,,,100.0,-3.4256559766763894,False,0,B_DIP2_KEEP_GTC,KOSDAQ,-5.35714285714286,4.967812036312225
2026-09-30,001120,LX인터내셔널,43300.0,42434.0,True,FILLED,2026-10-01,42434.0,INTRADAY_LIMIT,1,39836.0,53692.0,OPEN,,,,,,100.0,3.5726068718480386,False,0,B_DIP2_KEEP_GTC,KOSPI,1.501154734411081,-0.4992658715070486
2026-09-30,020000,한섬,21000.0,20580.0,False,NOT_REACHED,,,,,,,,,,,,,,0.0,False,0.0,B_DIP2_KEEP_GTC,KOSPI,3.3333333333333437,-0.4992658715070486
2026-09-30,306200,세아제강,153200.0,150136.0,True,FILLED,2026-10-01,150136.0,INTRADAY_LIMIT,1,140944.0,189968.0,OPEN,,,,,,100.0,-1.089678691319873,False,0,B_DIP2_KEEP_GTC,KOSPI,-3.067885117493474,-0.4992658715070486
2026-10-02,005160,동국산업,3970.0,3890.6,True,FILLED,2026-10-07,3890.6,INTRADAY_LIMIT,2,3652.4,4922.799999999999,OPEN,,,,,,100.0,-1.0435408420295,False,0,B_DIP2_KEEP_GTC,KOSDAQ,-3.0226700251889116,0.5754010455730985
2026-10-02,036710,심텍홀딩스,4960.0,4860.8,False,NOT_REACHED,,,,,,,,,,,,,,0.0,False,0.0,B_DIP2_KEEP_GTC,KOSDAQ,2.4193548387096753,0.5754010455730985
2026-10-02,064290,인텍플러스,59100.0,57918.0,True,FILLED,2026-10-07,57918.0,INTRADAY_LIMIT,2,54372.0,73284.0,OPEN,,,,,,100.0,1.0048689526572119,False,0,B_DIP2_KEEP_GTC,KOSDAQ,-1.0152284263959421,0.5754010455730985
2026-10-06,031980,피에스케이홀딩스,197000.0,193060.0,True,FILLED,2026-10-07,193000,OPEN_BETTER_THAN_LIMIT,1,181240.0,244280.0,OPEN,,,,,,100.0,5.699481865284972,False,0,B_DIP2_KEEP_GTC,KOSDAQ,3.5532994923857864,-2.33607270197409
2026-10-06,091580,상신이디피,24850.0,24353.0,True,FILLED,2026-10-07,24353.0,INTRADAY_LIMIT,1,22862.0,30814.0,OPEN,,,,,,100.0,0.8089352441177589,False,0,B_DIP2_KEEP_GTC,KOSDAQ,-1.2072434607645843,-2.33607270197409
2026-10-06,236200,슈프리마,60400.0,59192.0,True,FILLED,2026-10-07,58600,OPEN_BETTER_THAN_LIMIT,1,55568.0,74896.0,CLOSED,,,2026-10-07,54800,STOP_LOSS,0.0,-6.484641638225252,False,-6.484641638225252,B_DIP2_KEEP_GTC,KOSDAQ,-9.27152317880795,-2.33607270197409
2026-10-06,006400,삼성SDI,575000.0,563500.0,True,FILLED,2026-10-07,563500.0,INTRADAY_LIMIT,1,529000.0,713000.0,OPEN,,,,,,100.0,-0.2661934338953009,False,0,B_DIP2_KEEP_GTC,KOSPI,-2.260869565217394,-1.980727203053001
2026-10-06,007660,이수페타시스,131900.0,129262.0,True,FILLED,2026-10-07,129262.0,INTRADAY_LIMIT,1,121348.0,163556.0,OPEN,,,,,,100.0,-5.618047067196851,False,0,B_DIP2_KEEP_GTC,KOSPI,-7.505686125852917,-1.980727203053001
2026-10-06,192820,코스맥스,298000.0,292040.0,False,NOT_REACHED,,,,,,,,,,,,,,0.0,False,0.0,B_DIP2_KEEP_GTC,KOSPI,3.523489932885915,-1.980727203053001
2026-10-06,226320,잇츠한불,11260.0,11034.8,False,NOT_REACHED,,,,,,,,,,,,,,0.0,False,0.0,B_DIP2_KEEP_GTC,KOSPI,4.440497335701599,-1.980727203053001
2026-10-06,373220,LG에너지솔루션,390000.0,382200.0,True,FILLED,2026-10-07,382200.0,INTRADAY_LIMIT,1,358800.0,483600.0,OPEN,,,,,,100.0,2.302459445316596,False,0,B_DIP2_KEEP_GTC,KOSPI,0.2564102564102555,-1.980727203053001
2026-10-07,041960,코미팜,11000.0,10780.0,False,NO_FUTURE_BAR,,,,,,,,,,,,,,0.0,False,0.0,B_DIP2_KEEP_GTC,KOSDAQ,0.0,0.0
2026-10-07,131290,티에스이,316000.0,309680.0,False,NO_FUTURE_BAR,,,,,,,,,,,,,,0.0,False,0.0,B_DIP2_KEEP_GTC,KOSDAQ,0.0,0.0
2026-10-07,219130,타이거일렉,98000.0,96040.0,False,NO_FUTURE_BAR,,,,,,,,,,,,,,0.0,False,0.0,B_DIP2_KEEP_GTC,KOSDAQ,0.0,0.0
2026-10-07,002320,한진,16860.0,16522.8,False,NO_FUTURE_BAR,,,,,,,,,,,,,,0.0,False,0.0,B_DIP2_KEEP_GTC,KOSPI,0.0,0.0
2026-10-07,002960,한국쉘석유,541000.0,530180.0,False,NO_FUTURE_BAR,,,,,,,,,,,,,,0.0,False,0.0,B_DIP2_KEEP_GTC,KOSPI,0.0,0.0
2026-10-07,008930,한미사이언스,58100.0,56938.0,False,NO_FUTURE_BAR,,,,,,,,,,,,,,0.0,False,0.0,B_DIP2_KEEP_GTC,KOSPI,0.0,0.0
2026-10-07,078520,에이블씨엔씨,11880.0,11642.4,False,NO_FUTURE_BAR,,,,,,,,,,,,,,0.0,False,0.0,B_DIP2_KEEP_GTC,KOSPI,0.0,0.0
2026-10-07,383220,F&F,74100.0,72618.0,False,NO_FUTURE_BAR,,,,,,,,,,,,,,0.0,False,0.0,B_DIP2_KEEP_GTC,KOSPI,0.0,0.0
2026-08-24,002840,미원상사,131800.0,129164.0,False,EXPIRED,,,,,,,,,,,,,,0.0,False,0.0,B_DIP2_KEEP_5,KOSPI,5.993930197268593,1.5968439411314872
2026-08-24,028670,팬오션,6320.0,6193.599999999999,True,FILLED,2026-08-26,6193.599999999999,INTRADAY_LIMIT,2,5814.400000000001,7836.799999999998,CLOSED,,,2026-08-26,5610,STOP_LOSS,0.0,-9.422629811418226,False,-9.422629811418226,B_DIP2_KEEP_5,KOSPI,-11.234177215189877,1.5968439411314872
2026-08-24,058650,세아홀딩스,132600.0,129948.0,True,FILLED,2026-08-25,129948.0,INTRADAY_LIMIT,1,121992.0,164424.0,OPEN,,,,,,100.0,-2.8072767568565915,False,0,B_DIP2_KEEP_5,KOSPI,-4.751131221719462,1.5968439411314872
2026-08-25,002310,아세아제지,8560.0,8388.8,True,FILLED,2026-08-26,8388.8,INTRADAY_LIMIT,1,7875.200000000001,10614.399999999998,CLOSED,,,2026-09-30,7850,STOP_LOSS,0.0,-6.422849513637219,False,-6.422849513637219,B_DIP2_KEEP_5,KOSPI,-8.294392523364492,0.9070496563711394
2026-08-25,078930,GS,121800.0,119364.0,True,FILLED,2026-08-26,119364.0,INTRADAY_LIMIT,1,112056.0,151032.0,CLOSED,,,2026-09-16,112000,STOP_LOSS,0.0,-6.1693642974431135,False,-6.1693642974431135,B_DIP2_KEEP_5,KOSPI,-8.045977011494255,0.9070496563711394
2026-08-25,080580,오킨스전자,19400.0,19012.0,True,FILLED,2026-08-26,19012.0,INTRADAY_LIMIT,1,17848.0,24056.0,PARTIAL,2026-09-21,24056.0,,,,50.0,37.297496318114874,False,13.265306122448983,B_DIP2_KEEP_5,KOSDAQ,34.551546391752574,8.617542162848334
2026-08-25,090430,아모레퍼시픽,143300.0,140434.0,True,FILLED,2026-08-26,140434.0,INTRADAY_LIMIT,1,131836.0,177692.0,OPEN,,,,,,100.0,-1.377159377358761,False,0,B_DIP2_KEEP_5,KOSPI,-3.3496161898115884,0.9070496563711394
2026-08-25,122900,아이마켓코리아,8350.0,8183.0,True,FILLED,2026-08-28,8183.0,INTRADAY_LIMIT,3,7682.0,10354.0,OPEN,,,,,,100.0,0.5743614811194009,False,0,B_DIP2_KEEP_5,KOSPI,-1.4371257485029987,0.9070496563711394
2026-08-25,123330,제닉,32200.0,31556.0,False,EXPIRED,,,,,,,,,,,,,,0.0,False,0.0,B_DIP2_KEEP_5,KOSDAQ,-11.956521739130432,8.617542162848334
2026-08-25,161890,한국콜마,150000.0,147000.0,True,FILLED,2026-08-27,147000.0,INTRADAY_LIMIT,2,138000.0,186000.0,CLOSED,,,2026-09-11,137200,STOP_LOSS_GAP,0.0,-6.666666666666665,False,-6.666666666666665,B_DIP2_KEEP_5,KOSPI,-8.533333333333337,0.9070496563711394
2026-08-25,257720,실리콘투,51900.0,50862.0,True,FILLED,2026-08-26,50862.0,INTRADAY_LIMIT,1,47748.0,64356.0,CLOSED,,,2026-09-07,47150,STOP_LOSS,0.0,-7.2981793873618805,False,-7.2981793873618805,B_DIP2_KEEP_5,KOSDAQ,-9.152215799614638,8.617542162848334
2026-08-25,278470,에이피알,440500.0,431690.0,True,FILLED,2026-08-27,431690.0,INTRADAY_LIMIT,2,405260.0,546220.0,CLOSED,,,2026-09-04,394000,STOP_LOSS,0.0,-8.730802196020292,False,-8.730802196020292,B_DIP2_KEEP_5,KOSPI,-10.556186152099889,0.9070496563711394
2026-08-25,280360,롯데웰푸드,135200.0,132496.0,False,EXPIRED,,,,,,,,,,,,,,0.0,False,0.0,B_DIP2_KEEP_5,KOSPI,-8.357988165680474,0.9070496563711394
2026-08-26,000815,삼성화재우,425000.0,416500.0,False,EXPIRED,,,,,,,,,,,,,,0.0,False,0.0,B_DIP2_KEEP_5,KOSPI,-7.9999999999999964,-0.06330592035205251
2026-08-26,003230,삼양식품,1507000.0,1476860.0,True,FILLED,2026-08-27,1476860.0,INTRADAY_LIMIT,1,1386440.0,1868680.0,CLOSED,,,2026-09-07,1330000,STOP_LOSS,0.0,-9.944070528012139,False,-9.944070528012139,B_DIP2_KEEP_5,KOSPI,-11.745189117451893,-0.06330592035205251
2026-08-26,003300,한일홀딩스,18350.0,17983.0,False,EXPIRED,,,,,,,,,,,,,,0.0,False,0.0,B_DIP2_KEEP_5,KOSPI,-6.975476839237061,-0.06330592035205251
2026-08-26,004490,세방전지,59800.0,58604.0,True,FILLED,2026-08-27,58604.0,INTRADAY_LIMIT,1,55016.0,74152.0,OPEN,,,,,,100.0,6.98928400791754,False,0,B_DIP2_KEEP_5,KOSPI,4.849498327759205,-0.06330592035205251
2026-08-26,006360,GS건설,37800.0,37044.0,True,FILLED,2026-08-27,37044.0,INTRADAY_LIMIT,1,34776.0,46872.0,CLOSED,,,2026-09-01,33300,STOP_LOSS,0.0,-10.106899902818267,False,-10.106899902818267,B_DIP2_KEEP_5,KOSPI,-11.904761904761907,-0.06330592035205251
2026-08-26,017940,E1,97700.0,95746.0,True,FILLED,2026-08-27,95746.0,INTRADAY_LIMIT,1,89884.0,121148.0,CLOSED,,,2026-10-01,88300,STOP_LOSS,0.0,-7.776826185950325,False,-7.776826185950325,B_DIP2_KEEP_5,KOSPI,-9.621289662231325,-0.06330592035205251
2026-08-27,006400,삼성SDI,569000.0,557620.0,True,FILLED,2026-08-28,557620.0,INTRADAY_LIMIT,1,523480.0,705560.0,CLOSED,,,2026-09-23,521000,STOP_LOSS,0.0,-6.567196298554567,False,-6.567196298554567,B_DIP2_KEEP_5,KOSPI,-8.435852372583474,-1.5692157682531516
2026-08-27,012750,에스원,85500.0,83790.0,True,FILLED,2026-08-28,83790.0,INTRADAY_LIMIT,1,78660.0,106020.0,OPEN,,,,,,100.0,0.011934598400764607,False,0,B_DIP2_KEEP_5,KOSPI,-1.9883040935672502,-1.5692157682531516
2026-08-27,029460,케이씨,38650.0,37877.0,True,FILLED,2026-08-28,37877.0,INTRADAY_LIMIT,1,35558.0,47926.0,OPEN,,,,,,100.0,24.745888005913883,False,0,B_DIP2_KEEP_5,KOSPI,22.25097024579561,-1.5692157682531516
2026-08-27,183190,아세아시멘트,10550.0,10339.0,False,EXPIRED,,,,,,,,,,,,,,0.0,False,0.0,B_DIP2_KEEP_5,KOSPI,-5.592417061611377,-1.5692157682531516
2026-08-27,222800,심텍,126900.0,124362.0,True,FILLED,2026-08-28,124362.0,INTRADAY_LIMIT,1,116748.0,157356.0,PARTIAL,2026-10-01,157356.0,,,,50.0,31.774979495344237,False,13.265306122448983,B_DIP2_KEEP_5,KOSDAQ,29.139479905437348,7.256013848265974
2026-08-28,035600,KG이니시스,10640.0,10427.199999999999,True,FILLED,2026-08-31,10427.199999999999,INTRADAY_LIMIT,1,9788.800000000001,13193.599999999997,CLOSED,,,2026-09-30,9770,STOP_LOSS,0.0,-6.3027466625747985,False,-6.3027466625747985,B_DIP2_KEEP_5,KOSDAQ,-8.176691729323304,7.158788659486404
2026-08-28,096530,씨젠,35650.0,34937.0,True,FILLED,2026-08-31,34937.0,INTRADAY_LIMIT,1,32798.0,44206.0,CLOSED,,,2026-09-02,32100,STOP_LOSS,0.0,-8.12033088130063,False,-8.12033088130063,B_DIP2_KEEP_5,KOSDAQ,-9.957924263674611,7.158788659486404
2026-08-28,204620,글로벌텍스프리,5960.0,5840.8,True,FILLED,2026-08-31,5790,OPEN_BETTER_THAN_LIMIT,1,5483.2,7390.400000000001,CLOSED,,,2026-09-03,5370,STOP_LOSS,0.0,-7.253886010362698,False,-7.253886010362698,B_DIP2_KEEP_5,KOSDAQ,-9.899328859060407,7.158788659486404
2026-08-28,002790,아모레퍼시픽홀딩스,28000.0,27440.0,True,FILLED,2026-08-31,27440.0,INTRADAY_LIMIT,1,25760.0,34720.0,CLOSED,,,2026-09-09,25500,STOP_LOSS,0.0,-7.0699708454810555,False,-7.0699708454810555,B_DIP2_KEEP_5,KOSPI,-8.92857142857143,0.22124415220183824
2026-08-28,025000,KPX케미칼,55800.0,54684.0,True,FILLED,2026-09-01,54684.0,INTRADAY_LIMIT,2,51336.0,69192.0,OPEN,,,,,,100.0,7.161144027503474,False,0,B_DIP2_KEEP_5,KOSPI,5.017921146953408,0.22124415220183824
2026-08-28,044820,코스맥스비티아이,26800.0,26264.0,True,FILLED,2026-08-31,26264.0,INTRADAY_LIMIT,1,24656.0,33232.0,CLOSED,,,2026-09-03,24600,STOP_LOSS_GAP,0.0,-6.335668595796529,False,-6.335668595796529,B_DIP2_KEEP_5,KOSPI,-8.208955223880599,0.22124415220183824
2026-08-28,088350,한화생명,5950.0,5831.0,True,FILLED,2026-08-31,5831.0,INTRADAY_LIMIT,1,5474.0,7378.0,CLOSED,,,2026-09-30,5330,STOP_LOSS,0.0,-8.59200823186418,False,-8.59200823186418,B_DIP2_KEEP_5,KOSPI,-10.420168067226887,0.22124415220183824
2026-08-28,090430,아모레퍼시픽,150600.0,147588.0,True,FILLED,2026-08-31,147588.0,INTRADAY_LIMIT,1,138552.0,186744.0,CLOSED,,,2026-09-09,138300,STOP_LOSS,0.0,-6.293194568664118,False,-6.293194568664118,B_DIP2_KEEP_5,KOSPI,-8.16733067729084,0.22124415220183824
2026-08-28,104700,한국철강,10120.0,9917.6,True,FILLED,2026-09-01,9917.6,INTRADAY_LIMIT,2,9310.4,12548.800000000001,CLOSED,,,2026-09-30,9310,STOP_LOSS,0.0,-6.126482213438733,False,-6.126482213438733,B_DIP2_KEEP_5,KOSPI,-8.00395256916996,0.22124415220183824
2026-08-28,161890,한국콜마,161700.0,158466.0,True,FILLED,2026-08-31,158466.0,INTRADAY_LIMIT,1,148764.0,200508.0,CLOSED,,,2026-09-04,145800,STOP_LOSS,0.0,-7.992881753814696,False,-7.992881753814696,B_DIP2_KEEP_5,KOSPI,-9.83302411873841,0.22124415220183824
2026-08-28,192820,코스맥스,303000.0,296940.0,True,FILLED,2026-08-31,296940.0,INTRADAY_LIMIT,1,278760.0,375720.0,CLOSED,,,2026-09-02,278500,STOP_LOSS_GAP,0.0,-6.210008755977636,False,-6.210008755977636,B_DIP2_KEEP_5,KOSPI,-8.085808580858089,0.22124415220183824
2026-08-28,278470,에이피알,461500.0,452270.0,True,FILLED,2026-08-31,452270.0,INTRADAY_LIMIT,1,424580.0,572260.0,CLOSED,,,2026-09-02,419000,STOP_LOSS,0.0,-7.356225263669936,False,-7.356225263669936,B_DIP2_KEEP_5,KOSPI,-9.209100758396538,0.22124415220183824
2026-08-28,300720,한일시멘트,16950.0,16611.0,True,FILLED,2026-09-02,16611.0,INTRADAY_LIMIT,3,15594.0,21018.0,OPEN,,,,,,100.0,-2.594666185058092,False,0,B_DIP2_KEEP_5,KOSPI,-4.542772861356936,0.22124415220183824
2026-08-31,068930,디지털대성,8660.0,8486.8,False,EXPIRED,,,,,,,,,,,,,,0.0,False,0.0,B_DIP2_KEEP_5,KOSDAQ,6.235565819861422,7.687974205611958
2026-08-31,353810,이지바이오,6830.0,6693.4,True,FILLED,2026-09-01,6693.4,INTRADAY_LIMIT,1,6283.6,8469.199999999999,CLOSED,,,2026-09-07,6160,STOP_LOSS,0.0,-7.969044133026559,False,-7.969044133026559,B_DIP2_KEEP_5,KOSDAQ,-9.809663250366029,7.687974205611958
2026-08-31,014820,동원시스템즈,23200.0,22736.0,True,FILLED,2026-09-02,22600,OPEN_BETTER_THAN_LIMIT,2,21344.0,28768.0,CLOSED,,,2026-09-09,21250,STOP_LOSS_GAP,0.0,-5.973451327433632,False,-5.973451327433632,B_DIP2_KEEP_5,KOSPI,-8.405172413793105,-0.2363629432171832
2026-08-31,086790,하나금융지주,136300.0,133574.0,False,EXPIRED,,,,,,,,,,,,,,0.0,False,0.0,B_DIP2_KEEP_5,KOSPI,-5.4292002934702825,-0.2363629432171832
2026-08-31,123890,한국자산신탁,2640.0,2587.2,True,FILLED,2026-09-02,2587.2,INTRADAY_LIMIT,2,2428.8,3273.5999999999995,CLOSED,,,2026-09-23,2425,STOP_LOSS,0.0,-6.269325912183044,False,-6.269325912183044,B_DIP2_KEEP_5,KOSPI,-8.143939393939393,-0.2363629432171832
2026-08-31,373220,LG에너지솔루션,378000.0,370440.0,True,FILLED,2026-09-01,370440.0,INTRADAY_LIMIT,1,347760.0,468720.0,CLOSED,,,2026-09-02,347500,STOP_LOSS,0.0,-6.192635784472522,False,-6.192635784472522,B_DIP2_KEEP_5,KOSPI,-8.06878306878307,-0.2363629432171832
2026-09-01,001060,JW중외제약,29000.0,28420.0,True,FILLED,2026-09-02,28420.0,INTRADAY_LIMIT,1,26680.0,35960.0,CLOSED,,,2026-09-11,26400,STOP_LOSS_GAP,0.0,-7.107670654468679,False,-7.107670654468679,B_DIP2_KEEP_5,KOSPI,-8.965517241379306,-0.46666081512040103
2026-09-01,089860,롯데렌탈,51400.0,50372.0,True,FILLED,2026-09-02,50372.0,INTRADAY_LIMIT,1,47288.0,63736.0,OPEN,,,,,,100.0,1.8422933375684902,False,0,B_DIP2_KEEP_5,KOSPI,-0.1945525291828787,-0.46666081512040103
2026-09-01,126560,현대퓨처넷,3425.0,3356.5,True,FILLED,2026-09-03,3356.5,INTRADAY_LIMIT,2,3151.0,4247.0,OPEN,,,,,,100.0,0.5511693728586398,False,0,B_DIP2_KEEP_5,KOSPI,-1.4598540145985384,-0.46666081512040103
2026-09-02,159010,아스플로,24100.0,23618.0,True,FILLED,2026-09-03,23618.0,INTRADAY_LIMIT,1,22172.0,29884.0,CLOSED,,,2026-09-15,22000,STOP_LOSS_GAP,0.0,-6.850707087814378,False,-6.850707087814378,B_DIP2_KEEP_5,KOSDAQ,-8.713692946058094,11.747804671758
2026-09-02,377450,리파인,16800.0,16464.0,False,EXPIRED,,,,,,,,,,,,,,0.0,False,0.0,B_DIP2_KEEP_5,KOSDAQ,-15.17857142857143,11.747804671758
2026-09-02,180640,한진칼,139100.0,136318.0,True,FILLED,2026-09-03,136318.0,INTRADAY_LIMIT,1,127972.0,172484.0,OPEN,,,,,,100.0,-1.7737936296013723,False,0,B_DIP2_KEEP_5,KOSPI,-3.738317757009346,3.675000609503365
2026-09-03,008930,한미사이언스,51500.0,50470.0,True,FILLED,2026-09-07,50470.0,INTRADAY_LIMIT,2,47380.0,63860.0,OPEN,,,,,,100.0,15.117891816920936,False,0,B_DIP2_KEEP_5,KOSPI,12.815533980582527,3.4109078529002357
2026-09-03,088350,한화생명,6110.0,5987.8,True,FILLED,2026-09-04,5987.8,INTRADAY_LIMIT,1,5621.2,7576.400000000001,CLOSED,,,2026-09-30,5330,STOP_LOSS,0.0,-10.985670864090324,False,-10.985670864090324,B_DIP2_KEEP_5,KOSPI,-12.765957446808507,3.4109078529002357
2026-09-03,145990,삼양사,47400.0,46452.0,True,FILLED,2026-09-07,46452.0,INTRADAY_LIMIT,2,43608.0,58776.0,OPEN,,,,,,100.0,-0.7577714630155885,False,0,B_DIP2_KEEP_5,KOSPI,-2.742616033755274,3.4109078529002357
2026-09-03,306200,세아제강,147500.0,144550.0,True,FILLED,2026-09-04,144550.0,INTRADAY_LIMIT,1,135700.0,182900.0,OPEN,,,,,,100.0,2.732618471117254,False,0,B_DIP2_KEEP_5,KOSPI,0.6779661016949046,3.4109078529002357
2026-09-04,031980,피에스케이홀딩스,144000.0,141120.0,False,EXPIRED,,,,,,,,,,,,,,0.0,False,0.0,B_DIP2_KEEP_5,KOSDAQ,32.833333333333336,10.440073755377988
2026-09-04,049430,코메론,22450.0,22001.0,True,FILLED,2026-09-07,22001.0,INTRADAY_LIMIT,1,20654.0,27838.0,OPEN,,,,,,100.0,-0.45907004227080384,False,0,B_DIP2_KEEP_5,KOSDAQ,-2.4498886414253906,10.440073755377988
2026-09-04,064290,인텍플러스,40150.0,39347.0,False,EXPIRED,,,,,,,,,,,,,,0.0,False,0.0,B_DIP2_KEEP_5,KOSDAQ,34.85180572851806,10.440073755377988
2026-09-04,377450,리파인,16960.0,16620.8,False,EXPIRED,,,,,,,,,,,,,,0.0,False,0.0,B_DIP2_KEEP_5,KOSDAQ,-15.978773584905658,10.440073755377988
2026-09-04,002310,아세아제지,8840.0,8663.2,True,FILLED,2026-09-09,8663.2,INTRADAY_LIMIT,3,8132.8,10961.599999999999,CLOSED,,,2026-09-29,7960,STOP_LOSS,0.0,-8.117092991042574,False,-8.117092991042574,B_DIP2_KEEP_5,KOSPI,-9.954751131221718,1.7449728661130592
2026-09-04,004690,삼천리,136700.0,133966.0,True,FILLED,2026-09-07,133966.0,INTRADAY_LIMIT,1,125764.0,169508.0,OPEN,,,,,,100.0,-4.229431348252543,False,0,B_DIP2_KEEP_5,KOSPI,-6.144842721287491,1.7449728661130592
2026-09-04,180640,한진칼,146000.0,143080.0,True,FILLED,2026-09-07,143080.0,INTRADAY_LIMIT,1,134320.0,181040.0,CLOSED,,,2026-09-11,131700,STOP_LOSS_GAP,0.0,-7.953592395862453,False,-7.953592395862453,B_DIP2_KEEP_5,KOSPI,-9.794520547945208,1.7449728661130592
2026-09-04,272450,진에어,6140.0,6017.2,True,FILLED,2026-09-07,6017.2,INTRADAY_LIMIT,1,5648.8,7613.599999999999,OPEN,,,,,,100.0,-3.111081566176954,False,0,B_DIP2_KEEP_5,KOSPI,-5.048859934853422,1.7449728661130592
2026-09-07,064760,티씨케이,268500.0,263130.0,True,FILLED,2026-09-08,263000,OPEN_BETTER_THAN_LIMIT,1,247020.0,332940.0,OPEN,,,,,,100.0,8.365019011406849,False,0,B_DIP2_KEEP_5,KOSDAQ,6.145251396648055,9.272795825782353
2026-09-07,131290,티에스이,261500.0,256270.0,True,FILLED,2026-09-08,256270.0,INTRADAY_LIMIT,1,240580.0,324260.0,CLOSED,,,2026-09-14,236000,STOP_LOSS,0.0,-7.909626565731454,False,-7.909626565731454,B_DIP2_KEEP_5,KOSDAQ,-9.751434034416828,9.272795825782353
2026-09-08,241770,메카로,42350.0,41503.0,True,FILLED,2026-09-09,41503.0,INTRADAY_LIMIT,1,38962.0,52514.0,CLOSED,,,2026-09-15,38750,STOP_LOSS,0.0,-6.633255427318508,False,-6.633255427318508,B_DIP2_KEEP_5,KOSDAQ,-8.500590318772138,10.66044242991575
2026-09-09,00088K,한화3우B,43600.0,42728.0,True,FILLED,2026-09-10,42728.0,INTRADAY_LIMIT,1,40112.0,54064.0,CLOSED,,,2026-09-21,39600,STOP_LOSS,0.0,-7.320726455719906,False,-7.320726455719906,B_DIP2_KEEP_5,KOSPI,-9.174311926605505,-3.5132252922724483
2026-09-09,012630,HDC,24700.0,24206.0,False,EXPIRED,,,,,,,,,,,,,,0.0,False,0.0,B_DIP2_KEEP_5,KOSPI,-8.502024291497978,-3.5132252922724483
2026-09-09,020120,키다리스튜디오,7960.0,7800.8,True,FILLED,2026-09-10,7800.8,INTRADAY_LIMIT,1,7323.200000000001,9870.399999999998,CLOSED,,,2026-10-06,7140,STOP_LOSS,0.0,-8.470926058865757,False,-8.470926058865757,B_DIP2_KEEP_5,KOSPI,-10.301507537688437,-3.5132252922724483
2026-09-09,096770,SK이노베이션,153500.0,150430.0,True,FILLED,2026-09-10,150430.0,INTRADAY_LIMIT,1,141220.0,190340.0,CLOSED,,,2026-09-14,136700,STOP_LOSS,0.0,-9.12716878282257,False,-9.12716878282257,B_DIP2_KEEP_5,KOSPI,-10.94462540716612,-3.5132252922724483
2026-09-10,078340,컴투스,34850.0,34153.0,True,FILLED,2026-09-11,34000,OPEN_BETTER_THAN_LIMIT,1,32062.0,43214.0,OPEN,,,,,,100.0,8.529411764705873,False,0,B_DIP2_KEEP_5,KOSDAQ,5.882352941176472,7.349567461645079
2026-09-10,425420,티에프이,58900.0,57722.0,True,FILLED,2026-09-11,57722.0,INTRADAY_LIMIT,1,54188.0,73036.0,CLOSED,,,2026-09-14,53300,STOP_LOSS_GAP,0.0,-7.660857212154815,False,-7.660857212154815,B_DIP2_KEEP_5,KOSDAQ,-9.507640067911716,7.349567461645079
2026-09-10,004690,삼천리,138000.0,135240.0,True,FILLED,2026-09-11,135240.0,INTRADAY_LIMIT,1,126960.0,171120.0,OPEN,,,,,,100.0,-5.1316178645371195,False,0,B_DIP2_KEEP_5,KOSPI,-7.028985507246377,-3.2701537691642857
2026-09-10,018670,SK가스,252000.0,246960.0,True,FILLED,2026-09-11,246960.0,INTRADAY_LIMIT,1,231840.0,312480.0,OPEN,,,,,,100.0,9.531908001295752,False,0,B_DIP2_KEEP_5,KOSPI,7.341269841269837,-3.2701537691642857
2026-09-11,005090,SGC에너지,61200.0,59976.0,True,FILLED,2026-09-14,59300,OPEN_BETTER_THAN_LIMIT,1,56304.0,75888.0,CLOSED,,,2026-09-15,55300,STOP_LOSS,0.0,-6.745362563237778,False,-6.745362563237778,B_DIP2_KEEP_5,KOSPI,-9.640522875816993,-1.5341733828660553
2026-09-11,030210,다올투자증권,4050.0,3969.0,True,FILLED,2026-09-16,3969.0,INTRADAY_LIMIT,3,3726.0,5022.0,OPEN,,,,,,100.0,-0.10078105316200237,False,0,B_DIP2_KEEP_5,KOSPI,-2.0987654320987703,-1.5341733828660553
2026-09-11,294870,IPARK현대산업개발,24850.0,24353.0,True,FILLED,2026-09-14,24353.0,INTRADAY_LIMIT,1,22862.0,30814.0,CLOSED,,,2026-10-01,22650,STOP_LOSS,0.0,-6.992978277830241,False,-6.992978277830241,B_DIP2_KEEP_5,KOSPI,-8.853118712273645,-1.5341733828660553
2026-09-14,068930,디지털대성,8850.0,8673.0,False,EXPIRED,,,,,,,,,,,,,,0.0,False,0.0,B_DIP2_KEEP_5,KOSDAQ,3.9548022598870025,11.358593933985306
2026-09-14,377450,리파인,17160.0,16816.8,True,FILLED,2026-09-15,16816.8,INTRADAY_LIMIT,1,15787.2,21278.399999999998,CLOSED,,,2026-09-15,14250,STOP_LOSS,0.0,-15.263308120450969,False,-15.263308120450969,B_DIP2_KEEP_5,KOSDAQ,-16.95804195804196,11.358593933985306
2026-09-14,094800,맵스리얼티,7420.0,7271.599999999999,False,EXPIRED,,,,,,,,,,,,,,0.0,False,0.0,B_DIP2_KEEP_5,KOSPI,1.0781671159029615,1.7882014310997008
2026-09-15,028100,동아지질,18690.0,18316.2,False,EXPIRED,,,,,,,,,,,,,,0.0,False,0.0,B_DIP2_KEEP_5,KOSPI,5.7784911717496,2.6653549128900833
2026-09-15,453340,현대그린푸드,19400.0,19012.0,True,FILLED,2026-09-16,19012.0,INTRADAY_LIMIT,1,17848.0,24056.0,OPEN,,,,,,100.0,-0.11571638964864572,False,0,B_DIP2_KEEP_5,KOSPI,-2.1134020618556737,2.6653549128900833
2026-09-16,219130,타이거일렉,74800.0,73304.0,True,FILLED,2026-09-17,71800,OPEN_BETTER_THAN_LIMIT,1,68816.0,92752.0,PARTIAL,2026-09-30,92752.0,,,,50.0,32.835654596100284,False,14.590529247910865,B_DIP2_KEEP_5,KOSDAQ,27.508021390374328,10.104414323880473
2026-09-16,001120,LX인터내셔널,41650.0,40817.0,True,FILLED,2026-09-23,40817.0,INTRADAY_LIMIT,5,38318.0,51646.0,OPEN,,,,,,100.0,7.675723350564723,False,0,B_DIP2_KEEP_5,KOSPI,5.522208883553414,1.2791066348911917
2026-09-18,045100,한양이엔지,32100.0,31458.0,True,FILLED,2026-09-21,31458.0,INTRADAY_LIMIT,1,29532.0,39804.0,OPEN,,,,,,100.0,6.809078771695587,False,0,B_DIP2_KEEP_5,KOSDAQ,4.672897196261672,8.621481768062678
2026-09-18,013580,계룡건설,23500.0,23030.0,True,FILLED,2026-09-21,23030.0,INTRADAY_LIMIT,1,21620.0,29140.0,CLOSED,,,2026-10-01,21450,STOP_LOSS,0.0,-6.860616587060353,False,-6.860616587060353,B_DIP2_KEEP_5,KOSPI,-8.723404255319146,-1.3102260876123983
2026-09-21,098120,마이크로컨텍솔,57600.0,56448.0,True,FILLED,2026-09-22,56448.0,INTRADAY_LIMIT,1,52992.0,71424.0,OPEN,,,,,,100.0,7.178287981859421,False,0,B_DIP2_KEEP_5,KOSDAQ,5.034722222222232,7.433006086550997
2026-09-21,252990,샘씨엔에스,18090.0,17728.2,True,FILLED,2026-09-22,17728.2,INTRADAY_LIMIT,1,16642.8,22431.600000000002,OPEN,,,,,,100.0,7.455917690459257,False,0,B_DIP2_KEEP_5,KOSDAQ,5.306799336650081,7.433006086550997
2026-09-21,000430,대원강업,5040.0,4939.2,True,FILLED,2026-09-23,4939.2,INTRADAY_LIMIT,2,4636.8,6249.599999999999,CLOSED,,,2026-09-29,4580,STOP_LOSS,0.0,-7.272432782636862,False,-7.272432782636862,B_DIP2_KEEP_5,KOSPI,-9.126984126984128,-2.90850661841513
2026-09-21,003160,디아이,35400.0,34692.0,True,FILLED,2026-09-22,34692.0,INTRADAY_LIMIT,1,32568.0,43896.0,PARTIAL,2026-10-02,43896.0,,,,50.0,23.149429263230715,False,13.265306122448983,B_DIP2_KEEP_5,KOSPI,20.6864406779661,-2.90850661841513
2026-09-21,029460,케이씨,44600.0,43708.0,True,FILLED,2026-09-22,43708.0,INTRADAY_LIMIT,1,41032.0,55304.0,OPEN,,,,,,100.0,8.10377962844331,False,0,B_DIP2_KEEP_5,KOSPI,5.94170403587444,-2.90850661841513
2026-09-22,059090,미코,22600.0,22148.0,True,FILLED,2026-09-23,22148.0,INTRADAY_LIMIT,1,20792.0,28024.0,OPEN,,,,,,100.0,3.1695864186382483,False,0,B_DIP2_KEEP_5,KOSDAQ,1.106194690265494,7.676358493731872
2026-09-22,095340,ISC,208000.0,203840.0,True,FILLED,2026-09-28,203840.0,INTRADAY_LIMIT,2,191360.0,257920.0,OPEN,,,,,,100.0,-0.6573783359497654,False,0,B_DIP2_KEEP_5,KOSDAQ,-2.644230769230771,7.676358493731872
2026-09-22,222800,심텍,148100.0,145138.0,True,FILLED,2026-09-23,145138.0,INTRADAY_LIMIT,1,136252.0,183644.0,OPEN,,,,,,100.0,17.40550372748695,False,0,B_DIP2_KEEP_5,KOSDAQ,15.057393652937211,7.676358493731872
2026-09-22,425420,티에프이,64400.0,63112.0,True,FILLED,2026-09-28,63112.0,INTRADAY_LIMIT,2,59248.0,79856.0,OPEN,,,,,,100.0,2.6746102167575003,False,0,B_DIP2_KEEP_5,KOSDAQ,0.6211180124223503,7.676358493731872
2026-09-22,003490,대한항공,31400.0,30772.0,False,EXPIRED,,,,,,,,,,,,,,0.0,False,0.0,B_DIP2_KEEP_5,KOSPI,-1.7515923566879033,-3.0494833932039667
2026-09-22,020560,아시아나항공,8370.0,8202.6,False,EXPIRED,,,,,,,,,,,,,,0.0,False,0.0,B_DIP2_KEEP_5,KOSPI,-1.5531660692950977,-3.0494833932039667
2026-09-23,017890,한국알콜,15390.0,15082.199999999999,False,EXPIRED,,,,,,,,,,,,,,0.0,False,0.0,B_DIP2_KEEP_5,KOSDAQ,4.483430799220267,6.388546798029537
2026-09-23,084370,유진테크,163600.0,160328.0,True,FILLED,2026-09-28,159400,OPEN_BETTER_THAN_LIMIT,1,150512.0,202864.0,OPEN,,,,,,100.0,6.022584692597244,False,0,B_DIP2_KEEP_5,KOSDAQ,3.3007334963325086,6.388546798029537
2026-09-23,114810,한솔아이원스,14770.0,14474.6,True,FILLED,2026-09-28,14420,OPEN_BETTER_THAN_LIMIT,1,13588.400000000001,18314.799999999996,OPEN,,,,,,100.0,1.4563106796116498,False,0,B_DIP2_KEEP_5,KOSDAQ,-0.9478672985781977,6.388546798029537
2026-09-23,417840,저스템,17080.0,16738.4,True,FILLED,2026-09-28,16738.4,INTRADAY_LIMIT,1,15713.6,21179.199999999997,OPEN,,,,,,100.0,12.31658939922573,False,0,B_DIP2_KEEP_5,KOSDAQ,10.070257611241207,6.388546798029537
2026-09-23,446540,메가터치,10900.0,10682.0,True,FILLED,2026-09-28,10682.0,INTRADAY_LIMIT,1,10028.0,13516.0,OPEN,,,,,,100.0,2.8833551769331667,False,0,B_DIP2_KEEP_5,KOSDAQ,0.8256880733944927,6.388546798029537
2026-09-23,006120,SK디스커버리,60300.0,59094.0,False,EXPIRED,,,,,,,,,,,,,,0.0,False,0.0,B_DIP2_KEEP_5,KOSPI,19.237147595356554,-3.91220349898036
2026-09-23,010955,S-Oil우,84000.0,82320.0,True,FILLED,2026-10-01,82320.0,INTRADAY_LIMIT,4,77280.0,104160.0,OPEN,,,,,,100.0,9.693877551020403,False,0,B_DIP2_KEEP_5,KOSPI,7.499999999999996,-3.91220349898036
2026-09-28,009240,한샘,40750.0,39935.0,True,FILLED,2026-09-29,39935.0,INTRADAY_LIMIT,1,37490.0,50530.0,OPEN,,,,,,100.0,1.414799048453741,False,0,B_DIP2_KEEP_5,KOSPI,-0.6134969325153339,-1.245910585885679
2026-09-28,025000,KPX케미칼,57700.0,56546.0,True,FILLED,2026-10-01,56546.0,INTRADAY_LIMIT,3,53084.0,71548.0,OPEN,,,,,,100.0,3.632440844622087,False,0,B_DIP2_KEEP_5,KOSPI,1.559792027729645,-1.245910585885679
2026-09-28,284740,쿠쿠홈시스,24300.0,23814.0,True,FILLED,2026-09-29,23814.0,INTRADAY_LIMIT,1,22356.0,30132.0,OPEN,,,,,,100.0,4.56034265558074,False,0,B_DIP2_KEEP_5,KOSPI,2.4691358024691468,-1.245910585885679
2026-09-29,031980,피에스케이홀딩스,180800.0,177184.0,True,FILLED,2026-09-30,177184.0,INTRADAY_LIMIT,1,166336.0,224192.0,OPEN,,,,,,100.0,15.134549394979224,False,0,B_DIP2_KEEP_5,KOSDAQ,12.831858407079654,5.72252294657567
2026-09-29,064760,티씨케이,300000.0,294000.0,True,FILLED,2026-10-02,294000.0,INTRADAY_LIMIT,3,276000.0,372000.0,OPEN,,,,,,100.0,-3.0612244897959218,False,0,B_DIP2_KEEP_5,KOSDAQ,-5.000000000000004,5.72252294657567
2026-09-29,101160,월덱스,32250.0,31605.0,True,FILLED,2026-09-30,31605.0,INTRADAY_LIMIT,1,29670.0,39990.0,OPEN,,,,,,100.0,1.882613510520481,False,0,B_DIP2_KEEP_5,KOSDAQ,-0.15503875968991832,5.72252294657567
2026-09-29,219130,타이거일렉,91000.0,89180.0,True,FILLED,2026-09-30,89180.0,INTRADAY_LIMIT,1,83720.0,112840.0,OPEN,,,,,,100.0,9.8901098901099,False,0,B_DIP2_KEEP_5,KOSDAQ,7.692307692307687,5.72252294657567
2026-09-29,252990,샘씨엔에스,19950.0,19551.0,True,FILLED,2026-09-30,19551.0,INTRADAY_LIMIT,1,18354.0,24738.0,OPEN,,,,,,100.0,-2.562528770906858,False,0,B_DIP2_KEEP_5,KOSDAQ,-4.511278195488721,5.72252294657567
2026-09-29,029460,케이씨,46250.0,45325.0,True,FILLED,2026-09-30,45325.0,INTRADAY_LIMIT,1,42550.0,57350.0,OPEN,,,,,,100.0,4.247104247104239,False,0,B_DIP2_KEEP_5,KOSPI,2.1621621621621623,-0.9738298686763347
2026-09-30,036930,주성엔지니어링,232500.0,227850.0,True,FILLED,2026-10-01,227850.0,INTRADAY_LIMIT,1,213900.0,288300.0,OPEN,,,,,,100.0,8.624094799210003,False,0,B_DIP2_KEEP_5,KOSDAQ,6.451612903225801,4.967812036312225
2026-09-30,059090,미코,23200.0,22736.0,True,FILLED,2026-10-01,22650,OPEN_BETTER_THAN_LIMIT,1,21344.0,28768.0,OPEN,,,,,,100.0,0.8830022075055233,False,0,B_DIP2_KEEP_5,KOSDAQ,-1.5086206896551713,4.967812036312225
2026-09-30,078350,한양디지텍,31950.0,31311.0,True,FILLED,2026-10-01,31150,OPEN_BETTER_THAN_LIMIT,1,29394.0,39618.0,OPEN,,,,,,100.0,16.85393258426966,False,0,B_DIP2_KEEP_5,KOSDAQ,13.928012519561817,4.967812036312225
2026-09-30,122640,예스티,33600.0,32928.0,True,FILLED,2026-10-07,32928.0,INTRADAY_LIMIT,4,30912.0,41664.0,OPEN,,,,,,100.0,-3.4256559766763894,False,0,B_DIP2_KEEP_5,KOSDAQ,-5.35714285714286,4.967812036312225
2026-09-30,001120,LX인터내셔널,43300.0,42434.0,True,FILLED,2026-10-01,42434.0,INTRADAY_LIMIT,1,39836.0,53692.0,OPEN,,,,,,100.0,3.5726068718480386,False,0,B_DIP2_KEEP_5,KOSPI,1.501154734411081,-0.4992658715070486
2026-09-30,020000,한섬,21000.0,20580.0,False,NOT_REACHED,,,,,,,,,,,,,,0.0,False,0.0,B_DIP2_KEEP_5,KOSPI,3.3333333333333437,-0.4992658715070486
2026-09-30,306200,세아제강,153200.0,150136.0,True,FILLED,2026-10-01,150136.0,INTRADAY_LIMIT,1,140944.0,189968.0,OPEN,,,,,,100.0,-1.089678691319873,False,0,B_DIP2_KEEP_5,KOSPI,-3.067885117493474,-0.4992658715070486
2026-10-02,005160,동국산업,3970.0,3890.6,True,FILLED,2026-10-07,3890.6,INTRADAY_LIMIT,2,3652.4,4922.799999999999,OPEN,,,,,,100.0,-1.0435408420295,False,0,B_DIP2_KEEP_5,KOSDAQ,-3.0226700251889116,0.5754010455730985
2026-10-02,036710,심텍홀딩스,4960.0,4860.8,False,NOT_REACHED,,,,,,,,,,,,,,0.0,False,0.0,B_DIP2_KEEP_5,KOSDAQ,2.4193548387096753,0.5754010455730985
2026-10-02,064290,인텍플러스,59100.0,57918.0,True,FILLED,2026-10-07,57918.0,INTRADAY_LIMIT,2,54372.0,73284.0,OPEN,,,,,,100.0,1.0048689526572119,False,0,B_DIP2_KEEP_5,KOSDAQ,-1.0152284263959421,0.5754010455730985
2026-10-06,031980,피에스케이홀딩스,197000.0,193060.0,True,FILLED,2026-10-07,193000,OPEN_BETTER_THAN_LIMIT,1,181240.0,244280.0,OPEN,,,,,,100.0,5.699481865284972,False,0,B_DIP2_KEEP_5,KOSDAQ,3.5532994923857864,-2.33607270197409
2026-10-06,091580,상신이디피,24850.0,24353.0,True,FILLED,2026-10-07,24353.0,INTRADAY_LIMIT,1,22862.0,30814.0,OPEN,,,,,,100.0,0.8089352441177589,False,0,B_DIP2_KEEP_5,KOSDAQ,-1.2072434607645843,-2.33607270197409
2026-10-06,236200,슈프리마,60400.0,59192.0,True,FILLED,2026-10-07,58600,OPEN_BETTER_THAN_LIMIT,1,55568.0,74896.0,CLOSED,,,2026-10-07,54800,STOP_LOSS,0.0,-6.484641638225252,False,-6.484641638225252,B_DIP2_KEEP_5,KOSDAQ,-9.27152317880795,-2.33607270197409
2026-10-06,006400,삼성SDI,575000.0,563500.0,True,FILLED,2026-10-07,563500.0,INTRADAY_LIMIT,1,529000.0,713000.0,OPEN,,,,,,100.0,-0.2661934338953009,False,0,B_DIP2_KEEP_5,KOSPI,-2.260869565217394,-1.980727203053001
2026-10-06,007660,이수페타시스,131900.0,129262.0,True,FILLED,2026-10-07,129262.0,INTRADAY_LIMIT,1,121348.0,163556.0,OPEN,,,,,,100.0,-5.618047067196851,False,0,B_DIP2_KEEP_5,KOSPI,-7.505686125852917,-1.980727203053001
2026-10-06,192820,코스맥스,298000.0,292040.0,False,NOT_REACHED,,,,,,,,,,,,,,0.0,False,0.0,B_DIP2_KEEP_5,KOSPI,3.523489932885915,-1.980727203053001
2026-10-06,226320,잇츠한불,11260.0,11034.8,False,NOT_REACHED,,,,,,,,,,,,,,0.0,False,0.0,B_DIP2_KEEP_5,KOSPI,4.440497335701599,-1.980727203053001
2026-10-06,373220,LG에너지솔루션,390000.0,382200.0,True,FILLED,2026-10-07,382200.0,INTRADAY_LIMIT,1,358800.0,483600.0,OPEN,,,,,,100.0,2.302459445316596,False,0,B_DIP2_KEEP_5,KOSPI,0.2564102564102555,-1.980727203053001
2026-10-07,041960,코미팜,11000.0,10780.0,False,NO_FUTURE_BAR,,,,,,,,,,,,,,0.0,False,0.0,B_DIP2_KEEP_5,KOSDAQ,0.0,0.0
2026-10-07,131290,티에스이,316000.0,309680.0,False,NO_FUTURE_BAR,,,,,,,,,,,,,,0.0,False,0.0,B_DIP2_KEEP_5,KOSDAQ,0.0,0.0
2026-10-07,219130,타이거일렉,98000.0,96040.0,False,NO_FUTURE_BAR,,,,,,,,,,,,,,0.0,False,0.0,B_DIP2_KEEP_5,KOSDAQ,0.0,0.0
2026-10-07,002320,한진,16860.0,16522.8,False,NO_FUTURE_BAR,,,,,,,,,,,,,,0.0,False,0.0,B_DIP2_KEEP_5,KOSPI,0.0,0.0
2026-10-07,002960,한국쉘석유,541000.0,530180.0,False,NO_FUTURE_BAR,,,,,,,,,,,,,,0.0,False,0.0,B_DIP2_KEEP_5,KOSPI,0.0,0.0
2026-10-07,008930,한미사이언스,58100.0,56938.0,False,NO_FUTURE_BAR,,,,,,,,,,,,,,0.0,False,0.0,B_DIP2_KEEP_5,KOSPI,0.0,0.0
2026-10-07,078520,에이블씨엔씨,11880.0,11642.4,False,NO_FUTURE_BAR,,,,,,,,,,,,,,0.0,False,0.0,B_DIP2_KEEP_5,KOSPI,0.0,0.0
2026-10-07,383220,F&F,74100.0,72618.0,False,NO_FUTURE_BAR,,,,,,,,,,,,,,0.0,False,0.0,B_DIP2_KEEP_5,KOSPI,0.0,0.0
2026-08-24,002840,미원상사,131800.0,127846.0,True,FILLED,2026-09-03,127100,OPEN_BETTER_THAN_LIMIT,8,121256.0,163432.0,OPEN,,,,,,100.0,9.913453973249409,False,0,B_DIP3_KEEP_GTC,KOSPI,5.993930197268593,1.5968439411314872
2026-08-24,028670,팬오션,6320.0,6130.4,True,FILLED,2026-08-26,6130.4,INTRADAY_LIMIT,2,5814.400000000001,7836.799999999998,CLOSED,,,2026-08-26,5610,STOP_LOSS,0.0,-8.488842489886462,False,-8.488842489886462,B_DIP3_KEEP_GTC,KOSPI,-11.234177215189877,1.5968439411314872
2026-08-24,058650,세아홀딩스,132600.0,128622.0,True,FILLED,2026-09-22,128622.0,INTRADAY_LIMIT,21,121992.0,164424.0,OPEN,,,,,,100.0,-1.805289919298414,False,0,B_DIP3_KEEP_GTC,KOSPI,-4.751131221719462,1.5968439411314872
2026-08-25,002310,아세아제지,8560.0,8303.199999999999,True,FILLED,2026-08-26,8303.199999999999,INTRADAY_LIMIT,1,7875.200000000001,10614.399999999998,CLOSED,,,2026-09-30,7850,STOP_LOSS,0.0,-5.458136622025234,False,-5.458136622025234,B_DIP3_KEEP_GTC,KOSPI,-8.294392523364492,0.9070496563711394
2026-08-25,078930,GS,121800.0,118146.0,True,FILLED,2026-08-26,118146.0,INTRADAY_LIMIT,1,112056.0,151032.0,CLOSED,,,2026-09-16,112000,STOP_LOSS,0.0,-5.202038156179645,False,-5.202038156179645,B_DIP3_KEEP_GTC,KOSPI,-8.045977011494255,0.9070496563711394
2026-08-25,080580,오킨스전자,19400.0,18818.0,True,FILLED,2026-08-26,18818.0,INTRADAY_LIMIT,1,17848.0,24056.0,PARTIAL,2026-09-21,24056.0,,,,50.0,38.71293442448719,False,13.917525773195871,B_DIP3_KEEP_GTC,KOSDAQ,34.551546391752574,8.617542162848334
2026-08-25,090430,아모레퍼시픽,143300.0,139001.0,True,FILLED,2026-09-07,139001.0,INTRADAY_LIMIT,9,131836.0,177692.0,OPEN,,,,,,100.0,-0.36042906166142696,False,0,B_DIP3_KEEP_GTC,KOSPI,-3.3496161898115884,0.9070496563711394
2026-08-25,122900,아이마켓코리아,8350.0,8099.5,True,FILLED,2026-09-02,8099.5,INTRADAY_LIMIT,6,7682.0,10354.0,OPEN,,,,,,100.0,1.6112105685536227,False,0,B_DIP3_KEEP_GTC,KOSPI,-1.4371257485029987,0.9070496563711394
2026-08-25,123330,제닉,32200.0,31234.0,True,FILLED,2026-09-04,31234.0,INTRADAY_LIMIT,8,29624.0,39928.0,CLOSED,,,2026-09-07,28350,STOP_LOSS,0.0,-9.233527566113853,False,-9.233527566113853,B_DIP3_KEEP_GTC,KOSDAQ,-11.956521739130432,8.617542162848334
2026-08-25,161890,한국콜마,150000.0,145500.0,True,FILLED,2026-08-27,145500.0,INTRADAY_LIMIT,2,138000.0,186000.0,CLOSED,,,2026-09-11,137200,STOP_LOSS_GAP,0.0,-5.704467353951892,False,-5.704467353951892,B_DIP3_KEEP_GTC,KOSPI,-8.533333333333337,0.9070496563711394
2026-08-25,257720,실리콘투,51900.0,50343.0,True,FILLED,2026-08-26,50343.0,INTRADAY_LIMIT,1,47748.0,64356.0,CLOSED,,,2026-09-07,47150,STOP_LOSS,0.0,-6.342490515066645,False,-6.342490515066645,B_DIP3_KEEP_GTC,KOSDAQ,-9.152215799614638,8.617542162848334
2026-08-25,278470,에이피알,440500.0,427285.0,True,FILLED,2026-09-02,427285.0,INTRADAY_LIMIT,6,405260.0,546220.0,CLOSED,,,2026-09-04,394000,STOP_LOSS,0.0,-7.7898826310308085,False,-7.7898826310308085,B_DIP3_KEEP_GTC,KOSPI,-10.556186152099889,0.9070496563711394
2026-08-25,280360,롯데웰푸드,135200.0,131144.0,True,FILLED,2026-09-16,131144.0,INTRADAY_LIMIT,16,124384.0,167648.0,CLOSED,,,2026-09-22,123900,STOP_LOSS,0.0,-5.523699139876781,False,-5.523699139876781,B_DIP3_KEEP_GTC,KOSPI,-8.357988165680474,0.9070496563711394
2026-08-26,000815,삼성화재우,425000.0,412250.0,True,FILLED,2026-09-15,412250.0,INTRADAY_LIMIT,14,391000.0,527000.0,CLOSED,,,2026-10-01,391000,STOP_LOSS,0.0,-5.154639175257736,False,-5.154639175257736,B_DIP3_KEEP_GTC,KOSPI,-7.9999999999999964,-0.06330592035205251
2026-08-26,003230,삼양식품,1507000.0,1461790.0,True,FILLED,2026-09-01,1461790.0,INTRADAY_LIMIT,4,1386440.0,1868680.0,CLOSED,,,2026-09-07,1330000,STOP_LOSS,0.0,-9.015658883971023,False,-9.015658883971023,B_DIP3_KEEP_GTC,KOSPI,-11.745189117451893,-0.06330592035205251
2026-08-26,003300,한일홀딩스,18350.0,17799.5,True,FILLED,2026-09-10,17799.5,INTRADAY_LIMIT,11,16882.0,22754.0,OPEN,,,,,,100.0,-4.098429731172226,False,0,B_DIP3_KEEP_GTC,KOSPI,-6.975476839237061,-0.06330592035205251
2026-08-26,004490,세방전지,59800.0,58006.0,False,NOT_REACHED,,,,,,,,,,,,,,0.0,False,0.0,B_DIP3_KEEP_GTC,KOSPI,4.849498327759205,-0.06330592035205251
2026-08-26,006360,GS건설,37800.0,36666.0,True,FILLED,2026-08-28,36666.0,INTRADAY_LIMIT,2,34776.0,46872.0,CLOSED,,,2026-09-01,33300,STOP_LOSS,0.0,-9.180166912125676,False,-9.180166912125676,B_DIP3_KEEP_GTC,KOSPI,-11.904761904761907,-0.06330592035205251
2026-08-26,017940,E1,97700.0,94769.0,True,FILLED,2026-09-16,94769.0,INTRADAY_LIMIT,15,89884.0,121148.0,CLOSED,,,2026-10-01,88300,STOP_LOSS,0.0,-6.8260718167333145,False,-6.8260718167333145,B_DIP3_KEEP_GTC,KOSPI,-9.621289662231325,-0.06330592035205251
2026-08-27,006400,삼성SDI,569000.0,551930.0,True,FILLED,2026-09-02,551930.0,INTRADAY_LIMIT,4,523480.0,705560.0,CLOSED,,,2026-09-23,521000,STOP_LOSS,0.0,-5.603971518127304,False,-5.603971518127304,B_DIP3_KEEP_GTC,KOSPI,-8.435852372583474,-1.5692157682531516
2026-08-27,012750,에스원,85500.0,82935.0,True,FILLED,2026-08-28,82935.0,INTRADAY_LIMIT,1,78660.0,106020.0,OPEN,,,,,,100.0,1.042985470549218,False,0,B_DIP3_KEEP_GTC,KOSPI,-1.9883040935672502,-1.5692157682531516
2026-08-27,029460,케이씨,38650.0,37490.5,True,FILLED,2026-08-28,37490.5,INTRADAY_LIMIT,1,35558.0,47926.0,OPEN,,,,,,100.0,26.031928088449074,False,0,B_DIP3_KEEP_GTC,KOSPI,22.25097024579561,-1.5692157682531516
2026-08-27,183190,아세아시멘트,10550.0,10233.5,True,FILLED,2026-09-16,10233.5,INTRADAY_LIMIT,14,9706.0,13082.0,OPEN,,,,,,100.0,-2.6725949088777012,False,0,B_DIP3_KEEP_GTC,KOSPI,-5.592417061611377,-1.5692157682531516
2026-08-27,222800,심텍,126900.0,123093.0,True,FILLED,2026-08-28,123093.0,INTRADAY_LIMIT,1,116748.0,157356.0,PARTIAL,2026-10-01,157356.0,,,,50.0,33.133484438595204,False,13.917525773195871,B_DIP3_KEEP_GTC,KOSDAQ,29.139479905437348,7.256013848265974
2026-08-28,035600,KG이니시스,10640.0,10320.8,True,FILLED,2026-08-31,10320.8,INTRADAY_LIMIT,1,9788.800000000001,13193.599999999997,CLOSED,,,2026-09-30,9770,STOP_LOSS,0.0,-5.336795597240518,False,-5.336795597240518,B_DIP3_KEEP_GTC,KOSDAQ,-8.176691729323304,7.158788659486404
2026-08-28,096530,씨젠,35650.0,34580.5,True,FILLED,2026-08-31,34580.5,INTRADAY_LIMIT,1,32798.0,44206.0,CLOSED,,,2026-09-02,32100,STOP_LOSS,0.0,-7.173117797602691,False,-7.173117797602691,B_DIP3_KEEP_GTC,KOSDAQ,-9.957924263674611,7.158788659486404
2026-08-28,204620,글로벌텍스프리,5960.0,5781.2,True,FILLED,2026-08-31,5781.2,INTRADAY_LIMIT,1,5483.2,7390.400000000001,CLOSED,,,2026-09-03,5370,STOP_LOSS,0.0,-7.112710163979797,False,-7.112710163979797,B_DIP3_KEEP_GTC,KOSDAQ,-9.899328859060407,7.158788659486404
2026-08-28,002790,아모레퍼시픽홀딩스,28000.0,27160.0,True,FILLED,2026-08-31,27160.0,INTRADAY_LIMIT,1,25760.0,34720.0,CLOSED,,,2026-09-09,25500,STOP_LOSS,0.0,-6.111929307805597,False,-6.111929307805597,B_DIP3_KEEP_GTC,KOSPI,-8.92857142857143,0.22124415220183824
2026-08-28,025000,KPX케미칼,55800.0,54126.0,True,FILLED,2026-09-07,54126.0,INTRADAY_LIMIT,6,51336.0,69192.0,OPEN,,,,,,100.0,8.265898089642686,False,0,B_DIP3_KEEP_GTC,KOSPI,5.017921146953408,0.22124415220183824
2026-08-28,044820,코스맥스비티아이,26800.0,25996.0,True,FILLED,2026-08-31,25996.0,INTRADAY_LIMIT,1,24656.0,33232.0,CLOSED,,,2026-09-03,24600,STOP_LOSS_GAP,0.0,-5.370056931835665,False,-5.370056931835665,B_DIP3_KEEP_GTC,KOSPI,-8.208955223880599,0.22124415220183824
2026-08-28,088350,한화생명,5950.0,5771.5,True,FILLED,2026-08-31,5771.5,INTRADAY_LIMIT,1,5474.0,7378.0,CLOSED,,,2026-09-30,5330,STOP_LOSS,0.0,-7.649657801264831,False,-7.649657801264831,B_DIP3_KEEP_GTC,KOSPI,-10.420168067226887,0.22124415220183824
2026-08-28,090430,아모레퍼시픽,150600.0,146082.0,True,FILLED,2026-09-01,146082.0,INTRADAY_LIMIT,2,138552.0,186744.0,CLOSED,,,2026-09-09,138300,STOP_LOSS,0.0,-5.327145028134883,False,-5.327145028134883,B_DIP3_KEEP_GTC,KOSPI,-8.16733067729084,0.22124415220183824
2026-08-28,104700,한국철강,10120.0,9816.4,True,FILLED,2026-09-01,9816.4,INTRADAY_LIMIT,2,9310.4,12548.800000000001,CLOSED,,,2026-09-30,9310,STOP_LOSS,0.0,-5.158713988835006,False,-5.158713988835006,B_DIP3_KEEP_GTC,KOSPI,-8.00395256916996,0.22124415220183824
2026-08-28,161890,한국콜마,161700.0,156849.0,True,FILLED,2026-08-31,156849.0,INTRADAY_LIMIT,1,148764.0,200508.0,CLOSED,,,2026-09-04,145800,STOP_LOSS,0.0,-7.04435476158598,False,-7.04435476158598,B_DIP3_KEEP_GTC,KOSPI,-9.83302411873841,0.22124415220183824
2026-08-28,192820,코스맥스,303000.0,293910.0,True,FILLED,2026-08-31,293910.0,INTRADAY_LIMIT,1,278760.0,375720.0,CLOSED,,,2026-09-02,278500,STOP_LOSS_GAP,0.0,-5.243101629750601,False,-5.243101629750601,B_DIP3_KEEP_GTC,KOSPI,-8.085808580858089,0.22124415220183824
2026-08-28,278470,에이피알,461500.0,447655.0,True,FILLED,2026-08-31,447655.0,INTRADAY_LIMIT,1,424580.0,572260.0,CLOSED,,,2026-09-02,419000,STOP_LOSS,0.0,-6.401134802470654,False,-6.401134802470654,B_DIP3_KEEP_GTC,KOSPI,-9.209100758396538,0.22124415220183824
2026-08-28,300720,한일시멘트,16950.0,16441.5,True,FILLED,2026-09-02,16441.5,INTRADAY_LIMIT,3,15594.0,21018.0,OPEN,,,,,,100.0,-1.5904874859349771,False,0,B_DIP3_KEEP_GTC,KOSPI,-4.542772861356936,0.22124415220183824
2026-08-31,068930,디지털대성,8660.0,8400.199999999999,True,FILLED,2026-09-08,8400.199999999999,INTRADAY_LIMIT,6,7967.200000000001,10738.399999999998,OPEN,,,,,,100.0,9.521201876145824,False,0,B_DIP3_KEEP_GTC,KOSDAQ,6.235565819861422,7.687974205611958
2026-08-31,353810,이지바이오,6830.0,6625.099999999999,True,FILLED,2026-09-01,6625.099999999999,INTRADAY_LIMIT,1,6283.6,8469.199999999999,CLOSED,,,2026-09-07,6160,STOP_LOSS,0.0,-7.020271392129917,False,-7.020271392129917,B_DIP3_KEEP_GTC,KOSDAQ,-9.809663250366029,7.687974205611958
2026-08-31,014820,동원시스템즈,23200.0,22504.0,True,FILLED,2026-09-02,22504.0,INTRADAY_LIMIT,2,21344.0,28768.0,CLOSED,,,2026-09-09,21250,STOP_LOSS_GAP,0.0,-5.572342694632071,False,-5.572342694632071,B_DIP3_KEEP_GTC,KOSPI,-8.405172413793105,-0.2363629432171832
2026-08-31,086790,하나금융지주,136300.0,132211.0,True,FILLED,2026-09-23,132211.0,INTRADAY_LIMIT,17,125396.0,169012.0,OPEN,,,,,,100.0,-2.504330199453908,False,0,B_DIP3_KEEP_GTC,KOSPI,-5.4292002934702825,-0.2363629432171832
2026-08-31,123890,한국자산신탁,2640.0,2560.7999999999997,True,FILLED,2026-09-07,2560.7999999999997,INTRADAY_LIMIT,5,2428.8,3273.5999999999995,CLOSED,,,2026-09-23,2425,STOP_LOSS,0.0,-5.303030303030298,False,-5.303030303030298,B_DIP3_KEEP_GTC,KOSPI,-8.143939393939393,-0.2363629432171832
2026-08-31,373220,LG에너지솔루션,378000.0,366660.0,True,FILLED,2026-09-01,366660.0,INTRADAY_LIMIT,1,347760.0,468720.0,CLOSED,,,2026-09-02,347500,STOP_LOSS,0.0,-5.225549555446463,False,-5.225549555446463,B_DIP3_KEEP_GTC,KOSPI,-8.06878306878307,-0.2363629432171832
2026-09-01,001060,JW중외제약,29000.0,28130.0,True,FILLED,2026-09-02,28130.0,INTRADAY_LIMIT,1,26680.0,35960.0,CLOSED,,,2026-09-11,26400,STOP_LOSS_GAP,0.0,-6.150017774617844,False,-6.150017774617844,B_DIP3_KEEP_GTC,KOSPI,-8.965517241379306,-0.46666081512040103
2026-09-01,089860,롯데렌탈,51400.0,49858.0,True,FILLED,2026-09-02,49858.0,INTRADAY_LIMIT,1,47288.0,63736.0,OPEN,,,,,,100.0,2.8922138874403203,False,0,B_DIP3_KEEP_GTC,KOSPI,-0.1945525291828787,-0.46666081512040103
2026-09-01,126560,현대퓨처넷,3425.0,3322.25,True,FILLED,2026-09-09,3322.25,INTRADAY_LIMIT,6,3151.0,4247.0,OPEN,,,,,,100.0,1.5877793663932493,False,0,B_DIP3_KEEP_GTC,KOSPI,-1.4598540145985384,-0.46666081512040103
2026-09-02,159010,아스플로,24100.0,23377.0,True,FILLED,2026-09-07,23377.0,INTRADAY_LIMIT,3,22172.0,29884.0,CLOSED,,,2026-09-15,22000,STOP_LOSS_GAP,0.0,-5.890405099028961,False,-5.890405099028961,B_DIP3_KEEP_GTC,KOSDAQ,-8.713692946058094,11.747804671758
2026-09-02,377450,리파인,16800.0,16296.0,True,FILLED,2026-09-15,16296.0,INTRADAY_LIMIT,9,15456.0,20832.0,CLOSED,,,2026-09-15,14250,STOP_LOSS,0.0,-12.555228276877761,False,-12.555228276877761,B_DIP3_KEEP_GTC,KOSDAQ,-15.17857142857143,11.747804671758
2026-09-02,180640,한진칼,139100.0,134927.0,True,FILLED,2026-09-03,134927.0,INTRADAY_LIMIT,1,127972.0,172484.0,OPEN,,,,,,100.0,-0.7611523268137632,False,0,B_DIP3_KEEP_GTC,KOSPI,-3.738317757009346,3.675000609503365
2026-09-03,008930,한미사이언스,51500.0,49955.0,True,FILLED,2026-09-07,49955.0,INTRADAY_LIMIT,2,47380.0,63860.0,OPEN,,,,,,100.0,16.304674206786117,False,0,B_DIP3_KEEP_GTC,KOSPI,12.815533980582527,3.4109078529002357
2026-09-03,088350,한화생명,6110.0,5926.7,True,FILLED,2026-09-04,5926.7,INTRADAY_LIMIT,1,5621.2,7576.400000000001,CLOSED,,,2026-09-30,5330,STOP_LOSS,0.0,-10.067997367843818,False,-10.067997367843818,B_DIP3_KEEP_GTC,KOSPI,-12.765957446808507,3.4109078529002357
2026-09-03,145990,삼양사,47400.0,45978.0,True,FILLED,2026-09-22,45978.0,INTRADAY_LIMIT,13,43608.0,58776.0,OPEN,,,,,,100.0,0.2653442950976581,False,0,B_DIP3_KEEP_GTC,KOSPI,-2.742616033755274,3.4109078529002357
2026-09-03,306200,세아제강,147500.0,143075.0,True,FILLED,2026-09-07,143075.0,INTRADAY_LIMIT,2,135700.0,182900.0,OPEN,,,,,,100.0,3.7917176306133227,False,0,B_DIP3_KEEP_GTC,KOSPI,0.6779661016949046,3.4109078529002357
2026-09-04,031980,피에스케이홀딩스,144000.0,139680.0,False,NOT_REACHED,,,,,,,,,,,,,,0.0,False,0.0,B_DIP3_KEEP_GTC,KOSDAQ,32.833333333333336,10.440073755377988
2026-09-04,049430,코메론,22450.0,21776.5,True,FILLED,2026-09-07,21776.5,INTRADAY_LIMIT,1,20654.0,27838.0,OPEN,,,,,,100.0,0.5671251119325982,False,0,B_DIP3_KEEP_GTC,KOSDAQ,-2.4498886414253906,10.440073755377988
2026-09-04,064290,인텍플러스,40150.0,38945.5,False,NOT_REACHED,,,,,,,,,,,,,,0.0,False,0.0,B_DIP3_KEEP_GTC,KOSDAQ,34.85180572851806,10.440073755377988
2026-09-04,377450,리파인,16960.0,16451.2,True,FILLED,2026-09-15,16451.2,INTRADAY_LIMIT,7,15603.2,21030.399999999998,CLOSED,,,2026-09-15,14250,STOP_LOSS,0.0,-13.38017895351099,False,-13.38017895351099,B_DIP3_KEEP_GTC,KOSDAQ,-15.978773584905658,10.440073755377988
2026-09-04,002310,아세아제지,8840.0,8574.8,True,FILLED,2026-09-09,8574.8,INTRADAY_LIMIT,3,8132.8,10961.599999999999,CLOSED,,,2026-09-29,7960,STOP_LOSS,0.0,-7.169846527032697,False,-7.169846527032697,B_DIP3_KEEP_GTC,KOSPI,-9.954751131221718,1.7449728661130592
2026-09-04,004690,삼천리,136700.0,132599.0,True,FILLED,2026-09-07,132599.0,INTRADAY_LIMIT,1,125764.0,169508.0,OPEN,,,,,,100.0,-3.2421058982345263,False,0,B_DIP3_KEEP_GTC,KOSPI,-6.144842721287491,1.7449728661130592
2026-09-04,180640,한진칼,146000.0,141620.0,True,FILLED,2026-09-07,141620.0,INTRADAY_LIMIT,1,134320.0,181040.0,CLOSED,,,2026-09-11,131700,STOP_LOSS_GAP,0.0,-7.004660358706394,False,-7.004660358706394,B_DIP3_KEEP_GTC,KOSPI,-9.794520547945208,1.7449728661130592
2026-09-04,272450,진에어,6140.0,5955.8,True,FILLED,2026-09-10,5955.8,INTRADAY_LIMIT,4,5648.8,7613.599999999999,OPEN,,,,,,100.0,-2.112226736962297,False,0,B_DIP3_KEEP_GTC,KOSPI,-5.048859934853422,1.7449728661130592
2026-09-07,064760,티씨케이,268500.0,260445.0,True,FILLED,2026-09-09,260445.0,INTRADAY_LIMIT,2,247020.0,332940.0,OPEN,,,,,,100.0,9.428094223348493,False,0,B_DIP3_KEEP_GTC,KOSDAQ,6.145251396648055,9.272795825782353
2026-09-07,131290,티에스이,261500.0,253655.0,True,FILLED,2026-09-14,251000,OPEN_BETTER_THAN_LIMIT,5,240580.0,324260.0,CLOSED,,,2026-09-14,236000,STOP_LOSS,0.0,-5.976095617529875,False,-5.976095617529875,B_DIP3_KEEP_GTC,KOSDAQ,-9.751434034416828,9.272795825782353
2026-09-08,241770,메카로,42350.0,41079.5,True,FILLED,2026-09-09,41079.5,INTRADAY_LIMIT,1,38962.0,52514.0,CLOSED,,,2026-09-15,38750,STOP_LOSS,0.0,-5.670711668837258,False,-5.670711668837258,B_DIP3_KEEP_GTC,KOSDAQ,-8.500590318772138,10.66044242991575
2026-09-09,00088K,한화3우B,43600.0,42292.0,True,FILLED,2026-09-10,42292.0,INTRADAY_LIMIT,1,40112.0,54064.0,CLOSED,,,2026-09-21,39600,STOP_LOSS,0.0,-6.365270027428361,False,-6.365270027428361,B_DIP3_KEEP_GTC,KOSPI,-9.174311926605505,-3.5132252922724483
2026-09-09,012630,HDC,24700.0,23959.0,True,FILLED,2026-10-02,23959.0,INTRADAY_LIMIT,15,22724.0,30628.0,CLOSED,,,2026-10-07,22600,STOP_LOSS,0.0,-5.6721899912350215,False,-5.6721899912350215,B_DIP3_KEEP_GTC,KOSPI,-8.502024291497978,-3.5132252922724483
2026-09-09,020120,키다리스튜디오,7960.0,7721.2,True,FILLED,2026-09-10,7721.2,INTRADAY_LIMIT,1,7323.200000000001,9870.399999999998,CLOSED,,,2026-10-06,7140,STOP_LOSS,0.0,-7.527327358441694,False,-7.527327358441694,B_DIP3_KEEP_GTC,KOSPI,-10.301507537688437,-3.5132252922724483
2026-09-09,096770,SK이노베이션,153500.0,148895.0,True,FILLED,2026-09-11,148895.0,INTRADAY_LIMIT,2,141220.0,190340.0,CLOSED,,,2026-09-14,136700,STOP_LOSS,0.0,-8.190335471305277,False,-8.190335471305277,B_DIP3_KEEP_GTC,KOSPI,-10.94462540716612,-3.5132252922724483
2026-09-10,078340,컴투스,34850.0,33804.5,True,FILLED,2026-09-16,33804.5,INTRADAY_LIMIT,4,32062.0,43214.0,OPEN,,,,,,100.0,9.157064887810783,False,0,B_DIP3_KEEP_GTC,KOSDAQ,5.882352941176472,7.349567461645079
2026-09-10,425420,티에프이,58900.0,57133.0,True,FILLED,2026-09-11,57133.0,INTRADAY_LIMIT,1,54188.0,73036.0,CLOSED,,,2026-09-14,53300,STOP_LOSS_GAP,0.0,-6.708907286506927,False,-6.708907286506927,B_DIP3_KEEP_GTC,KOSDAQ,-9.507640067911716,7.349567461645079
2026-09-10,004690,삼천리,138000.0,133860.0,True,FILLED,2026-09-15,133860.0,INTRADAY_LIMIT,3,126960.0,171120.0,OPEN,,,,,,100.0,-4.1535933064395625,False,0,B_DIP3_KEEP_GTC,KOSPI,-7.028985507246377,-3.2701537691642857
2026-09-10,018670,SK가스,252000.0,244440.0,True,FILLED,2026-09-14,243000,OPEN_BETTER_THAN_LIMIT,2,231840.0,312480.0,OPEN,,,,,,100.0,11.316872427983537,False,0,B_DIP3_KEEP_GTC,KOSPI,7.341269841269837,-3.2701537691642857
2026-09-11,005090,SGC에너지,61200.0,59364.0,True,FILLED,2026-09-14,59300,OPEN_BETTER_THAN_LIMIT,1,56304.0,75888.0,CLOSED,,,2026-09-15,55300,STOP_LOSS,0.0,-6.745362563237778,False,-6.745362563237778,B_DIP3_KEEP_GTC,KOSPI,-9.640522875816993,-1.5341733828660553
2026-09-11,030210,다올투자증권,4050.0,3928.5,True,FILLED,2026-09-16,3928.5,INTRADAY_LIMIT,3,3726.0,5022.0,OPEN,,,,,,100.0,0.9291078019600274,False,0,B_DIP3_KEEP_GTC,KOSPI,-2.0987654320987703,-1.5341733828660553
2026-09-11,294870,IPARK현대산업개발,24850.0,24104.5,True,FILLED,2026-09-14,24104.5,INTRADAY_LIMIT,1,22862.0,30814.0,CLOSED,,,2026-10-01,22650,STOP_LOSS,0.0,-6.034143002343962,False,-6.034143002343962,B_DIP3_KEEP_GTC,KOSPI,-8.853118712273645,-1.5341733828660553
2026-09-14,068930,디지털대성,8850.0,8584.5,False,NOT_REACHED,,,,,,,,,,,,,,0.0,False,0.0,B_DIP3_KEEP_GTC,KOSDAQ,3.9548022598870025,11.358593933985306
2026-09-14,377450,리파인,17160.0,16645.2,True,FILLED,2026-09-15,16645.2,INTRADAY_LIMIT,1,15787.2,21278.399999999998,CLOSED,,,2026-09-15,14250,STOP_LOSS,0.0,-14.389733977362852,False,-14.389733977362852,B_DIP3_KEEP_GTC,KOSDAQ,-16.95804195804196,11.358593933985306
2026-09-14,094800,맵스리얼티,7420.0,7197.4,False,NOT_REACHED,,,,,,,,,,,,,,0.0,False,0.0,B_DIP3_KEEP_GTC,KOSPI,1.0781671159029615,1.7882014310997008
2026-09-15,028100,동아지질,18690.0,18129.3,False,NOT_REACHED,,,,,,,,,,,,,,0.0,False,0.0,B_DIP3_KEEP_GTC,KOSPI,5.7784911717496,2.6653549128900833
2026-09-15,453340,현대그린푸드,19400.0,18818.0,True,FILLED,2026-09-17,18818.0,INTRADAY_LIMIT,2,17848.0,24056.0,OPEN,,,,,,100.0,0.9140184929322892,False,0,B_DIP3_KEEP_GTC,KOSPI,-2.1134020618556737,2.6653549128900833
2026-09-16,219130,타이거일렉,74800.0,72556.0,True,FILLED,2026-09-17,71800,OPEN_BETTER_THAN_LIMIT,1,68816.0,92752.0,PARTIAL,2026-09-30,92752.0,,,,50.0,32.835654596100284,False,14.590529247910865,B_DIP3_KEEP_GTC,KOSDAQ,27.508021390374328,10.104414323880473
2026-09-16,001120,LX인터내셔널,41650.0,40400.5,True,FILLED,2026-09-23,40400.5,INTRADAY_LIMIT,5,38318.0,51646.0,OPEN,,,,,,100.0,8.785782354178796,False,0,B_DIP3_KEEP_GTC,KOSPI,5.522208883553414,1.2791066348911917
2026-09-18,045100,한양이엔지,32100.0,31137.0,False,NOT_REACHED,,,,,,,,,,,,,,0.0,False,0.0,B_DIP3_KEEP_GTC,KOSDAQ,4.672897196261672,8.621481768062678
2026-09-18,013580,계룡건설,23500.0,22795.0,True,FILLED,2026-09-22,22795.0,INTRADAY_LIMIT,2,21620.0,29140.0,CLOSED,,,2026-10-01,21450,STOP_LOSS,0.0,-5.900416758060977,False,-5.900416758060977,B_DIP3_KEEP_GTC,KOSPI,-8.723404255319146,-1.3102260876123983
2026-09-21,098120,마이크로컨텍솔,57600.0,55872.0,True,FILLED,2026-09-29,55872.0,INTRADAY_LIMIT,4,52992.0,71424.0,OPEN,,,,,,100.0,8.283218785796098,False,0,B_DIP3_KEEP_GTC,KOSDAQ,5.034722222222232,7.433006086550997
2026-09-21,252990,샘씨엔에스,18090.0,17547.3,True,FILLED,2026-09-22,17547.3,INTRADAY_LIMIT,1,16642.8,22431.600000000002,OPEN,,,,,,100.0,8.563710656340294,False,0,B_DIP3_KEEP_GTC,KOSDAQ,5.306799336650081,7.433006086550997
2026-09-21,000430,대원강업,5040.0,4888.8,True,FILLED,2026-09-23,4888.8,INTRADAY_LIMIT,2,4636.8,6249.599999999999,CLOSED,,,2026-09-29,4580,STOP_LOSS,0.0,-6.316478481426935,False,-6.316478481426935,B_DIP3_KEEP_GTC,KOSPI,-9.126984126984128,-2.90850661841513
2026-09-21,003160,디아이,35400.0,34338.0,True,FILLED,2026-09-22,34338.0,INTRADAY_LIMIT,1,32568.0,43896.0,PARTIAL,2026-10-02,43896.0,,,,50.0,24.419011008212465,False,13.917525773195871,B_DIP3_KEEP_GTC,KOSPI,20.6864406779661,-2.90850661841513
2026-09-21,029460,케이씨,44600.0,43262.0,True,FILLED,2026-09-22,43262.0,INTRADAY_LIMIT,1,41032.0,55304.0,OPEN,,,,,,100.0,9.218251583375704,False,0,B_DIP3_KEEP_GTC,KOSPI,5.94170403587444,-2.90850661841513
2026-09-22,059090,미코,22600.0,21922.0,True,FILLED,2026-09-23,21922.0,INTRADAY_LIMIT,1,20792.0,28024.0,OPEN,,,,,,100.0,4.233190402335563,False,0,B_DIP3_KEEP_GTC,KOSDAQ,1.106194690265494,7.676358493731872
2026-09-22,095340,ISC,208000.0,201760.0,True,FILLED,2026-09-29,201760.0,INTRADAY_LIMIT,3,191360.0,257920.0,OPEN,,,,,,100.0,0.3667724028548758,False,0,B_DIP3_KEEP_GTC,KOSDAQ,-2.644230769230771,7.676358493731872
2026-09-22,222800,심텍,148100.0,143657.0,False,NOT_REACHED,,,,,,,,,,,,,,0.0,False,0.0,B_DIP3_KEEP_GTC,KOSDAQ,15.057393652937211,7.676358493731872
2026-09-22,425420,티에프이,64400.0,62468.0,True,FILLED,2026-09-28,62468.0,INTRADAY_LIMIT,2,59248.0,79856.0,OPEN,,,,,,100.0,3.7331113530127524,False,0,B_DIP3_KEEP_GTC,KOSDAQ,0.6211180124223503,7.676358493731872
2026-09-22,003490,대한항공,31400.0,30458.0,True,FILLED,2026-10-02,30458.0,INTRADAY_LIMIT,6,28888.0,38936.0,OPEN,,,,,,100.0,1.287018188981559,False,0,B_DIP3_KEEP_GTC,KOSPI,-1.7515923566879033,-3.0494833932039667
2026-09-22,020560,아시아나항공,8370.0,8118.9,False,NOT_REACHED,,,,,,,,,,,,,,0.0,False,0.0,B_DIP3_KEEP_GTC,KOSPI,-1.5531660692950977,-3.0494833932039667
2026-09-23,017890,한국알콜,15390.0,14928.3,False,NOT_REACHED,,,,,,,,,,,,,,0.0,False,0.0,B_DIP3_KEEP_GTC,KOSDAQ,4.483430799220267,6.388546798029537
2026-09-23,084370,유진테크,163600.0,158692.0,True,FILLED,2026-09-28,158692.0,INTRADAY_LIMIT,1,150512.0,202864.0,OPEN,,,,,,100.0,6.49560154261084,False,0,B_DIP3_KEEP_GTC,KOSDAQ,3.3007334963325086,6.388546798029537
2026-09-23,114810,한솔아이원스,14770.0,14326.9,True,FILLED,2026-09-28,14326.9,INTRADAY_LIMIT,1,13588.400000000001,18314.799999999996,OPEN,,,,,,100.0,2.115600723115252,False,0,B_DIP3_KEEP_GTC,KOSDAQ,-0.9478672985781977,6.388546798029537
2026-09-23,417840,저스템,17080.0,16567.6,True,FILLED,2026-09-28,16567.6,INTRADAY_LIMIT,1,15713.6,21179.199999999997,OPEN,,,,,,100.0,13.474492382722914,False,0,B_DIP3_KEEP_GTC,KOSDAQ,10.070257611241207,6.388546798029537
2026-09-23,446540,메가터치,10900.0,10573.0,True,FILLED,2026-09-28,10573.0,INTRADAY_LIMIT,1,10028.0,13516.0,OPEN,,,,,,100.0,3.9440083230871004,False,0,B_DIP3_KEEP_GTC,KOSDAQ,0.8256880733944927,6.388546798029537
2026-09-23,006120,SK디스커버리,60300.0,58491.0,False,NOT_REACHED,,,,,,,,,,,,,,0.0,False,0.0,B_DIP3_KEEP_GTC,KOSPI,19.237147595356554,-3.91220349898036
2026-09-23,010955,S-Oil우,84000.0,81480.0,True,FILLED,2026-10-01,81480.0,INTRADAY_LIMIT,4,77280.0,104160.0,OPEN,,,,,,100.0,10.824742268041243,False,0,B_DIP3_KEEP_GTC,KOSPI,7.499999999999996,-3.91220349898036
2026-09-28,009240,한샘,40750.0,39527.5,True,FILLED,2026-09-30,39527.5,INTRADAY_LIMIT,2,37490.0,50530.0,OPEN,,,,,,100.0,2.4603124407058363,False,0,B_DIP3_KEEP_GTC,KOSPI,-0.6134969325153339,-1.245910585885679
2026-09-28,025000,KPX케미칼,57700.0,55969.0,True,FILLED,2026-10-01,55969.0,INTRADAY_LIMIT,3,53084.0,71548.0,OPEN,,,,,,100.0,4.700816523432616,False,0,B_DIP3_KEEP_GTC,KOSPI,1.559792027729645,-1.245910585885679
2026-09-28,284740,쿠쿠홈시스,24300.0,23571.0,False,NOT_REACHED,,,,,,,,,,,,,,0.0,False,0.0,B_DIP3_KEEP_GTC,KOSPI,2.4691358024691468,-1.245910585885679
2026-09-29,031980,피에스케이홀딩스,180800.0,175376.0,False,NOT_REACHED,,,,,,,,,,,,,,0.0,False,0.0,B_DIP3_KEEP_GTC,KOSDAQ,12.831858407079654,5.72252294657567
2026-09-29,064760,티씨케이,300000.0,291000.0,True,FILLED,2026-10-02,291000.0,INTRADAY_LIMIT,3,276000.0,372000.0,OPEN,,,,,,100.0,-2.0618556701030966,False,0,B_DIP3_KEEP_GTC,KOSDAQ,-5.000000000000004,5.72252294657567
2026-09-29,101160,월덱스,32250.0,31282.5,False,NOT_REACHED,,,,,,,,,,,,,,0.0,False,0.0,B_DIP3_KEEP_GTC,KOSDAQ,-0.15503875968991832,5.72252294657567
2026-09-29,219130,타이거일렉,91000.0,88270.0,True,FILLED,2026-09-30,88270.0,INTRADAY_LIMIT,1,83720.0,112840.0,OPEN,,,,,,100.0,11.02299762093577,False,0,B_DIP3_KEEP_GTC,KOSDAQ,7.692307692307687,5.72252294657567
2026-09-29,252990,샘씨엔에스,19950.0,19351.5,True,FILLED,2026-10-06,19351.5,INTRADAY_LIMIT,4,18354.0,24738.0,OPEN,,,,,,100.0,-1.5580187582357907,False,0,B_DIP3_KEEP_GTC,KOSDAQ,-4.511278195488721,5.72252294657567
2026-09-29,029460,케이씨,46250.0,44862.5,True,FILLED,2026-09-30,44862.5,INTRADAY_LIMIT,1,42550.0,57350.0,OPEN,,,,,,100.0,5.321816662022849,False,0,B_DIP3_KEEP_GTC,KOSPI,2.1621621621621623,-0.9738298686763347
2026-09-30,036930,주성엔지니어링,232500.0,225525.0,True,FILLED,2026-10-01,225525.0,INTRADAY_LIMIT,1,213900.0,288300.0,OPEN,,,,,,100.0,9.743930828067837,False,0,B_DIP3_KEEP_GTC,KOSDAQ,6.451612903225801,4.967812036312225
2026-09-30,059090,미코,23200.0,22504.0,True,FILLED,2026-10-01,22504.0,INTRADAY_LIMIT,1,21344.0,28768.0,OPEN,,,,,,100.0,1.5375044436544583,False,0,B_DIP3_KEEP_GTC,KOSDAQ,-1.5086206896551713,4.967812036312225
2026-09-30,078350,한양디지텍,31950.0,30991.5,False,NOT_REACHED,,,,,,,,,,,,,,0.0,False,0.0,B_DIP3_KEEP_GTC,KOSDAQ,13.928012519561817,4.967812036312225
2026-09-30,122640,예스티,33600.0,32592.0,True,FILLED,2026-10-07,32592.0,INTRADAY_LIMIT,4,30912.0,41664.0,OPEN,,,,,,100.0,-2.4300441826215047,False,0,B_DIP3_KEEP_GTC,KOSDAQ,-5.35714285714286,4.967812036312225
2026-09-30,001120,LX인터내셔널,43300.0,42001.0,True,FILLED,2026-10-01,42001.0,INTRADAY_LIMIT,1,39836.0,53692.0,OPEN,,,,,,100.0,4.640365705578442,False,0,B_DIP3_KEEP_GTC,KOSPI,1.501154734411081,-0.4992658715070486
2026-09-30,020000,한섬,21000.0,20370.0,False,NOT_REACHED,,,,,,,,,,,,,,0.0,False,0.0,B_DIP3_KEEP_GTC,KOSPI,3.3333333333333437,-0.4992658715070486
2026-09-30,306200,세아제강,153200.0,148604.0,True,FILLED,2026-10-01,148604.0,INTRADAY_LIMIT,1,140944.0,189968.0,OPEN,,,,,,100.0,-0.0699846572097651,False,0,B_DIP3_KEEP_GTC,KOSPI,-3.067885117493474,-0.4992658715070486
2026-10-02,005160,동국산업,3970.0,3850.9,True,FILLED,2026-10-07,3850.9,INTRADAY_LIMIT,2,3652.4,4922.799999999999,OPEN,,,,,,100.0,-0.0233711599885722,False,0,B_DIP3_KEEP_GTC,KOSDAQ,-3.0226700251889116,0.5754010455730985
2026-10-02,036710,심텍홀딩스,4960.0,4811.2,False,NOT_REACHED,,,,,,,,,,,,,,0.0,False,0.0,B_DIP3_KEEP_GTC,KOSDAQ,2.4193548387096753,0.5754010455730985
2026-10-02,064290,인텍플러스,59100.0,57327.0,True,FILLED,2026-10-07,57327.0,INTRADAY_LIMIT,2,54372.0,73284.0,OPEN,,,,,,100.0,2.046156261447485,False,0,B_DIP3_KEEP_GTC,KOSDAQ,-1.0152284263959421,0.5754010455730985
2026-10-06,031980,피에스케이홀딩스,197000.0,191090.0,True,FILLED,2026-10-07,191090.0,INTRADAY_LIMIT,1,181240.0,244280.0,OPEN,,,,,,100.0,6.755978858129685,False,0,B_DIP3_KEEP_GTC,KOSDAQ,3.5532994923857864,-2.33607270197409
2026-10-06,091580,상신이디피,24850.0,24104.5,False,NOT_REACHED,,,,,,,,,,,,,,0.0,False,0.0,B_DIP3_KEEP_GTC,KOSDAQ,-1.2072434607645843,-2.33607270197409
2026-10-06,236200,슈프리마,60400.0,58588.0,True,FILLED,2026-10-07,58588.0,INTRADAY_LIMIT,1,55568.0,74896.0,CLOSED,,,2026-10-07,54800,STOP_LOSS,0.0,-6.465487813204074,False,-6.465487813204074,B_DIP3_KEEP_GTC,KOSDAQ,-9.27152317880795,-2.33607270197409
2026-10-06,006400,삼성SDI,575000.0,557750.0,False,NOT_REACHED,,,,,,,,,,,,,,0.0,False,0.0,B_DIP3_KEEP_GTC,KOSPI,-2.260869565217394,-1.980727203053001
2026-10-06,007660,이수페타시스,131900.0,127943.0,True,FILLED,2026-10-07,127943.0,INTRADAY_LIMIT,1,121348.0,163556.0,OPEN,,,,,,100.0,-4.645037243147343,False,0,B_DIP3_KEEP_GTC,KOSPI,-7.505686125852917,-1.980727203053001
2026-10-06,192820,코스맥스,298000.0,289060.0,False,NOT_REACHED,,,,,,,,,,,,,,0.0,False,0.0,B_DIP3_KEEP_GTC,KOSPI,3.523489932885915,-1.980727203053001
2026-10-06,226320,잇츠한불,11260.0,10922.199999999999,False,NOT_REACHED,,,,,,,,,,,,,,0.0,False,0.0,B_DIP3_KEEP_GTC,KOSPI,4.440497335701599,-1.980727203053001
2026-10-06,373220,LG에너지솔루션,390000.0,378300.0,True,FILLED,2026-10-07,378300.0,INTRADAY_LIMIT,1,358800.0,483600.0,OPEN,,,,,,100.0,3.357123975680687,False,0,B_DIP3_KEEP_GTC,KOSPI,0.2564102564102555,-1.980727203053001
2026-10-07,041960,코미팜,11000.0,10670.0,False,NO_FUTURE_BAR,,,,,,,,,,,,,,0.0,False,0.0,B_DIP3_KEEP_GTC,KOSDAQ,0.0,0.0
2026-10-07,131290,티에스이,316000.0,306520.0,False,NO_FUTURE_BAR,,,,,,,,,,,,,,0.0,False,0.0,B_DIP3_KEEP_GTC,KOSDAQ,0.0,0.0
2026-10-07,219130,타이거일렉,98000.0,95060.0,False,NO_FUTURE_BAR,,,,,,,,,,,,,,0.0,False,0.0,B_DIP3_KEEP_GTC,KOSDAQ,0.0,0.0
2026-10-07,002320,한진,16860.0,16354.199999999999,False,NO_FUTURE_BAR,,,,,,,,,,,,,,0.0,False,0.0,B_DIP3_KEEP_GTC,KOSPI,0.0,0.0
2026-10-07,002960,한국쉘석유,541000.0,524770.0,False,NO_FUTURE_BAR,,,,,,,,,,,,,,0.0,False,0.0,B_DIP3_KEEP_GTC,KOSPI,0.0,0.0
2026-10-07,008930,한미사이언스,58100.0,56357.0,False,NO_FUTURE_BAR,,,,,,,,,,,,,,0.0,False,0.0,B_DIP3_KEEP_GTC,KOSPI,0.0,0.0
2026-10-07,078520,에이블씨엔씨,11880.0,11523.6,False,NO_FUTURE_BAR,,,,,,,,,,,,,,0.0,False,0.0,B_DIP3_KEEP_GTC,KOSPI,0.0,0.0
2026-10-07,383220,F&F,74100.0,71877.0,False,NO_FUTURE_BAR,,,,,,,,,,,,,,0.0,False,0.0,B_DIP3_KEEP_GTC,KOSPI,0.0,0.0
2026-08-24,002840,미원상사,131800.0,127846.0,False,EXPIRED,,,,,,,,,,,,,,0.0,False,0.0,B_DIP3_KEEP_5,KOSPI,5.993930197268593,1.5968439411314872
2026-08-24,028670,팬오션,6320.0,6130.4,True,FILLED,2026-08-26,6130.4,INTRADAY_LIMIT,2,5814.400000000001,7836.799999999998,CLOSED,,,2026-08-26,5610,STOP_LOSS,0.0,-8.488842489886462,False,-8.488842489886462,B_DIP3_KEEP_5,KOSPI,-11.234177215189877,1.5968439411314872
2026-08-24,058650,세아홀딩스,132600.0,128622.0,False,EXPIRED,,,,,,,,,,,,,,0.0,False,0.0,B_DIP3_KEEP_5,KOSPI,-4.751131221719462,1.5968439411314872
2026-08-25,002310,아세아제지,8560.0,8303.199999999999,True,FILLED,2026-08-26,8303.199999999999,INTRADAY_LIMIT,1,7875.200000000001,10614.399999999998,CLOSED,,,2026-09-30,7850,STOP_LOSS,0.0,-5.458136622025234,False,-5.458136622025234,B_DIP3_KEEP_5,KOSPI,-8.294392523364492,0.9070496563711394
2026-08-25,078930,GS,121800.0,118146.0,True,FILLED,2026-08-26,118146.0,INTRADAY_LIMIT,1,112056.0,151032.0,CLOSED,,,2026-09-16,112000,STOP_LOSS,0.0,-5.202038156179645,False,-5.202038156179645,B_DIP3_KEEP_5,KOSPI,-8.045977011494255,0.9070496563711394
2026-08-25,080580,오킨스전자,19400.0,18818.0,True,FILLED,2026-08-26,18818.0,INTRADAY_LIMIT,1,17848.0,24056.0,PARTIAL,2026-09-21,24056.0,,,,50.0,38.71293442448719,False,13.917525773195871,B_DIP3_KEEP_5,KOSDAQ,34.551546391752574,8.617542162848334
2026-08-25,090430,아모레퍼시픽,143300.0,139001.0,False,EXPIRED,,,,,,,,,,,,,,0.0,False,0.0,B_DIP3_KEEP_5,KOSPI,-3.3496161898115884,0.9070496563711394
2026-08-25,122900,아이마켓코리아,8350.0,8099.5,False,EXPIRED,,,,,,,,,,,,,,0.0,False,0.0,B_DIP3_KEEP_5,KOSPI,-1.4371257485029987,0.9070496563711394
2026-08-25,123330,제닉,32200.0,31234.0,False,EXPIRED,,,,,,,,,,,,,,0.0,False,0.0,B_DIP3_KEEP_5,KOSDAQ,-11.956521739130432,8.617542162848334
2026-08-25,161890,한국콜마,150000.0,145500.0,True,FILLED,2026-08-27,145500.0,INTRADAY_LIMIT,2,138000.0,186000.0,CLOSED,,,2026-09-11,137200,STOP_LOSS_GAP,0.0,-5.704467353951892,False,-5.704467353951892,B_DIP3_KEEP_5,KOSPI,-8.533333333333337,0.9070496563711394
2026-08-25,257720,실리콘투,51900.0,50343.0,True,FILLED,2026-08-26,50343.0,INTRADAY_LIMIT,1,47748.0,64356.0,CLOSED,,,2026-09-07,47150,STOP_LOSS,0.0,-6.342490515066645,False,-6.342490515066645,B_DIP3_KEEP_5,KOSDAQ,-9.152215799614638,8.617542162848334
2026-08-25,278470,에이피알,440500.0,427285.0,False,EXPIRED,,,,,,,,,,,,,,0.0,False,0.0,B_DIP3_KEEP_5,KOSPI,-10.556186152099889,0.9070496563711394
2026-08-25,280360,롯데웰푸드,135200.0,131144.0,False,EXPIRED,,,,,,,,,,,,,,0.0,False,0.0,B_DIP3_KEEP_5,KOSPI,-8.357988165680474,0.9070496563711394
2026-08-26,000815,삼성화재우,425000.0,412250.0,False,EXPIRED,,,,,,,,,,,,,,0.0,False,0.0,B_DIP3_KEEP_5,KOSPI,-7.9999999999999964,-0.06330592035205251
2026-08-26,003230,삼양식품,1507000.0,1461790.0,True,FILLED,2026-09-01,1461790.0,INTRADAY_LIMIT,4,1386440.0,1868680.0,CLOSED,,,2026-09-07,1330000,STOP_LOSS,0.0,-9.015658883971023,False,-9.015658883971023,B_DIP3_KEEP_5,KOSPI,-11.745189117451893,-0.06330592035205251
2026-08-26,003300,한일홀딩스,18350.0,17799.5,False,EXPIRED,,,,,,,,,,,,,,0.0,False,0.0,B_DIP3_KEEP_5,KOSPI,-6.975476839237061,-0.06330592035205251
2026-08-26,004490,세방전지,59800.0,58006.0,False,EXPIRED,,,,,,,,,,,,,,0.0,False,0.0,B_DIP3_KEEP_5,KOSPI,4.849498327759205,-0.06330592035205251
2026-08-26,006360,GS건설,37800.0,36666.0,True,FILLED,2026-08-28,36666.0,INTRADAY_LIMIT,2,34776.0,46872.0,CLOSED,,,2026-09-01,33300,STOP_LOSS,0.0,-9.180166912125676,False,-9.180166912125676,B_DIP3_KEEP_5,KOSPI,-11.904761904761907,-0.06330592035205251
2026-08-26,017940,E1,97700.0,94769.0,False,EXPIRED,,,,,,,,,,,,,,0.0,False,0.0,B_DIP3_KEEP_5,KOSPI,-9.621289662231325,-0.06330592035205251
2026-08-27,006400,삼성SDI,569000.0,551930.0,True,FILLED,2026-09-02,551930.0,INTRADAY_LIMIT,4,523480.0,705560.0,CLOSED,,,2026-09-23,521000,STOP_LOSS,0.0,-5.603971518127304,False,-5.603971518127304,B_DIP3_KEEP_5,KOSPI,-8.435852372583474,-1.5692157682531516
2026-08-27,012750,에스원,85500.0,82935.0,True,FILLED,2026-08-28,82935.0,INTRADAY_LIMIT,1,78660.0,106020.0,OPEN,,,,,,100.0,1.042985470549218,False,0,B_DIP3_KEEP_5,KOSPI,-1.9883040935672502,-1.5692157682531516
2026-08-27,029460,케이씨,38650.0,37490.5,True,FILLED,2026-08-28,37490.5,INTRADAY_LIMIT,1,35558.0,47926.0,OPEN,,,,,,100.0,26.031928088449074,False,0,B_DIP3_KEEP_5,KOSPI,22.25097024579561,-1.5692157682531516
2026-08-27,183190,아세아시멘트,10550.0,10233.5,False,EXPIRED,,,,,,,,,,,,,,0.0,False,0.0,B_DIP3_KEEP_5,KOSPI,-5.592417061611377,-1.5692157682531516
2026-08-27,222800,심텍,126900.0,123093.0,True,FILLED,2026-08-28,123093.0,INTRADAY_LIMIT,1,116748.0,157356.0,PARTIAL,2026-10-01,157356.0,,,,50.0,33.133484438595204,False,13.917525773195871,B_DIP3_KEEP_5,KOSDAQ,29.139479905437348,7.256013848265974
2026-08-28,035600,KG이니시스,10640.0,10320.8,True,FILLED,2026-08-31,10320.8,INTRADAY_LIMIT,1,9788.800000000001,13193.599999999997,CLOSED,,,2026-09-30,9770,STOP_LOSS,0.0,-5.336795597240518,False,-5.336795597240518,B_DIP3_KEEP_5,KOSDAQ,-8.176691729323304,7.158788659486404
2026-08-28,096530,씨젠,35650.0,34580.5,True,FILLED,2026-08-31,34580.5,INTRADAY_LIMIT,1,32798.0,44206.0,CLOSED,,,2026-09-02,32100,STOP_LOSS,0.0,-7.173117797602691,False,-7.173117797602691,B_DIP3_KEEP_5,KOSDAQ,-9.957924263674611,7.158788659486404
2026-08-28,204620,글로벌텍스프리,5960.0,5781.2,True,FILLED,2026-08-31,5781.2,INTRADAY_LIMIT,1,5483.2,7390.400000000001,CLOSED,,,2026-09-03,5370,STOP_LOSS,0.0,-7.112710163979797,False,-7.112710163979797,B_DIP3_KEEP_5,KOSDAQ,-9.899328859060407,7.158788659486404
2026-08-28,002790,아모레퍼시픽홀딩스,28000.0,27160.0,True,FILLED,2026-08-31,27160.0,INTRADAY_LIMIT,1,25760.0,34720.0,CLOSED,,,2026-09-09,25500,STOP_LOSS,0.0,-6.111929307805597,False,-6.111929307805597,B_DIP3_KEEP_5,KOSPI,-8.92857142857143,0.22124415220183824
2026-08-28,025000,KPX케미칼,55800.0,54126.0,False,EXPIRED,,,,,,,,,,,,,,0.0,False,0.0,B_DIP3_KEEP_5,KOSPI,5.017921146953408,0.22124415220183824
2026-08-28,044820,코스맥스비티아이,26800.0,25996.0,True,FILLED,2026-08-31,25996.0,INTRADAY_LIMIT,1,24656.0,33232.0,CLOSED,,,2026-09-03,24600,STOP_LOSS_GAP,0.0,-5.370056931835665,False,-5.370056931835665,B_DIP3_KEEP_5,KOSPI,-8.208955223880599,0.22124415220183824
2026-08-28,088350,한화생명,5950.0,5771.5,True,FILLED,2026-08-31,5771.5,INTRADAY_LIMIT,1,5474.0,7378.0,CLOSED,,,2026-09-30,5330,STOP_LOSS,0.0,-7.649657801264831,False,-7.649657801264831,B_DIP3_KEEP_5,KOSPI,-10.420168067226887,0.22124415220183824
2026-08-28,090430,아모레퍼시픽,150600.0,146082.0,True,FILLED,2026-09-01,146082.0,INTRADAY_LIMIT,2,138552.0,186744.0,CLOSED,,,2026-09-09,138300,STOP_LOSS,0.0,-5.327145028134883,False,-5.327145028134883,B_DIP3_KEEP_5,KOSPI,-8.16733067729084,0.22124415220183824
2026-08-28,104700,한국철강,10120.0,9816.4,True,FILLED,2026-09-01,9816.4,INTRADAY_LIMIT,2,9310.4,12548.800000000001,CLOSED,,,2026-09-30,9310,STOP_LOSS,0.0,-5.158713988835006,False,-5.158713988835006,B_DIP3_KEEP_5,KOSPI,-8.00395256916996,0.22124415220183824
2026-08-28,161890,한국콜마,161700.0,156849.0,True,FILLED,2026-08-31,156849.0,INTRADAY_LIMIT,1,148764.0,200508.0,CLOSED,,,2026-09-04,145800,STOP_LOSS,0.0,-7.04435476158598,False,-7.04435476158598,B_DIP3_KEEP_5,KOSPI,-9.83302411873841,0.22124415220183824
2026-08-28,192820,코스맥스,303000.0,293910.0,True,FILLED,2026-08-31,293910.0,INTRADAY_LIMIT,1,278760.0,375720.0,CLOSED,,,2026-09-02,278500,STOP_LOSS_GAP,0.0,-5.243101629750601,False,-5.243101629750601,B_DIP3_KEEP_5,KOSPI,-8.085808580858089,0.22124415220183824
2026-08-28,278470,에이피알,461500.0,447655.0,True,FILLED,2026-08-31,447655.0,INTRADAY_LIMIT,1,424580.0,572260.0,CLOSED,,,2026-09-02,419000,STOP_LOSS,0.0,-6.401134802470654,False,-6.401134802470654,B_DIP3_KEEP_5,KOSPI,-9.209100758396538,0.22124415220183824
2026-08-28,300720,한일시멘트,16950.0,16441.5,True,FILLED,2026-09-02,16441.5,INTRADAY_LIMIT,3,15594.0,21018.0,OPEN,,,,,,100.0,-1.5904874859349771,False,0,B_DIP3_KEEP_5,KOSPI,-4.542772861356936,0.22124415220183824
2026-08-31,068930,디지털대성,8660.0,8400.199999999999,False,EXPIRED,,,,,,,,,,,,,,0.0,False,0.0,B_DIP3_KEEP_5,KOSDAQ,6.235565819861422,7.687974205611958
2026-08-31,353810,이지바이오,6830.0,6625.099999999999,True,FILLED,2026-09-01,6625.099999999999,INTRADAY_LIMIT,1,6283.6,8469.199999999999,CLOSED,,,2026-09-07,6160,STOP_LOSS,0.0,-7.020271392129917,False,-7.020271392129917,B_DIP3_KEEP_5,KOSDAQ,-9.809663250366029,7.687974205611958
2026-08-31,014820,동원시스템즈,23200.0,22504.0,True,FILLED,2026-09-02,22504.0,INTRADAY_LIMIT,2,21344.0,28768.0,CLOSED,,,2026-09-09,21250,STOP_LOSS_GAP,0.0,-5.572342694632071,False,-5.572342694632071,B_DIP3_KEEP_5,KOSPI,-8.405172413793105,-0.2363629432171832
2026-08-31,086790,하나금융지주,136300.0,132211.0,False,EXPIRED,,,,,,,,,,,,,,0.0,False,0.0,B_DIP3_KEEP_5,KOSPI,-5.4292002934702825,-0.2363629432171832
2026-08-31,123890,한국자산신탁,2640.0,2560.7999999999997,True,FILLED,2026-09-07,2560.7999999999997,INTRADAY_LIMIT,5,2428.8,3273.5999999999995,CLOSED,,,2026-09-23,2425,STOP_LOSS,0.0,-5.303030303030298,False,-5.303030303030298,B_DIP3_KEEP_5,KOSPI,-8.143939393939393,-0.2363629432171832
2026-08-31,373220,LG에너지솔루션,378000.0,366660.0,True,FILLED,2026-09-01,366660.0,INTRADAY_LIMIT,1,347760.0,468720.0,CLOSED,,,2026-09-02,347500,STOP_LOSS,0.0,-5.225549555446463,False,-5.225549555446463,B_DIP3_KEEP_5,KOSPI,-8.06878306878307,-0.2363629432171832
2026-09-01,001060,JW중외제약,29000.0,28130.0,True,FILLED,2026-09-02,28130.0,INTRADAY_LIMIT,1,26680.0,35960.0,CLOSED,,,2026-09-11,26400,STOP_LOSS_GAP,0.0,-6.150017774617844,False,-6.150017774617844,B_DIP3_KEEP_5,KOSPI,-8.965517241379306,-0.46666081512040103
2026-09-01,089860,롯데렌탈,51400.0,49858.0,True,FILLED,2026-09-02,49858.0,INTRADAY_LIMIT,1,47288.0,63736.0,OPEN,,,,,,100.0,2.8922138874403203,False,0,B_DIP3_KEEP_5,KOSPI,-0.1945525291828787,-0.46666081512040103
2026-09-01,126560,현대퓨처넷,3425.0,3322.25,False,EXPIRED,,,,,,,,,,,,,,0.0,False,0.0,B_DIP3_KEEP_5,KOSPI,-1.4598540145985384,-0.46666081512040103
2026-09-02,159010,아스플로,24100.0,23377.0,True,FILLED,2026-09-07,23377.0,INTRADAY_LIMIT,3,22172.0,29884.0,CLOSED,,,2026-09-15,22000,STOP_LOSS_GAP,0.0,-5.890405099028961,False,-5.890405099028961,B_DIP3_KEEP_5,KOSDAQ,-8.713692946058094,11.747804671758
2026-09-02,377450,리파인,16800.0,16296.0,False,EXPIRED,,,,,,,,,,,,,,0.0,False,0.0,B_DIP3_KEEP_5,KOSDAQ,-15.17857142857143,11.747804671758
2026-09-02,180640,한진칼,139100.0,134927.0,True,FILLED,2026-09-03,134927.0,INTRADAY_LIMIT,1,127972.0,172484.0,OPEN,,,,,,100.0,-0.7611523268137632,False,0,B_DIP3_KEEP_5,KOSPI,-3.738317757009346,3.675000609503365
2026-09-03,008930,한미사이언스,51500.0,49955.0,True,FILLED,2026-09-07,49955.0,INTRADAY_LIMIT,2,47380.0,63860.0,OPEN,,,,,,100.0,16.304674206786117,False,0,B_DIP3_KEEP_5,KOSPI,12.815533980582527,3.4109078529002357
2026-09-03,088350,한화생명,6110.0,5926.7,True,FILLED,2026-09-04,5926.7,INTRADAY_LIMIT,1,5621.2,7576.400000000001,CLOSED,,,2026-09-30,5330,STOP_LOSS,0.0,-10.067997367843818,False,-10.067997367843818,B_DIP3_KEEP_5,KOSPI,-12.765957446808507,3.4109078529002357
2026-09-03,145990,삼양사,47400.0,45978.0,False,EXPIRED,,,,,,,,,,,,,,0.0,False,0.0,B_DIP3_KEEP_5,KOSPI,-2.742616033755274,3.4109078529002357
2026-09-03,306200,세아제강,147500.0,143075.0,True,FILLED,2026-09-07,143075.0,INTRADAY_LIMIT,2,135700.0,182900.0,OPEN,,,,,,100.0,3.7917176306133227,False,0,B_DIP3_KEEP_5,KOSPI,0.6779661016949046,3.4109078529002357
2026-09-04,031980,피에스케이홀딩스,144000.0,139680.0,False,EXPIRED,,,,,,,,,,,,,,0.0,False,0.0,B_DIP3_KEEP_5,KOSDAQ,32.833333333333336,10.440073755377988
2026-09-04,049430,코메론,22450.0,21776.5,True,FILLED,2026-09-07,21776.5,INTRADAY_LIMIT,1,20654.0,27838.0,OPEN,,,,,,100.0,0.5671251119325982,False,0,B_DIP3_KEEP_5,KOSDAQ,-2.4498886414253906,10.440073755377988
2026-09-04,064290,인텍플러스,40150.0,38945.5,False,EXPIRED,,,,,,,,,,,,,,0.0,False,0.0,B_DIP3_KEEP_5,KOSDAQ,34.85180572851806,10.440073755377988
2026-09-04,377450,리파인,16960.0,16451.2,False,EXPIRED,,,,,,,,,,,,,,0.0,False,0.0,B_DIP3_KEEP_5,KOSDAQ,-15.978773584905658,10.440073755377988
2026-09-04,002310,아세아제지,8840.0,8574.8,True,FILLED,2026-09-09,8574.8,INTRADAY_LIMIT,3,8132.8,10961.599999999999,CLOSED,,,2026-09-29,7960,STOP_LOSS,0.0,-7.169846527032697,False,-7.169846527032697,B_DIP3_KEEP_5,KOSPI,-9.954751131221718,1.7449728661130592
2026-09-04,004690,삼천리,136700.0,132599.0,True,FILLED,2026-09-07,132599.0,INTRADAY_LIMIT,1,125764.0,169508.0,OPEN,,,,,,100.0,-3.2421058982345263,False,0,B_DIP3_KEEP_5,KOSPI,-6.144842721287491,1.7449728661130592
2026-09-04,180640,한진칼,146000.0,141620.0,True,FILLED,2026-09-07,141620.0,INTRADAY_LIMIT,1,134320.0,181040.0,CLOSED,,,2026-09-11,131700,STOP_LOSS_GAP,0.0,-7.004660358706394,False,-7.004660358706394,B_DIP3_KEEP_5,KOSPI,-9.794520547945208,1.7449728661130592
2026-09-04,272450,진에어,6140.0,5955.8,True,FILLED,2026-09-10,5955.8,INTRADAY_LIMIT,4,5648.8,7613.599999999999,OPEN,,,,,,100.0,-2.112226736962297,False,0,B_DIP3_KEEP_5,KOSPI,-5.048859934853422,1.7449728661130592
2026-09-07,064760,티씨케이,268500.0,260445.0,True,FILLED,2026-09-09,260445.0,INTRADAY_LIMIT,2,247020.0,332940.0,OPEN,,,,,,100.0,9.428094223348493,False,0,B_DIP3_KEEP_5,KOSDAQ,6.145251396648055,9.272795825782353
2026-09-07,131290,티에스이,261500.0,253655.0,True,FILLED,2026-09-14,251000,OPEN_BETTER_THAN_LIMIT,5,240580.0,324260.0,CLOSED,,,2026-09-14,236000,STOP_LOSS,0.0,-5.976095617529875,False,-5.976095617529875,B_DIP3_KEEP_5,KOSDAQ,-9.751434034416828,9.272795825782353
2026-09-08,241770,메카로,42350.0,41079.5,True,FILLED,2026-09-09,41079.5,INTRADAY_LIMIT,1,38962.0,52514.0,CLOSED,,,2026-09-15,38750,STOP_LOSS,0.0,-5.670711668837258,False,-5.670711668837258,B_DIP3_KEEP_5,KOSDAQ,-8.500590318772138,10.66044242991575
2026-09-09,00088K,한화3우B,43600.0,42292.0,True,FILLED,2026-09-10,42292.0,INTRADAY_LIMIT,1,40112.0,54064.0,CLOSED,,,2026-09-21,39600,STOP_LOSS,0.0,-6.365270027428361,False,-6.365270027428361,B_DIP3_KEEP_5,KOSPI,-9.174311926605505,-3.5132252922724483
2026-09-09,012630,HDC,24700.0,23959.0,False,EXPIRED,,,,,,,,,,,,,,0.0,False,0.0,B_DIP3_KEEP_5,KOSPI,-8.502024291497978,-3.5132252922724483
2026-09-09,020120,키다리스튜디오,7960.0,7721.2,True,FILLED,2026-09-10,7721.2,INTRADAY_LIMIT,1,7323.200000000001,9870.399999999998,CLOSED,,,2026-10-06,7140,STOP_LOSS,0.0,-7.527327358441694,False,-7.527327358441694,B_DIP3_KEEP_5,KOSPI,-10.301507537688437,-3.5132252922724483
2026-09-09,096770,SK이노베이션,153500.0,148895.0,True,FILLED,2026-09-11,148895.0,INTRADAY_LIMIT,2,141220.0,190340.0,CLOSED,,,2026-09-14,136700,STOP_LOSS,0.0,-8.190335471305277,False,-8.190335471305277,B_DIP3_KEEP_5,KOSPI,-10.94462540716612,-3.5132252922724483
2026-09-10,078340,컴투스,34850.0,33804.5,True,FILLED,2026-09-16,33804.5,INTRADAY_LIMIT,4,32062.0,43214.0,OPEN,,,,,,100.0,9.157064887810783,False,0,B_DIP3_KEEP_5,KOSDAQ,5.882352941176472,7.349567461645079
2026-09-10,425420,티에프이,58900.0,57133.0,True,FILLED,2026-09-11,57133.0,INTRADAY_LIMIT,1,54188.0,73036.0,CLOSED,,,2026-09-14,53300,STOP_LOSS_GAP,0.0,-6.708907286506927,False,-6.708907286506927,B_DIP3_KEEP_5,KOSDAQ,-9.507640067911716,7.349567461645079
2026-09-10,004690,삼천리,138000.0,133860.0,True,FILLED,2026-09-15,133860.0,INTRADAY_LIMIT,3,126960.0,171120.0,OPEN,,,,,,100.0,-4.1535933064395625,False,0,B_DIP3_KEEP_5,KOSPI,-7.028985507246377,-3.2701537691642857
2026-09-10,018670,SK가스,252000.0,244440.0,True,FILLED,2026-09-14,243000,OPEN_BETTER_THAN_LIMIT,2,231840.0,312480.0,OPEN,,,,,,100.0,11.316872427983537,False,0,B_DIP3_KEEP_5,KOSPI,7.341269841269837,-3.2701537691642857
2026-09-11,005090,SGC에너지,61200.0,59364.0,True,FILLED,2026-09-14,59300,OPEN_BETTER_THAN_LIMIT,1,56304.0,75888.0,CLOSED,,,2026-09-15,55300,STOP_LOSS,0.0,-6.745362563237778,False,-6.745362563237778,B_DIP3_KEEP_5,KOSPI,-9.640522875816993,-1.5341733828660553
2026-09-11,030210,다올투자증권,4050.0,3928.5,True,FILLED,2026-09-16,3928.5,INTRADAY_LIMIT,3,3726.0,5022.0,OPEN,,,,,,100.0,0.9291078019600274,False,0,B_DIP3_KEEP_5,KOSPI,-2.0987654320987703,-1.5341733828660553
2026-09-11,294870,IPARK현대산업개발,24850.0,24104.5,True,FILLED,2026-09-14,24104.5,INTRADAY_LIMIT,1,22862.0,30814.0,CLOSED,,,2026-10-01,22650,STOP_LOSS,0.0,-6.034143002343962,False,-6.034143002343962,B_DIP3_KEEP_5,KOSPI,-8.853118712273645,-1.5341733828660553
2026-09-14,068930,디지털대성,8850.0,8584.5,False,EXPIRED,,,,,,,,,,,,,,0.0,False,0.0,B_DIP3_KEEP_5,KOSDAQ,3.9548022598870025,11.358593933985306
2026-09-14,377450,리파인,17160.0,16645.2,True,FILLED,2026-09-15,16645.2,INTRADAY_LIMIT,1,15787.2,21278.399999999998,CLOSED,,,2026-09-15,14250,STOP_LOSS,0.0,-14.389733977362852,False,-14.389733977362852,B_DIP3_KEEP_5,KOSDAQ,-16.95804195804196,11.358593933985306
2026-09-14,094800,맵스리얼티,7420.0,7197.4,False,EXPIRED,,,,,,,,,,,,,,0.0,False,0.0,B_DIP3_KEEP_5,KOSPI,1.0781671159029615,1.7882014310997008
2026-09-15,028100,동아지질,18690.0,18129.3,False,EXPIRED,,,,,,,,,,,,,,0.0,False,0.0,B_DIP3_KEEP_5,KOSPI,5.7784911717496,2.6653549128900833
2026-09-15,453340,현대그린푸드,19400.0,18818.0,True,FILLED,2026-09-17,18818.0,INTRADAY_LIMIT,2,17848.0,24056.0,OPEN,,,,,,100.0,0.9140184929322892,False,0,B_DIP3_KEEP_5,KOSPI,-2.1134020618556737,2.6653549128900833
2026-09-16,219130,타이거일렉,74800.0,72556.0,True,FILLED,2026-09-17,71800,OPEN_BETTER_THAN_LIMIT,1,68816.0,92752.0,PARTIAL,2026-09-30,92752.0,,,,50.0,32.835654596100284,False,14.590529247910865,B_DIP3_KEEP_5,KOSDAQ,27.508021390374328,10.104414323880473
2026-09-16,001120,LX인터내셔널,41650.0,40400.5,True,FILLED,2026-09-23,40400.5,INTRADAY_LIMIT,5,38318.0,51646.0,OPEN,,,,,,100.0,8.785782354178796,False,0,B_DIP3_KEEP_5,KOSPI,5.522208883553414,1.2791066348911917
2026-09-18,045100,한양이엔지,32100.0,31137.0,False,EXPIRED,,,,,,,,,,,,,,0.0,False,0.0,B_DIP3_KEEP_5,KOSDAQ,4.672897196261672,8.621481768062678
2026-09-18,013580,계룡건설,23500.0,22795.0,True,FILLED,2026-09-22,22795.0,INTRADAY_LIMIT,2,21620.0,29140.0,CLOSED,,,2026-10-01,21450,STOP_LOSS,0.0,-5.900416758060977,False,-5.900416758060977,B_DIP3_KEEP_5,KOSPI,-8.723404255319146,-1.3102260876123983
2026-09-21,098120,마이크로컨텍솔,57600.0,55872.0,True,FILLED,2026-09-29,55872.0,INTRADAY_LIMIT,4,52992.0,71424.0,OPEN,,,,,,100.0,8.283218785796098,False,0,B_DIP3_KEEP_5,KOSDAQ,5.034722222222232,7.433006086550997
2026-09-21,252990,샘씨엔에스,18090.0,17547.3,True,FILLED,2026-09-22,17547.3,INTRADAY_LIMIT,1,16642.8,22431.600000000002,OPEN,,,,,,100.0,8.563710656340294,False,0,B_DIP3_KEEP_5,KOSDAQ,5.306799336650081,7.433006086550997
2026-09-21,000430,대원강업,5040.0,4888.8,True,FILLED,2026-09-23,4888.8,INTRADAY_LIMIT,2,4636.8,6249.599999999999,CLOSED,,,2026-09-29,4580,STOP_LOSS,0.0,-6.316478481426935,False,-6.316478481426935,B_DIP3_KEEP_5,KOSPI,-9.126984126984128,-2.90850661841513
2026-09-21,003160,디아이,35400.0,34338.0,True,FILLED,2026-09-22,34338.0,INTRADAY_LIMIT,1,32568.0,43896.0,PARTIAL,2026-10-02,43896.0,,,,50.0,24.419011008212465,False,13.917525773195871,B_DIP3_KEEP_5,KOSPI,20.6864406779661,-2.90850661841513
2026-09-21,029460,케이씨,44600.0,43262.0,True,FILLED,2026-09-22,43262.0,INTRADAY_LIMIT,1,41032.0,55304.0,OPEN,,,,,,100.0,9.218251583375704,False,0,B_DIP3_KEEP_5,KOSPI,5.94170403587444,-2.90850661841513
2026-09-22,059090,미코,22600.0,21922.0,True,FILLED,2026-09-23,21922.0,INTRADAY_LIMIT,1,20792.0,28024.0,OPEN,,,,,,100.0,4.233190402335563,False,0,B_DIP3_KEEP_5,KOSDAQ,1.106194690265494,7.676358493731872
2026-09-22,095340,ISC,208000.0,201760.0,True,FILLED,2026-09-29,201760.0,INTRADAY_LIMIT,3,191360.0,257920.0,OPEN,,,,,,100.0,0.3667724028548758,False,0,B_DIP3_KEEP_5,KOSDAQ,-2.644230769230771,7.676358493731872
2026-09-22,222800,심텍,148100.0,143657.0,False,EXPIRED,,,,,,,,,,,,,,0.0,False,0.0,B_DIP3_KEEP_5,KOSDAQ,15.057393652937211,7.676358493731872
2026-09-22,425420,티에프이,64400.0,62468.0,True,FILLED,2026-09-28,62468.0,INTRADAY_LIMIT,2,59248.0,79856.0,OPEN,,,,,,100.0,3.7331113530127524,False,0,B_DIP3_KEEP_5,KOSDAQ,0.6211180124223503,7.676358493731872
2026-09-22,003490,대한항공,31400.0,30458.0,False,EXPIRED,,,,,,,,,,,,,,0.0,False,0.0,B_DIP3_KEEP_5,KOSPI,-1.7515923566879033,-3.0494833932039667
2026-09-22,020560,아시아나항공,8370.0,8118.9,False,EXPIRED,,,,,,,,,,,,,,0.0,False,0.0,B_DIP3_KEEP_5,KOSPI,-1.5531660692950977,-3.0494833932039667
2026-09-23,017890,한국알콜,15390.0,14928.3,False,EXPIRED,,,,,,,,,,,,,,0.0,False,0.0,B_DIP3_KEEP_5,KOSDAQ,4.483430799220267,6.388546798029537
2026-09-23,084370,유진테크,163600.0,158692.0,True,FILLED,2026-09-28,158692.0,INTRADAY_LIMIT,1,150512.0,202864.0,OPEN,,,,,,100.0,6.49560154261084,False,0,B_DIP3_KEEP_5,KOSDAQ,3.3007334963325086,6.388546798029537
2026-09-23,114810,한솔아이원스,14770.0,14326.9,True,FILLED,2026-09-28,14326.9,INTRADAY_LIMIT,1,13588.400000000001,18314.799999999996,OPEN,,,,,,100.0,2.115600723115252,False,0,B_DIP3_KEEP_5,KOSDAQ,-0.9478672985781977,6.388546798029537
2026-09-23,417840,저스템,17080.0,16567.6,True,FILLED,2026-09-28,16567.6,INTRADAY_LIMIT,1,15713.6,21179.199999999997,OPEN,,,,,,100.0,13.474492382722914,False,0,B_DIP3_KEEP_5,KOSDAQ,10.070257611241207,6.388546798029537
2026-09-23,446540,메가터치,10900.0,10573.0,True,FILLED,2026-09-28,10573.0,INTRADAY_LIMIT,1,10028.0,13516.0,OPEN,,,,,,100.0,3.9440083230871004,False,0,B_DIP3_KEEP_5,KOSDAQ,0.8256880733944927,6.388546798029537
2026-09-23,006120,SK디스커버리,60300.0,58491.0,False,EXPIRED,,,,,,,,,,,,,,0.0,False,0.0,B_DIP3_KEEP_5,KOSPI,19.237147595356554,-3.91220349898036
2026-09-23,010955,S-Oil우,84000.0,81480.0,True,FILLED,2026-10-01,81480.0,INTRADAY_LIMIT,4,77280.0,104160.0,OPEN,,,,,,100.0,10.824742268041243,False,0,B_DIP3_KEEP_5,KOSPI,7.499999999999996,-3.91220349898036
2026-09-28,009240,한샘,40750.0,39527.5,True,FILLED,2026-09-30,39527.5,INTRADAY_LIMIT,2,37490.0,50530.0,OPEN,,,,,,100.0,2.4603124407058363,False,0,B_DIP3_KEEP_5,KOSPI,-0.6134969325153339,-1.245910585885679
2026-09-28,025000,KPX케미칼,57700.0,55969.0,True,FILLED,2026-10-01,55969.0,INTRADAY_LIMIT,3,53084.0,71548.0,OPEN,,,,,,100.0,4.700816523432616,False,0,B_DIP3_KEEP_5,KOSPI,1.559792027729645,-1.245910585885679
2026-09-28,284740,쿠쿠홈시스,24300.0,23571.0,False,EXPIRED,,,,,,,,,,,,,,0.0,False,0.0,B_DIP3_KEEP_5,KOSPI,2.4691358024691468,-1.245910585885679
2026-09-29,031980,피에스케이홀딩스,180800.0,175376.0,False,EXPIRED,,,,,,,,,,,,,,0.0,False,0.0,B_DIP3_KEEP_5,KOSDAQ,12.831858407079654,5.72252294657567
2026-09-29,064760,티씨케이,300000.0,291000.0,True,FILLED,2026-10-02,291000.0,INTRADAY_LIMIT,3,276000.0,372000.0,OPEN,,,,,,100.0,-2.0618556701030966,False,0,B_DIP3_KEEP_5,KOSDAQ,-5.000000000000004,5.72252294657567
2026-09-29,101160,월덱스,32250.0,31282.5,False,EXPIRED,,,,,,,,,,,,,,0.0,False,0.0,B_DIP3_KEEP_5,KOSDAQ,-0.15503875968991832,5.72252294657567
2026-09-29,219130,타이거일렉,91000.0,88270.0,True,FILLED,2026-09-30,88270.0,INTRADAY_LIMIT,1,83720.0,112840.0,OPEN,,,,,,100.0,11.02299762093577,False,0,B_DIP3_KEEP_5,KOSDAQ,7.692307692307687,5.72252294657567
2026-09-29,252990,샘씨엔에스,19950.0,19351.5,True,FILLED,2026-10-06,19351.5,INTRADAY_LIMIT,4,18354.0,24738.0,OPEN,,,,,,100.0,-1.5580187582357907,False,0,B_DIP3_KEEP_5,KOSDAQ,-4.511278195488721,5.72252294657567
2026-09-29,029460,케이씨,46250.0,44862.5,True,FILLED,2026-09-30,44862.5,INTRADAY_LIMIT,1,42550.0,57350.0,OPEN,,,,,,100.0,5.321816662022849,False,0,B_DIP3_KEEP_5,KOSPI,2.1621621621621623,-0.9738298686763347
2026-09-30,036930,주성엔지니어링,232500.0,225525.0,True,FILLED,2026-10-01,225525.0,INTRADAY_LIMIT,1,213900.0,288300.0,OPEN,,,,,,100.0,9.743930828067837,False,0,B_DIP3_KEEP_5,KOSDAQ,6.451612903225801,4.967812036312225
2026-09-30,059090,미코,23200.0,22504.0,True,FILLED,2026-10-01,22504.0,INTRADAY_LIMIT,1,21344.0,28768.0,OPEN,,,,,,100.0,1.5375044436544583,False,0,B_DIP3_KEEP_5,KOSDAQ,-1.5086206896551713,4.967812036312225
2026-09-30,078350,한양디지텍,31950.0,30991.5,False,NOT_REACHED,,,,,,,,,,,,,,0.0,False,0.0,B_DIP3_KEEP_5,KOSDAQ,13.928012519561817,4.967812036312225
2026-09-30,122640,예스티,33600.0,32592.0,True,FILLED,2026-10-07,32592.0,INTRADAY_LIMIT,4,30912.0,41664.0,OPEN,,,,,,100.0,-2.4300441826215047,False,0,B_DIP3_KEEP_5,KOSDAQ,-5.35714285714286,4.967812036312225
2026-09-30,001120,LX인터내셔널,43300.0,42001.0,True,FILLED,2026-10-01,42001.0,INTRADAY_LIMIT,1,39836.0,53692.0,OPEN,,,,,,100.0,4.640365705578442,False,0,B_DIP3_KEEP_5,KOSPI,1.501154734411081,-0.4992658715070486
2026-09-30,020000,한섬,21000.0,20370.0,False,NOT_REACHED,,,,,,,,,,,,,,0.0,False,0.0,B_DIP3_KEEP_5,KOSPI,3.3333333333333437,-0.4992658715070486
2026-09-30,306200,세아제강,153200.0,148604.0,True,FILLED,2026-10-01,148604.0,INTRADAY_LIMIT,1,140944.0,189968.0,OPEN,,,,,,100.0,-0.0699846572097651,False,0,B_DIP3_KEEP_5,KOSPI,-3.067885117493474,-0.4992658715070486
2026-10-02,005160,동국산업,3970.0,3850.9,True,FILLED,2026-10-07,3850.9,INTRADAY_LIMIT,2,3652.4,4922.799999999999,OPEN,,,,,,100.0,-0.0233711599885722,False,0,B_DIP3_KEEP_5,KOSDAQ,-3.0226700251889116,0.5754010455730985
2026-10-02,036710,심텍홀딩스,4960.0,4811.2,False,NOT_REACHED,,,,,,,,,,,,,,0.0,False,0.0,B_DIP3_KEEP_5,KOSDAQ,2.4193548387096753,0.5754010455730985
2026-10-02,064290,인텍플러스,59100.0,57327.0,True,FILLED,2026-10-07,57327.0,INTRADAY_LIMIT,2,54372.0,73284.0,OPEN,,,,,,100.0,2.046156261447485,False,0,B_DIP3_KEEP_5,KOSDAQ,-1.0152284263959421,0.5754010455730985
2026-10-06,031980,피에스케이홀딩스,197000.0,191090.0,True,FILLED,2026-10-07,191090.0,INTRADAY_LIMIT,1,181240.0,244280.0,OPEN,,,,,,100.0,6.755978858129685,False,0,B_DIP3_KEEP_5,KOSDAQ,3.5532994923857864,-2.33607270197409
2026-10-06,091580,상신이디피,24850.0,24104.5,False,NOT_REACHED,,,,,,,,,,,,,,0.0,False,0.0,B_DIP3_KEEP_5,KOSDAQ,-1.2072434607645843,-2.33607270197409
2026-10-06,236200,슈프리마,60400.0,58588.0,True,FILLED,2026-10-07,58588.0,INTRADAY_LIMIT,1,55568.0,74896.0,CLOSED,,,2026-10-07,54800,STOP_LOSS,0.0,-6.465487813204074,False,-6.465487813204074,B_DIP3_KEEP_5,KOSDAQ,-9.27152317880795,-2.33607270197409
2026-10-06,006400,삼성SDI,575000.0,557750.0,False,NOT_REACHED,,,,,,,,,,,,,,0.0,False,0.0,B_DIP3_KEEP_5,KOSPI,-2.260869565217394,-1.980727203053001
2026-10-06,007660,이수페타시스,131900.0,127943.0,True,FILLED,2026-10-07,127943.0,INTRADAY_LIMIT,1,121348.0,163556.0,OPEN,,,,,,100.0,-4.645037243147343,False,0,B_DIP3_KEEP_5,KOSPI,-7.505686125852917,-1.980727203053001
2026-10-06,192820,코스맥스,298000.0,289060.0,False,NOT_REACHED,,,,,,,,,,,,,,0.0,False,0.0,B_DIP3_KEEP_5,KOSPI,3.523489932885915,-1.980727203053001
2026-10-06,226320,잇츠한불,11260.0,10922.199999999999,False,NOT_REACHED,,,,,,,,,,,,,,0.0,False,0.0,B_DIP3_KEEP_5,KOSPI,4.440497335701599,-1.980727203053001
2026-10-06,373220,LG에너지솔루션,390000.0,378300.0,True,FILLED,2026-10-07,378300.0,INTRADAY_LIMIT,1,358800.0,483600.0,OPEN,,,,,,100.0,3.357123975680687,False,0,B_DIP3_KEEP_5,KOSPI,0.2564102564102555,-1.980727203053001
2026-10-07,041960,코미팜,11000.0,10670.0,False,NO_FUTURE_BAR,,,,,,,,,,,,,,0.0,False,0.0,B_DIP3_KEEP_5,KOSDAQ,0.0,0.0
2026-10-07,131290,티에스이,316000.0,306520.0,False,NO_FUTURE_BAR,,,,,,,,,,,,,,0.0,False,0.0,B_DIP3_KEEP_5,KOSDAQ,0.0,0.0
2026-10-07,219130,타이거일렉,98000.0,95060.0,False,NO_FUTURE_BAR,,,,,,,,,,,,,,0.0,False,0.0,B_DIP3_KEEP_5,KOSDAQ,0.0,0.0
2026-10-07,002320,한진,16860.0,16354.199999999999,False,NO_FUTURE_BAR,,,,,,,,,,,,,,0.0,False,0.0,B_DIP3_KEEP_5,KOSPI,0.0,0.0
2026-10-07,002960,한국쉘석유,541000.0,524770.0,False,NO_FUTURE_BAR,,,,,,,,,,,,,,0.0,False,0.0,B_DIP3_KEEP_5,KOSPI,0.0,0.0
2026-10-07,008930,한미사이언스,58100.0,56357.0,False,NO_FUTURE_BAR,,,,,,,,,,,,,,0.0,False,0.0,B_DIP3_KEEP_5,KOSPI,0.0,0.0
2026-10-07,078520,에이블씨엔씨,11880.0,11523.6,False,NO_FUTURE_BAR,,,,,,,,,,,,,,0.0,False,0.0,B_DIP3_KEEP_5,KOSPI,0.0,0.0
2026-10-07,383220,F&F,74100.0,71877.0,False,NO_FUTURE_BAR,,,,,,,,,,,,,,0.0,False,0.0,B_DIP3_KEEP_5,KOSPI,0.0,0.0
2026-08-24,002840,미원상사,131800.0,126528.0,False,NOT_REACHED,,,,,,,,,,,,,,0.0,False,0.0,B_DIP4_KEEP_GTC,KOSPI,5.993930197268593,1.5968439411314872
2026-08-24,028670,팬오션,6320.0,6067.2,True,FILLED,2026-08-26,6067.2,INTRADAY_LIMIT,2,5814.400000000001,7836.799999999998,CLOSED,,,2026-08-26,5610,STOP_LOSS,0.0,-7.535601265822778,False,-7.535601265822778,B_DIP4_KEEP_GTC,KOSPI,-11.234177215189877,1.5968439411314872
2026-08-24,058650,세아홀딩스,132600.0,127296.0,True,FILLED,2026-09-23,127296.0,INTRADAY_LIMIT,22,121992.0,164424.0,OPEN,,,,,,100.0,-0.7824283559577649,False,0,B_DIP4_KEEP_GTC,KOSPI,-4.751131221719462,1.5968439411314872
2026-08-25,002310,아세아제지,8560.0,8217.6,True,FILLED,2026-08-27,8217.6,INTRADAY_LIMIT,2,7875.200000000001,10614.399999999998,CLOSED,,,2026-09-30,7850,STOP_LOSS,0.0,-4.473325545171347,False,-4.473325545171347,B_DIP4_KEEP_GTC,KOSPI,-8.294392523364492,0.9070496563711394
2026-08-25,078930,GS,121800.0,116928.0,True,FILLED,2026-08-26,116928.0,INTRADAY_LIMIT,1,112056.0,151032.0,CLOSED,,,2026-09-16,112000,STOP_LOSS,0.0,-4.214559386973182,False,-4.214559386973182,B_DIP4_KEEP_GTC,KOSPI,-8.045977011494255,0.9070496563711394
2026-08-25,080580,오킨스전자,19400.0,18624.0,True,FILLED,2026-08-26,18624.0,INTRADAY_LIMIT,1,17848.0,24056.0,PARTIAL,2026-09-21,24056.0,,,,50.0,40.15786082474227,False,14.583333333333337,B_DIP4_KEEP_GTC,KOSDAQ,34.551546391752574,8.617542162848334
2026-08-25,090430,아모레퍼시픽,143300.0,137568.0,True,FILLED,2026-09-09,137568.0,INTRADAY_LIMIT,11,131836.0,177692.0,OPEN,,,,,,100.0,0.6774831356129329,False,0,B_DIP4_KEEP_GTC,KOSPI,-3.3496161898115884,0.9070496563711394
2026-08-25,122900,아이마켓코리아,8350.0,8016.0,True,FILLED,2026-09-09,8016.0,INTRADAY_LIMIT,11,7682.0,10354.0,OPEN,,,,,,100.0,2.6696606786427157,False,0,B_DIP4_KEEP_GTC,KOSPI,-1.4371257485029987,0.9070496563711394
2026-08-25,123330,제닉,32200.0,30912.0,True,FILLED,2026-09-07,30912.0,INTRADAY_LIMIT,9,29624.0,39928.0,CLOSED,,,2026-09-07,28350,STOP_LOSS,0.0,-8.288043478260864,False,-8.288043478260864,B_DIP4_KEEP_GTC,KOSDAQ,-11.956521739130432,8.617542162848334
2026-08-25,161890,한국콜마,150000.0,144000.0,True,FILLED,2026-08-27,144000.0,INTRADAY_LIMIT,2,138000.0,186000.0,CLOSED,,,2026-09-11,137200,STOP_LOSS_GAP,0.0,-4.722222222222228,False,-4.722222222222228,B_DIP4_KEEP_GTC,KOSPI,-8.533333333333337,0.9070496563711394
2026-08-25,257720,실리콘투,51900.0,49824.0,True,FILLED,2026-08-27,48250,OPEN_BETTER_THAN_LIMIT,2,47748.0,64356.0,CLOSED,,,2026-09-07,47150,STOP_LOSS,0.0,-2.2797927461139844,False,-2.2797927461139844,B_DIP4_KEEP_GTC,KOSDAQ,-9.152215799614638,8.617542162848334
2026-08-25,278470,에이피알,440500.0,422880.0,True,FILLED,2026-09-02,422880.0,INTRADAY_LIMIT,6,405260.0,546220.0,CLOSED,,,2026-09-04,394000,STOP_LOSS,0.0,-6.829360575104049,False,-6.829360575104049,B_DIP4_KEEP_GTC,KOSPI,-10.556186152099889,0.9070496563711394
2026-08-25,280360,롯데웰푸드,135200.0,129792.0,True,FILLED,2026-09-16,129792.0,INTRADAY_LIMIT,16,124384.0,167648.0,CLOSED,,,2026-09-22,123900,STOP_LOSS,0.0,-4.539571005917164,False,-4.539571005917164,B_DIP4_KEEP_GTC,KOSPI,-8.357988165680474,0.9070496563711394
2026-08-26,000815,삼성화재우,425000.0,408000.0,True,FILLED,2026-09-16,408000.0,INTRADAY_LIMIT,15,391000.0,527000.0,CLOSED,,,2026-10-01,391000,STOP_LOSS,0.0,-4.1666666666666625,False,-4.1666666666666625,B_DIP4_KEEP_GTC,KOSPI,-7.9999999999999964,-0.06330592035205251
2026-08-26,003230,삼양식품,1507000.0,1446720.0,True,FILLED,2026-09-03,1446720.0,INTRADAY_LIMIT,6,1386440.0,1868680.0,CLOSED,,,2026-09-07,1330000,STOP_LOSS,0.0,-8.067905330679048,False,-8.067905330679048,B_DIP4_KEEP_GTC,KOSPI,-11.745189117451893,-0.06330592035205251
2026-08-26,003300,한일홀딩스,18350.0,17616.0,True,FILLED,2026-09-10,17616.0,INTRADAY_LIMIT,11,16882.0,22754.0,OPEN,,,,,,100.0,-3.0994550408719346,False,0,B_DIP4_KEEP_GTC,KOSPI,-6.975476839237061,-0.06330592035205251
2026-08-26,004490,세방전지,59800.0,57408.0,False,NOT_REACHED,,,,,,,,,,,,,,0.0,False,0.0,B_DIP4_KEEP_GTC,KOSPI,4.849498327759205,-0.06330592035205251
2026-08-26,006360,GS건설,37800.0,36288.0,True,FILLED,2026-08-28,36288.0,INTRADAY_LIMIT,2,34776.0,46872.0,CLOSED,,,2026-09-01,33300,STOP_LOSS,0.0,-8.234126984126988,False,-8.234126984126988,B_DIP4_KEEP_GTC,KOSPI,-11.904761904761907,-0.06330592035205251
2026-08-26,017940,E1,97700.0,93792.0,True,FILLED,2026-09-16,93792.0,INTRADAY_LIMIT,15,89884.0,121148.0,CLOSED,,,2026-10-01,88300,STOP_LOSS,0.0,-5.855510064824287,False,-5.855510064824287,B_DIP4_KEEP_GTC,KOSPI,-9.621289662231325,-0.06330592035205251
2026-08-27,006400,삼성SDI,569000.0,546240.0,True,FILLED,2026-09-02,546240.0,INTRADAY_LIMIT,4,523480.0,705560.0,CLOSED,,,2026-09-23,521000,STOP_LOSS,0.0,-4.620679554774454,False,-4.620679554774454,B_DIP4_KEEP_GTC,KOSPI,-8.435852372583474,-1.5692157682531516
2026-08-27,012750,에스원,85500.0,82080.0,True,FILLED,2026-08-28,82080.0,INTRADAY_LIMIT,1,78660.0,106020.0,OPEN,,,,,,100.0,2.0955165692007727,False,0,B_DIP4_KEEP_GTC,KOSPI,-1.9883040935672502,-1.5692157682531516
2026-08-27,029460,케이씨,38650.0,37104.0,True,FILLED,2026-08-28,37104.0,INTRADAY_LIMIT,1,35558.0,47926.0,OPEN,,,,,,100.0,27.34476067270375,False,0,B_DIP4_KEEP_GTC,KOSPI,22.25097024579561,-1.5692157682531516
2026-08-27,183190,아세아시멘트,10550.0,10128.0,True,FILLED,2026-10-01,10128.0,INTRADAY_LIMIT,23,9706.0,13082.0,OPEN,,,,,,100.0,-1.6587677725118488,False,0,B_DIP4_KEEP_GTC,KOSPI,-5.592417061611377,-1.5692157682531516
2026-08-27,222800,심텍,126900.0,121824.0,True,FILLED,2026-08-28,121824.0,INTRADAY_LIMIT,1,116748.0,157356.0,PARTIAL,2026-10-01,157356.0,,,,50.0,34.520291568163906,False,14.583333333333337,B_DIP4_KEEP_GTC,KOSDAQ,29.139479905437348,7.256013848265974
2026-08-28,035600,KG이니시스,10640.0,10214.4,True,FILLED,2026-09-07,10214.4,INTRADAY_LIMIT,6,9788.800000000001,13193.599999999997,CLOSED,,,2026-09-30,9770,STOP_LOSS,0.0,-4.35072055137844,False,-4.35072055137844,B_DIP4_KEEP_GTC,KOSDAQ,-8.176691729323304,7.158788659486404
2026-08-28,096530,씨젠,35650.0,34224.0,True,FILLED,2026-08-31,34224.0,INTRADAY_LIMIT,1,32798.0,44206.0,CLOSED,,,2026-09-02,32100,STOP_LOSS,0.0,-6.206171107994384,False,-6.206171107994384,B_DIP4_KEEP_GTC,KOSDAQ,-9.957924263674611,7.158788659486404
2026-08-28,204620,글로벌텍스프리,5960.0,5721.599999999999,True,FILLED,2026-08-31,5721.599999999999,INTRADAY_LIMIT,1,5483.2,7390.400000000001,CLOSED,,,2026-09-03,5370,STOP_LOSS,0.0,-6.14513422818791,False,-6.14513422818791,B_DIP4_KEEP_GTC,KOSDAQ,-9.899328859060407,7.158788659486404
2026-08-28,002790,아모레퍼시픽홀딩스,28000.0,26880.0,True,FILLED,2026-09-01,26880.0,INTRADAY_LIMIT,2,25760.0,34720.0,CLOSED,,,2026-09-09,25500,STOP_LOSS,0.0,-5.133928571428569,False,-5.133928571428569,B_DIP4_KEEP_GTC,KOSPI,-8.92857142857143,0.22124415220183824
2026-08-28,025000,KPX케미칼,55800.0,53568.0,True,FILLED,2026-09-10,53568.0,INTRADAY_LIMIT,9,51336.0,69192.0,OPEN,,,,,,100.0,9.393667861409805,False,0,B_DIP4_KEEP_GTC,KOSPI,5.017921146953408,0.22124415220183824
2026-08-28,044820,코스맥스비티아이,26800.0,25728.0,True,FILLED,2026-09-01,25728.0,INTRADAY_LIMIT,2,24656.0,33232.0,CLOSED,,,2026-09-03,24600,STOP_LOSS_GAP,0.0,-4.384328358208956,False,-4.384328358208956,B_DIP4_KEEP_GTC,KOSPI,-8.208955223880599,0.22124415220183824
2026-08-28,088350,한화생명,5950.0,5712.0,True,FILLED,2026-09-04,5712.0,INTRADAY_LIMIT,5,5474.0,7378.0,CLOSED,,,2026-09-30,5330,STOP_LOSS,0.0,-6.68767507002801,False,-6.68767507002801,B_DIP4_KEEP_GTC,KOSPI,-10.420168067226887,0.22124415220183824
2026-08-28,090430,아모레퍼시픽,150600.0,144576.0,True,FILLED,2026-09-01,144576.0,INTRADAY_LIMIT,2,138552.0,186744.0,CLOSED,,,2026-09-09,138300,STOP_LOSS,0.0,-4.34096945551129,False,-4.34096945551129,B_DIP4_KEEP_GTC,KOSPI,-8.16733067729084,0.22124415220183824
2026-08-28,104700,한국철강,10120.0,9715.199999999999,True,FILLED,2026-09-02,9715.199999999999,INTRADAY_LIMIT,3,9310.4,12548.800000000001,CLOSED,,,2026-09-30,9310,STOP_LOSS,0.0,-4.170783926218702,False,-4.170783926218702,B_DIP4_KEEP_GTC,KOSPI,-8.00395256916996,0.22124415220183824
2026-08-28,161890,한국콜마,161700.0,155232.0,True,FILLED,2026-09-01,155232.0,INTRADAY_LIMIT,2,148764.0,200508.0,CLOSED,,,2026-09-04,145800,STOP_LOSS,0.0,-6.076066790352508,False,-6.076066790352508,B_DIP4_KEEP_GTC,KOSPI,-9.83302411873841,0.22124415220183824
2026-08-28,192820,코스맥스,303000.0,290880.0,True,FILLED,2026-09-01,290880.0,INTRADAY_LIMIT,2,278760.0,375720.0,CLOSED,,,2026-09-02,278500,STOP_LOSS_GAP,0.0,-4.256050605060501,False,-4.256050605060501,B_DIP4_KEEP_GTC,KOSPI,-8.085808580858089,0.22124415220183824
2026-08-28,278470,에이피알,461500.0,443040.0,True,FILLED,2026-09-01,443040.0,INTRADAY_LIMIT,2,424580.0,572260.0,CLOSED,,,2026-09-02,419000,STOP_LOSS,0.0,-5.4261466233297195,False,-5.4261466233297195,B_DIP4_KEEP_GTC,KOSPI,-9.209100758396538,0.22124415220183824
2026-08-28,300720,한일시멘트,16950.0,16272.0,True,FILLED,2026-09-02,16272.0,INTRADAY_LIMIT,3,15594.0,21018.0,OPEN,,,,,,100.0,-0.5653883972468021,False,0,B_DIP4_KEEP_GTC,KOSPI,-4.542772861356936,0.22124415220183824
2026-08-31,068930,디지털대성,8660.0,8313.6,False,NOT_REACHED,,,,,,,,,,,,,,0.0,False,0.0,B_DIP4_KEEP_GTC,KOSDAQ,6.235565819861422,7.687974205611958
2026-08-31,353810,이지바이오,6830.0,6556.8,True,FILLED,2026-09-02,6556.8,INTRADAY_LIMIT,2,6283.6,8469.199999999999,CLOSED,,,2026-09-07,6160,STOP_LOSS,0.0,-6.0517325524646175,False,-6.0517325524646175,B_DIP4_KEEP_GTC,KOSDAQ,-9.809663250366029,7.687974205611958
2026-08-31,014820,동원시스템즈,23200.0,22272.0,True,FILLED,2026-09-02,22272.0,INTRADAY_LIMIT,2,21344.0,28768.0,CLOSED,,,2026-09-09,21250,STOP_LOSS_GAP,0.0,-4.588721264367813,False,-4.588721264367813,B_DIP4_KEEP_GTC,KOSPI,-8.405172413793105,-0.2363629432171832
2026-08-31,086790,하나금융지주,136300.0,130848.0,True,FILLED,2026-09-30,130848.0,INTRADAY_LIMIT,20,125396.0,169012.0,OPEN,,,,,,100.0,-1.4887503056982165,False,0,B_DIP4_KEEP_GTC,KOSPI,-5.4292002934702825,-0.2363629432171832
2026-08-31,123890,한국자산신탁,2640.0,2534.4,True,FILLED,2026-09-08,2534.4,INTRADAY_LIMIT,6,2428.8,3273.5999999999995,CLOSED,,,2026-09-23,2425,STOP_LOSS,0.0,-4.316603535353536,False,-4.316603535353536,B_DIP4_KEEP_GTC,KOSPI,-8.143939393939393,-0.2363629432171832
2026-08-31,373220,LG에너지솔루션,378000.0,362880.0,True,FILLED,2026-09-02,359500,OPEN_BETTER_THAN_LIMIT,2,347760.0,468720.0,CLOSED,,,2026-09-02,347500,STOP_LOSS,0.0,-3.3379694019471495,False,-3.3379694019471495,B_DIP4_KEEP_GTC,KOSPI,-8.06878306878307,-0.2363629432171832
2026-09-01,001060,JW중외제약,29000.0,27840.0,True,FILLED,2026-09-02,27840.0,INTRADAY_LIMIT,1,26680.0,35960.0,CLOSED,,,2026-09-11,26400,STOP_LOSS_GAP,0.0,-5.1724137931034475,False,-5.1724137931034475,B_DIP4_KEEP_GTC,KOSPI,-8.965517241379306,-0.46666081512040103
2026-09-01,089860,롯데렌탈,51400.0,49344.0,True,FILLED,2026-09-08,49344.0,INTRADAY_LIMIT,5,47288.0,63736.0,OPEN,,,,,,100.0,3.9640077821011754,False,0,B_DIP4_KEEP_GTC,KOSPI,-0.1945525291828787,-0.46666081512040103
2026-09-01,126560,현대퓨처넷,3425.0,3288.0,False,NOT_REACHED,,,,,,,,,,,,,,0.0,False,0.0,B_DIP4_KEEP_GTC,KOSPI,-1.4598540145985384,-0.46666081512040103
2026-09-02,159010,아스플로,24100.0,23136.0,True,FILLED,2026-09-08,23136.0,INTRADAY_LIMIT,4,22172.0,29884.0,CLOSED,,,2026-09-15,22000,STOP_LOSS_GAP,0.0,-4.9100968188105165,False,-4.9100968188105165,B_DIP4_KEEP_GTC,KOSDAQ,-8.713692946058094,11.747804671758
2026-09-02,377450,리파인,16800.0,16128.0,True,FILLED,2026-09-15,16128.0,INTRADAY_LIMIT,9,15456.0,20832.0,CLOSED,,,2026-09-15,14250,STOP_LOSS,0.0,-11.644345238095234,False,-11.644345238095234,B_DIP4_KEEP_GTC,KOSDAQ,-15.17857142857143,11.747804671758
2026-09-02,180640,한진칼,139100.0,133536.0,True,FILLED,2026-09-03,133536.0,INTRADAY_LIMIT,1,127972.0,172484.0,OPEN,,,,,,100.0,0.2725856697819218,False,0,B_DIP4_KEEP_GTC,KOSPI,-3.738317757009346,3.675000609503365
2026-09-03,008930,한미사이언스,51500.0,49440.0,True,FILLED,2026-09-14,49100,OPEN_BETTER_THAN_LIMIT,7,47380.0,63860.0,OPEN,,,,,,100.0,18.32993890020367,False,0,B_DIP4_KEEP_GTC,KOSPI,12.815533980582527,3.4109078529002357
2026-09-03,088350,한화생명,6110.0,5865.599999999999,True,FILLED,2026-09-04,5865.599999999999,INTRADAY_LIMIT,1,5621.2,7576.400000000001,CLOSED,,,2026-09-30,5330,STOP_LOSS,0.0,-9.131205673758858,False,-9.131205673758858,B_DIP4_KEEP_GTC,KOSPI,-12.765957446808507,3.4109078529002357
2026-09-03,145990,삼양사,47400.0,45504.0,True,FILLED,2026-09-22,45504.0,INTRADAY_LIMIT,13,43608.0,58776.0,OPEN,,,,,,100.0,1.3097749648382617,False,0,B_DIP4_KEEP_GTC,KOSPI,-2.742616033755274,3.4109078529002357
2026-09-03,306200,세아제강,147500.0,141600.0,True,FILLED,2026-09-16,141600.0,INTRADAY_LIMIT,9,135700.0,182900.0,OPEN,,,,,,100.0,4.8728813559322015,False,0,B_DIP4_KEEP_GTC,KOSPI,0.6779661016949046,3.4109078529002357
2026-09-04,031980,피에스케이홀딩스,144000.0,138240.0,False,NOT_REACHED,,,,,,,,,,,,,,0.0,False,0.0,B_DIP4_KEEP_GTC,KOSDAQ,32.833333333333336,10.440073755377988
2026-09-04,049430,코메론,22450.0,21552.0,True,FILLED,2026-09-07,21552.0,INTRADAY_LIMIT,1,20654.0,27838.0,OPEN,,,,,,100.0,1.6146993318485459,False,0,B_DIP4_KEEP_GTC,KOSDAQ,-2.4498886414253906,10.440073755377988
2026-09-04,064290,인텍플러스,40150.0,38544.0,False,NOT_REACHED,,,,,,,,,,,,,,0.0,False,0.0,B_DIP4_KEEP_GTC,KOSDAQ,34.85180572851806,10.440073755377988
2026-09-04,377450,리파인,16960.0,16281.599999999999,True,FILLED,2026-09-15,16281.599999999999,INTRADAY_LIMIT,7,15603.2,21030.399999999998,CLOSED,,,2026-09-15,14250,STOP_LOSS,0.0,-12.477889150943389,False,-12.477889150943389,B_DIP4_KEEP_GTC,KOSDAQ,-15.978773584905658,10.440073755377988
2026-09-04,002310,아세아제지,8840.0,8486.4,True,FILLED,2026-09-15,8486.4,INTRADAY_LIMIT,7,8132.8,10961.599999999999,CLOSED,,,2026-09-29,7960,STOP_LOSS,0.0,-6.202865761689291,False,-6.202865761689291,B_DIP4_KEEP_GTC,KOSPI,-9.954751131221718,1.7449728661130592
2026-09-04,004690,삼천리,136700.0,131232.0,True,FILLED,2026-09-16,131232.0,INTRADAY_LIMIT,8,125764.0,169508.0,OPEN,,,,,,100.0,-2.2342111680078047,False,0,B_DIP4_KEEP_GTC,KOSPI,-6.144842721287491,1.7449728661130592
2026-09-04,180640,한진칼,146000.0,140160.0,True,FILLED,2026-09-07,140160.0,INTRADAY_LIMIT,1,134320.0,181040.0,CLOSED,,,2026-09-11,131700,STOP_LOSS_GAP,0.0,-6.0359589041095845,False,-6.0359589041095845,B_DIP4_KEEP_GTC,KOSPI,-9.794520547945208,1.7449728661130592
2026-09-04,272450,진에어,6140.0,5894.4,True,FILLED,2026-09-14,5894.4,INTRADAY_LIMIT,6,5648.8,7613.599999999999,OPEN,,,,,,100.0,-1.092562432138977,False,0,B_DIP4_KEEP_GTC,KOSPI,-5.048859934853422,1.7449728661130592
2026-09-07,064760,티씨케이,268500.0,257760.0,True,FILLED,2026-09-09,257760.0,INTRADAY_LIMIT,2,247020.0,332940.0,OPEN,,,,,,100.0,10.567970204841703,False,0,B_DIP4_KEEP_GTC,KOSDAQ,6.145251396648055,9.272795825782353
2026-09-07,131290,티에스이,261500.0,251040.0,True,FILLED,2026-09-14,251000,OPEN_BETTER_THAN_LIMIT,5,240580.0,324260.0,CLOSED,,,2026-09-14,236000,STOP_LOSS,0.0,-5.976095617529875,False,-5.976095617529875,B_DIP4_KEEP_GTC,KOSDAQ,-9.751434034416828,9.272795825782353
2026-09-08,241770,메카로,42350.0,40656.0,True,FILLED,2026-09-14,40656.0,INTRADAY_LIMIT,4,38962.0,52514.0,CLOSED,,,2026-09-15,38750,STOP_LOSS,0.0,-4.688114915387642,False,-4.688114915387642,B_DIP4_KEEP_GTC,KOSDAQ,-8.500590318772138,10.66044242991575
2026-09-09,00088K,한화3우B,43600.0,41856.0,True,FILLED,2026-09-10,41856.0,INTRADAY_LIMIT,1,40112.0,54064.0,CLOSED,,,2026-09-21,39600,STOP_LOSS,0.0,-5.389908256880737,False,-5.389908256880737,B_DIP4_KEEP_GTC,KOSPI,-9.174311926605505,-3.5132252922724483
2026-09-09,012630,HDC,24700.0,23712.0,True,FILLED,2026-10-02,23712.0,INTRADAY_LIMIT,15,22724.0,30628.0,CLOSED,,,2026-10-07,22600,STOP_LOSS,0.0,-4.689608636977061,False,-4.689608636977061,B_DIP4_KEEP_GTC,KOSPI,-8.502024291497978,-3.5132252922724483
2026-09-09,020120,키다리스튜디오,7960.0,7641.599999999999,True,FILLED,2026-09-21,7641.599999999999,INTRADAY_LIMIT,8,7323.200000000001,9870.399999999998,CLOSED,,,2026-10-06,7140,STOP_LOSS,0.0,-6.564070351758788,False,-6.564070351758788,B_DIP4_KEEP_GTC,KOSPI,-10.301507537688437,-3.5132252922724483
2026-09-09,096770,SK이노베이션,153500.0,147360.0,True,FILLED,2026-09-11,147360.0,INTRADAY_LIMIT,2,141220.0,190340.0,CLOSED,,,2026-09-14,136700,STOP_LOSS,0.0,-7.233984799131377,False,-7.233984799131377,B_DIP4_KEEP_GTC,KOSPI,-10.94462540716612,-3.5132252922724483
2026-09-10,078340,컴투스,34850.0,33456.0,True,FILLED,2026-09-16,33456.0,INTRADAY_LIMIT,4,32062.0,43214.0,OPEN,,,,,,100.0,10.294117647058831,False,0,B_DIP4_KEEP_GTC,KOSDAQ,5.882352941176472,7.349567461645079
2026-09-10,425420,티에프이,58900.0,56544.0,True,FILLED,2026-09-11,56544.0,INTRADAY_LIMIT,1,54188.0,73036.0,CLOSED,,,2026-09-14,53300,STOP_LOSS_GAP,0.0,-5.737125070741367,False,-5.737125070741367,B_DIP4_KEEP_GTC,KOSDAQ,-9.507640067911716,7.349567461645079
2026-09-10,004690,삼천리,138000.0,132480.0,True,FILLED,2026-09-16,132480.0,INTRADAY_LIMIT,4,126960.0,171120.0,OPEN,,,,,,100.0,-3.1551932367149704,False,0,B_DIP4_KEEP_GTC,KOSPI,-7.028985507246377,-3.2701537691642857
2026-09-10,018670,SK가스,252000.0,241920.0,True,FILLED,2026-09-14,241920.0,INTRADAY_LIMIT,2,231840.0,312480.0,OPEN,,,,,,100.0,11.813822751322745,False,0,B_DIP4_KEEP_GTC,KOSPI,7.341269841269837,-3.2701537691642857
2026-09-11,005090,SGC에너지,61200.0,58752.0,True,FILLED,2026-09-14,58752.0,INTRADAY_LIMIT,1,56304.0,75888.0,CLOSED,,,2026-09-15,55300,STOP_LOSS,0.0,-5.875544662309373,False,-5.875544662309373,B_DIP4_KEEP_GTC,KOSPI,-9.640522875816993,-1.5341733828660553
2026-09-11,030210,다올투자증권,4050.0,3888.0,True,FILLED,2026-09-16,3888.0,INTRADAY_LIMIT,3,3726.0,5022.0,OPEN,,,,,,100.0,1.9804526748971263,False,0,B_DIP4_KEEP_GTC,KOSPI,-2.0987654320987703,-1.5341733828660553
2026-09-11,294870,IPARK현대산업개발,24850.0,23856.0,True,FILLED,2026-09-16,23856.0,INTRADAY_LIMIT,3,22862.0,30814.0,CLOSED,,,2026-10-01,22650,STOP_LOSS,0.0,-5.0553319919517055,False,-5.0553319919517055,B_DIP4_KEEP_GTC,KOSPI,-8.853118712273645,-1.5341733828660553
2026-09-14,068930,디지털대성,8850.0,8496.0,False,NOT_REACHED,,,,,,,,,,,,,,0.0,False,0.0,B_DIP4_KEEP_GTC,KOSDAQ,3.9548022598870025,11.358593933985306
2026-09-14,377450,리파인,17160.0,16473.6,True,FILLED,2026-09-15,16473.6,INTRADAY_LIMIT,1,15787.2,21278.399999999998,CLOSED,,,2026-09-15,14250,STOP_LOSS,0.0,-13.49796037296036,False,-13.49796037296036,B_DIP4_KEEP_GTC,KOSDAQ,-16.95804195804196,11.358593933985306
2026-09-14,094800,맵스리얼티,7420.0,7123.2,False,NOT_REACHED,,,,,,,,,,,,,,0.0,False,0.0,B_DIP4_KEEP_GTC,KOSPI,1.0781671159029615,1.7882014310997008
2026-09-15,028100,동아지질,18690.0,17942.399999999998,False,NOT_REACHED,,,,,,,,,,,,,,0.0,False,0.0,B_DIP4_KEEP_GTC,KOSPI,5.7784911717496,2.6653549128900833
2026-09-15,453340,현대그린푸드,19400.0,18624.0,True,FILLED,2026-09-18,18624.0,INTRADAY_LIMIT,3,17848.0,24056.0,OPEN,,,,,,100.0,1.9652061855670144,False,0,B_DIP4_KEEP_GTC,KOSPI,-2.1134020618556737,2.6653549128900833
2026-09-16,219130,타이거일렉,74800.0,71808.0,True,FILLED,2026-09-17,71800,OPEN_BETTER_THAN_LIMIT,1,68816.0,92752.0,PARTIAL,2026-09-30,92752.0,,,,50.0,32.835654596100284,False,14.590529247910865,B_DIP4_KEEP_GTC,KOSDAQ,27.508021390374328,10.104414323880473
2026-09-16,001120,LX인터내셔널,41650.0,39984.0,True,FILLED,2026-09-23,39984.0,INTRADAY_LIMIT,5,38318.0,51646.0,OPEN,,,,,,100.0,9.91896758703481,False,0,B_DIP4_KEEP_GTC,KOSPI,5.522208883553414,1.2791066348911917
2026-09-18,045100,한양이엔지,32100.0,30816.0,False,NOT_REACHED,,,,,,,,,,,,,,0.0,False,0.0,B_DIP4_KEEP_GTC,KOSDAQ,4.672897196261672,8.621481768062678
2026-09-18,013580,계룡건설,23500.0,22560.0,True,FILLED,2026-09-22,22560.0,INTRADAY_LIMIT,2,21620.0,29140.0,CLOSED,,,2026-10-01,21450,STOP_LOSS,0.0,-4.9202127659574435,False,-4.9202127659574435,B_DIP4_KEEP_GTC,KOSPI,-8.723404255319146,-1.3102260876123983
2026-09-21,098120,마이크로컨텍솔,57600.0,55296.0,True,FILLED,2026-09-30,55296.0,INTRADAY_LIMIT,5,52992.0,71424.0,OPEN,,,,,,100.0,9.411168981481488,False,0,B_DIP4_KEEP_GTC,KOSDAQ,5.034722222222232,7.433006086550997
2026-09-21,252990,샘씨엔에스,18090.0,17366.399999999998,True,FILLED,2026-09-22,17366.399999999998,INTRADAY_LIMIT,1,16642.8,22431.600000000002,OPEN,,,,,,100.0,9.69458264234384,False,0,B_DIP4_KEEP_GTC,KOSDAQ,5.306799336650081,7.433006086550997
2026-09-21,000430,대원강업,5040.0,4838.4,True,FILLED,2026-09-23,4838.4,INTRADAY_LIMIT,2,4636.8,6249.599999999999,CLOSED,,,2026-09-29,4580,STOP_LOSS,0.0,-5.3406084656084545,False,-5.3406084656084545,B_DIP4_KEEP_GTC,KOSPI,-9.126984126984128,-2.90850661841513
2026-09-21,003160,디아이,35400.0,33984.0,False,NOT_REACHED,,,,,,,,,,,,,,0.0,False,0.0,B_DIP4_KEEP_GTC,KOSPI,20.6864406779661,-2.90850661841513
2026-09-21,029460,케이씨,44600.0,42816.0,True,FILLED,2026-09-22,42816.0,INTRADAY_LIMIT,1,41032.0,55304.0,OPEN,,,,,,100.0,10.355941704035864,False,0,B_DIP4_KEEP_GTC,KOSPI,5.94170403587444,-2.90850661841513
2026-09-22,059090,미코,22600.0,21696.0,True,FILLED,2026-09-29,21500,OPEN_BETTER_THAN_LIMIT,3,20792.0,28024.0,OPEN,,,,,,100.0,6.279069767441858,False,0,B_DIP4_KEEP_GTC,KOSDAQ,1.106194690265494,7.676358493731872
2026-09-22,095340,ISC,208000.0,199680.0,False,NOT_REACHED,,,,,,,,,,,,,,0.0,False,0.0,B_DIP4_KEEP_GTC,KOSDAQ,-2.644230769230771,7.676358493731872
2026-09-22,222800,심텍,148100.0,142176.0,False,NOT_REACHED,,,,,,,,,,,,,,0.0,False,0.0,B_DIP4_KEEP_GTC,KOSDAQ,15.057393652937211,7.676358493731872
2026-09-22,425420,티에프이,64400.0,61824.0,True,FILLED,2026-09-29,61824.0,INTRADAY_LIMIT,3,59248.0,79856.0,OPEN,,,,,,100.0,4.813664596273282,False,0,B_DIP4_KEEP_GTC,KOSDAQ,0.6211180124223503,7.676358493731872
2026-09-22,003490,대한항공,31400.0,30144.0,False,NOT_REACHED,,,,,,,,,,,,,,0.0,False,0.0,B_DIP4_KEEP_GTC,KOSPI,-1.7515923566879033,-3.0494833932039667
2026-09-22,020560,아시아나항공,8370.0,8035.2,False,NOT_REACHED,,,,,,,,,,,,,,0.0,False,0.0,B_DIP4_KEEP_GTC,KOSPI,-1.5531660692950977,-3.0494833932039667
2026-09-23,017890,한국알콜,15390.0,14774.4,False,NOT_REACHED,,,,,,,,,,,,,,0.0,False,0.0,B_DIP4_KEEP_GTC,KOSDAQ,4.483430799220267,6.388546798029537
2026-09-23,084370,유진테크,163600.0,157056.0,True,FILLED,2026-09-28,157056.0,INTRADAY_LIMIT,1,150512.0,202864.0,OPEN,,,,,,100.0,7.604930725346382,False,0,B_DIP4_KEEP_GTC,KOSDAQ,3.3007334963325086,6.388546798029537
2026-09-23,114810,한솔아이원스,14770.0,14179.199999999999,False,NOT_REACHED,,,,,,,,,,,,,,0.0,False,0.0,B_DIP4_KEEP_GTC,KOSDAQ,-0.9478672985781977,6.388546798029537
2026-09-23,417840,저스템,17080.0,16396.8,False,NOT_REACHED,,,,,,,,,,,,,,0.0,False,0.0,B_DIP4_KEEP_GTC,KOSDAQ,10.070257611241207,6.388546798029537
2026-09-23,446540,메가터치,10900.0,10464.0,True,FILLED,2026-09-28,10464.0,INTRADAY_LIMIT,1,10028.0,13516.0,OPEN,,,,,,100.0,5.026758409785925,False,0,B_DIP4_KEEP_GTC,KOSDAQ,0.8256880733944927,6.388546798029537
2026-09-23,006120,SK디스커버리,60300.0,57888.0,False,NOT_REACHED,,,,,,,,,,,,,,0.0,False,0.0,B_DIP4_KEEP_GTC,KOSPI,19.237147595356554,-3.91220349898036
2026-09-23,010955,S-Oil우,84000.0,80640.0,True,FILLED,2026-10-01,80640.0,INTRADAY_LIMIT,4,77280.0,104160.0,OPEN,,,,,,100.0,11.979166666666675,False,0,B_DIP4_KEEP_GTC,KOSPI,7.499999999999996,-3.91220349898036
2026-09-28,009240,한샘,40750.0,39120.0,True,FILLED,2026-09-30,39120.0,INTRADAY_LIMIT,2,37490.0,50530.0,OPEN,,,,,,100.0,3.527607361963181,False,0,B_DIP4_KEEP_GTC,KOSPI,-0.6134969325153339,-1.245910585885679
2026-09-28,025000,KPX케미칼,57700.0,55392.0,False,NOT_REACHED,,,,,,,,,,,,,,0.0,False,0.0,B_DIP4_KEEP_GTC,KOSPI,1.559792027729645,-1.245910585885679
2026-09-28,284740,쿠쿠홈시스,24300.0,23328.0,False,NOT_REACHED,,,,,,,,,,,,,,0.0,False,0.0,B_DIP4_KEEP_GTC,KOSPI,2.4691358024691468,-1.245910585885679
2026-09-29,031980,피에스케이홀딩스,180800.0,173568.0,False,NOT_REACHED,,,,,,,,,,,,,,0.0,False,0.0,B_DIP4_KEEP_GTC,KOSDAQ,12.831858407079654,5.72252294657567
2026-09-29,064760,티씨케이,300000.0,288000.0,True,FILLED,2026-10-06,288000.0,INTRADAY_LIMIT,4,276000.0,372000.0,OPEN,,,,,,100.0,-1.041666666666663,False,0,B_DIP4_KEEP_GTC,KOSDAQ,-5.000000000000004,5.72252294657567
2026-09-29,101160,월덱스,32250.0,30960.0,False,NOT_REACHED,,,,,,,,,,,,,,0.0,False,0.0,B_DIP4_KEEP_GTC,KOSDAQ,-0.15503875968991832,5.72252294657567
2026-09-29,219130,타이거일렉,91000.0,87360.0,False,NOT_REACHED,,,,,,,,,,,,,,0.0,False,0.0,B_DIP4_KEEP_GTC,KOSDAQ,7.692307692307687,5.72252294657567
2026-09-29,252990,샘씨엔에스,19950.0,19152.0,True,FILLED,2026-10-06,19152.0,INTRADAY_LIMIT,4,18354.0,24738.0,OPEN,,,,,,100.0,-0.5325814536340845,False,0,B_DIP4_KEEP_GTC,KOSDAQ,-4.511278195488721,5.72252294657567
2026-09-29,029460,케이씨,46250.0,44400.0,True,FILLED,2026-09-30,44400.0,INTRADAY_LIMIT,1,42550.0,57350.0,OPEN,,,,,,100.0,6.4189189189189255,False,0,B_DIP4_KEEP_GTC,KOSPI,2.1621621621621623,-0.9738298686763347
2026-09-30,036930,주성엔지니어링,232500.0,223200.0,False,NOT_REACHED,,,,,,,,,,,,,,0.0,False,0.0,B_DIP4_KEEP_GTC,KOSDAQ,6.451612903225801,4.967812036312225
2026-09-30,059090,미코,23200.0,22272.0,False,NOT_REACHED,,,,,,,,,,,,,,0.0,False,0.0,B_DIP4_KEEP_GTC,KOSDAQ,-1.5086206896551713,4.967812036312225
2026-09-30,078350,한양디지텍,31950.0,30672.0,False,NOT_REACHED,,,,,,,,,,,,,,0.0,False,0.0,B_DIP4_KEEP_GTC,KOSDAQ,13.928012519561817,4.967812036312225
2026-09-30,122640,예스티,33600.0,32256.0,True,FILLED,2026-10-07,32256.0,INTRADAY_LIMIT,4,30912.0,41664.0,OPEN,,,,,,100.0,-1.4136904761904767,False,0,B_DIP4_KEEP_GTC,KOSDAQ,-5.35714285714286,4.967812036312225
2026-09-30,001120,LX인터내셔널,43300.0,41568.0,False,NOT_REACHED,,,,,,,,,,,,,,0.0,False,0.0,B_DIP4_KEEP_GTC,KOSPI,1.501154734411081,-0.4992658715070486
2026-09-30,020000,한섬,21000.0,20160.0,False,NOT_REACHED,,,,,,,,,,,,,,0.0,False,0.0,B_DIP4_KEEP_GTC,KOSPI,3.3333333333333437,-0.4992658715070486
2026-09-30,306200,세아제강,153200.0,147072.0,True,FILLED,2026-10-02,147072.0,INTRADAY_LIMIT,2,140944.0,189968.0,OPEN,,,,,,100.0,0.9709530026109636,False,0,B_DIP4_KEEP_GTC,KOSPI,-3.067885117493474,-0.4992658715070486
2026-10-02,005160,동국산업,3970.0,3811.2,False,NOT_REACHED,,,,,,,,,,,,,,0.0,False,0.0,B_DIP4_KEEP_GTC,KOSDAQ,-3.0226700251889116,0.5754010455730985
2026-10-02,036710,심텍홀딩스,4960.0,4761.599999999999,False,NOT_REACHED,,,,,,,,,,,,,,0.0,False,0.0,B_DIP4_KEEP_GTC,KOSDAQ,2.4193548387096753,0.5754010455730985
2026-10-02,064290,인텍플러스,59100.0,56736.0,False,NOT_REACHED,,,,,,,,,,,,,,0.0,False,0.0,B_DIP4_KEEP_GTC,KOSDAQ,-1.0152284263959421,0.5754010455730985
2026-10-06,031980,피에스케이홀딩스,197000.0,189120.0,True,FILLED,2026-10-07,189120.0,INTRADAY_LIMIT,1,181240.0,244280.0,OPEN,,,,,,100.0,7.868020304568524,False,0,B_DIP4_KEEP_GTC,KOSDAQ,3.5532994923857864,-2.33607270197409
2026-10-06,091580,상신이디피,24850.0,23856.0,False,NOT_REACHED,,,,,,,,,,,,,,0.0,False,0.0,B_DIP4_KEEP_GTC,KOSDAQ,-1.2072434607645843,-2.33607270197409
2026-10-06,236200,슈프리마,60400.0,57984.0,True,FILLED,2026-10-07,57984.0,INTRADAY_LIMIT,1,55568.0,74896.0,CLOSED,,,2026-10-07,54800,STOP_LOSS,0.0,-5.491169977924947,False,-5.491169977924947,B_DIP4_KEEP_GTC,KOSDAQ,-9.27152317880795,-2.33607270197409
2026-10-06,006400,삼성SDI,575000.0,552000.0,False,NOT_REACHED,,,,,,,,,,,,,,0.0,False,0.0,B_DIP4_KEEP_GTC,KOSPI,-2.260869565217394,-1.980727203053001
2026-10-06,007660,이수페타시스,131900.0,126624.0,True,FILLED,2026-10-07,126624.0,INTRADAY_LIMIT,1,121348.0,163556.0,OPEN,,,,,,100.0,-3.6517563810967935,False,0,B_DIP4_KEEP_GTC,KOSPI,-7.505686125852917,-1.980727203053001
2026-10-06,192820,코스맥스,298000.0,286080.0,False,NOT_REACHED,,,,,,,,,,,,,,0.0,False,0.0,B_DIP4_KEEP_GTC,KOSPI,3.523489932885915,-1.980727203053001
2026-10-06,226320,잇츠한불,11260.0,10809.6,False,NOT_REACHED,,,,,,,,,,,,,,0.0,False,0.0,B_DIP4_KEEP_GTC,KOSPI,4.440497335701599,-1.980727203053001
2026-10-06,373220,LG에너지솔루션,390000.0,374400.0,False,NOT_REACHED,,,,,,,,,,,,,,0.0,False,0.0,B_DIP4_KEEP_GTC,KOSPI,0.2564102564102555,-1.980727203053001
2026-10-07,041960,코미팜,11000.0,10560.0,False,NO_FUTURE_BAR,,,,,,,,,,,,,,0.0,False,0.0,B_DIP4_KEEP_GTC,KOSDAQ,0.0,0.0
2026-10-07,131290,티에스이,316000.0,303360.0,False,NO_FUTURE_BAR,,,,,,,,,,,,,,0.0,False,0.0,B_DIP4_KEEP_GTC,KOSDAQ,0.0,0.0
2026-10-07,219130,타이거일렉,98000.0,94080.0,False,NO_FUTURE_BAR,,,,,,,,,,,,,,0.0,False,0.0,B_DIP4_KEEP_GTC,KOSDAQ,0.0,0.0
2026-10-07,002320,한진,16860.0,16185.599999999999,False,NO_FUTURE_BAR,,,,,,,,,,,,,,0.0,False,0.0,B_DIP4_KEEP_GTC,KOSPI,0.0,0.0
2026-10-07,002960,한국쉘석유,541000.0,519360.0,False,NO_FUTURE_BAR,,,,,,,,,,,,,,0.0,False,0.0,B_DIP4_KEEP_GTC,KOSPI,0.0,0.0
2026-10-07,008930,한미사이언스,58100.0,55776.0,False,NO_FUTURE_BAR,,,,,,,,,,,,,,0.0,False,0.0,B_DIP4_KEEP_GTC,KOSPI,0.0,0.0
2026-10-07,078520,에이블씨엔씨,11880.0,11404.8,False,NO_FUTURE_BAR,,,,,,,,,,,,,,0.0,False,0.0,B_DIP4_KEEP_GTC,KOSPI,0.0,0.0
2026-10-07,383220,F&F,74100.0,71136.0,False,NO_FUTURE_BAR,,,,,,,,,,,,,,0.0,False,0.0,B_DIP4_KEEP_GTC,KOSPI,0.0,0.0
2026-08-24,002840,미원상사,131800.0,126528.0,False,EXPIRED,,,,,,,,,,,,,,0.0,False,0.0,B_DIP4_KEEP_5,KOSPI,5.993930197268593,1.5968439411314872
2026-08-24,028670,팬오션,6320.0,6067.2,True,FILLED,2026-08-26,6067.2,INTRADAY_LIMIT,2,5814.400000000001,7836.799999999998,CLOSED,,,2026-08-26,5610,STOP_LOSS,0.0,-7.535601265822778,False,-7.535601265822778,B_DIP4_KEEP_5,KOSPI,-11.234177215189877,1.5968439411314872
2026-08-24,058650,세아홀딩스,132600.0,127296.0,False,EXPIRED,,,,,,,,,,,,,,0.0,False,0.0,B_DIP4_KEEP_5,KOSPI,-4.751131221719462,1.5968439411314872
2026-08-25,002310,아세아제지,8560.0,8217.6,True,FILLED,2026-08-27,8217.6,INTRADAY_LIMIT,2,7875.200000000001,10614.399999999998,CLOSED,,,2026-09-30,7850,STOP_LOSS,0.0,-4.473325545171347,False,-4.473325545171347,B_DIP4_KEEP_5,KOSPI,-8.294392523364492,0.9070496563711394
2026-08-25,078930,GS,121800.0,116928.0,True,FILLED,2026-08-26,116928.0,INTRADAY_LIMIT,1,112056.0,151032.0,CLOSED,,,2026-09-16,112000,STOP_LOSS,0.0,-4.214559386973182,False,-4.214559386973182,B_DIP4_KEEP_5,KOSPI,-8.045977011494255,0.9070496563711394
2026-08-25,080580,오킨스전자,19400.0,18624.0,True,FILLED,2026-08-26,18624.0,INTRADAY_LIMIT,1,17848.0,24056.0,PARTIAL,2026-09-21,24056.0,,,,50.0,40.15786082474227,False,14.583333333333337,B_DIP4_KEEP_5,KOSDAQ,34.551546391752574,8.617542162848334
2026-08-25,090430,아모레퍼시픽,143300.0,137568.0,False,EXPIRED,,,,,,,,,,,,,,0.0,False,0.0,B_DIP4_KEEP_5,KOSPI,-3.3496161898115884,0.9070496563711394
2026-08-25,122900,아이마켓코리아,8350.0,8016.0,False,EXPIRED,,,,,,,,,,,,,,0.0,False,0.0,B_DIP4_KEEP_5,KOSPI,-1.4371257485029987,0.9070496563711394
2026-08-25,123330,제닉,32200.0,30912.0,False,EXPIRED,,,,,,,,,,,,,,0.0,False,0.0,B_DIP4_KEEP_5,KOSDAQ,-11.956521739130432,8.617542162848334
2026-08-25,161890,한국콜마,150000.0,144000.0,True,FILLED,2026-08-27,144000.0,INTRADAY_LIMIT,2,138000.0,186000.0,CLOSED,,,2026-09-11,137200,STOP_LOSS_GAP,0.0,-4.722222222222228,False,-4.722222222222228,B_DIP4_KEEP_5,KOSPI,-8.533333333333337,0.9070496563711394
2026-08-25,257720,실리콘투,51900.0,49824.0,True,FILLED,2026-08-27,48250,OPEN_BETTER_THAN_LIMIT,2,47748.0,64356.0,CLOSED,,,2026-09-07,47150,STOP_LOSS,0.0,-2.2797927461139844,False,-2.2797927461139844,B_DIP4_KEEP_5,KOSDAQ,-9.152215799614638,8.617542162848334
2026-08-25,278470,에이피알,440500.0,422880.0,False,EXPIRED,,,,,,,,,,,,,,0.0,False,0.0,B_DIP4_KEEP_5,KOSPI,-10.556186152099889,0.9070496563711394
2026-08-25,280360,롯데웰푸드,135200.0,129792.0,False,EXPIRED,,,,,,,,,,,,,,0.0,False,0.0,B_DIP4_KEEP_5,KOSPI,-8.357988165680474,0.9070496563711394
2026-08-26,000815,삼성화재우,425000.0,408000.0,False,EXPIRED,,,,,,,,,,,,,,0.0,False,0.0,B_DIP4_KEEP_5,KOSPI,-7.9999999999999964,-0.06330592035205251
2026-08-26,003230,삼양식품,1507000.0,1446720.0,False,EXPIRED,,,,,,,,,,,,,,0.0,False,0.0,B_DIP4_KEEP_5,KOSPI,-11.745189117451893,-0.06330592035205251
2026-08-26,003300,한일홀딩스,18350.0,17616.0,False,EXPIRED,,,,,,,,,,,,,,0.0,False,0.0,B_DIP4_KEEP_5,KOSPI,-6.975476839237061,-0.06330592035205251
2026-08-26,004490,세방전지,59800.0,57408.0,False,EXPIRED,,,,,,,,,,,,,,0.0,False,0.0,B_DIP4_KEEP_5,KOSPI,4.849498327759205,-0.06330592035205251
2026-08-26,006360,GS건설,37800.0,36288.0,True,FILLED,2026-08-28,36288.0,INTRADAY_LIMIT,2,34776.0,46872.0,CLOSED,,,2026-09-01,33300,STOP_LOSS,0.0,-8.234126984126988,False,-8.234126984126988,B_DIP4_KEEP_5,KOSPI,-11.904761904761907,-0.06330592035205251
2026-08-26,017940,E1,97700.0,93792.0,False,EXPIRED,,,,,,,,,,,,,,0.0,False,0.0,B_DIP4_KEEP_5,KOSPI,-9.621289662231325,-0.06330592035205251
2026-08-27,006400,삼성SDI,569000.0,546240.0,True,FILLED,2026-09-02,546240.0,INTRADAY_LIMIT,4,523480.0,705560.0,CLOSED,,,2026-09-23,521000,STOP_LOSS,0.0,-4.620679554774454,False,-4.620679554774454,B_DIP4_KEEP_5,KOSPI,-8.435852372583474,-1.5692157682531516
2026-08-27,012750,에스원,85500.0,82080.0,True,FILLED,2026-08-28,82080.0,INTRADAY_LIMIT,1,78660.0,106020.0,OPEN,,,,,,100.0,2.0955165692007727,False,0,B_DIP4_KEEP_5,KOSPI,-1.9883040935672502,-1.5692157682531516
2026-08-27,029460,케이씨,38650.0,37104.0,True,FILLED,2026-08-28,37104.0,INTRADAY_LIMIT,1,35558.0,47926.0,OPEN,,,,,,100.0,27.34476067270375,False,0,B_DIP4_KEEP_5,KOSPI,22.25097024579561,-1.5692157682531516
2026-08-27,183190,아세아시멘트,10550.0,10128.0,False,EXPIRED,,,,,,,,,,,,,,0.0,False,0.0,B_DIP4_KEEP_5,KOSPI,-5.592417061611377,-1.5692157682531516
2026-08-27,222800,심텍,126900.0,121824.0,True,FILLED,2026-08-28,121824.0,INTRADAY_LIMIT,1,116748.0,157356.0,PARTIAL,2026-10-01,157356.0,,,,50.0,34.520291568163906,False,14.583333333333337,B_DIP4_KEEP_5,KOSDAQ,29.139479905437348,7.256013848265974
2026-08-28,035600,KG이니시스,10640.0,10214.4,False,EXPIRED,,,,,,,,,,,,,,0.0,False,0.0,B_DIP4_KEEP_5,KOSDAQ,-8.176691729323304,7.158788659486404
2026-08-28,096530,씨젠,35650.0,34224.0,True,FILLED,2026-08-31,34224.0,INTRADAY_LIMIT,1,32798.0,44206.0,CLOSED,,,2026-09-02,32100,STOP_LOSS,0.0,-6.206171107994384,False,-6.206171107994384,B_DIP4_KEEP_5,KOSDAQ,-9.957924263674611,7.158788659486404
2026-08-28,204620,글로벌텍스프리,5960.0,5721.599999999999,True,FILLED,2026-08-31,5721.599999999999,INTRADAY_LIMIT,1,5483.2,7390.400000000001,CLOSED,,,2026-09-03,5370,STOP_LOSS,0.0,-6.14513422818791,False,-6.14513422818791,B_DIP4_KEEP_5,KOSDAQ,-9.899328859060407,7.158788659486404
2026-08-28,002790,아모레퍼시픽홀딩스,28000.0,26880.0,True,FILLED,2026-09-01,26880.0,INTRADAY_LIMIT,2,25760.0,34720.0,CLOSED,,,2026-09-09,25500,STOP_LOSS,0.0,-5.133928571428569,False,-5.133928571428569,B_DIP4_KEEP_5,KOSPI,-8.92857142857143,0.22124415220183824
2026-08-28,025000,KPX케미칼,55800.0,53568.0,False,EXPIRED,,,,,,,,,,,,,,0.0,False,0.0,B_DIP4_KEEP_5,KOSPI,5.017921146953408,0.22124415220183824
2026-08-28,044820,코스맥스비티아이,26800.0,25728.0,True,FILLED,2026-09-01,25728.0,INTRADAY_LIMIT,2,24656.0,33232.0,CLOSED,,,2026-09-03,24600,STOP_LOSS_GAP,0.0,-4.384328358208956,False,-4.384328358208956,B_DIP4_KEEP_5,KOSPI,-8.208955223880599,0.22124415220183824
2026-08-28,088350,한화생명,5950.0,5712.0,True,FILLED,2026-09-04,5712.0,INTRADAY_LIMIT,5,5474.0,7378.0,CLOSED,,,2026-09-30,5330,STOP_LOSS,0.0,-6.68767507002801,False,-6.68767507002801,B_DIP4_KEEP_5,KOSPI,-10.420168067226887,0.22124415220183824
2026-08-28,090430,아모레퍼시픽,150600.0,144576.0,True,FILLED,2026-09-01,144576.0,INTRADAY_LIMIT,2,138552.0,186744.0,CLOSED,,,2026-09-09,138300,STOP_LOSS,0.0,-4.34096945551129,False,-4.34096945551129,B_DIP4_KEEP_5,KOSPI,-8.16733067729084,0.22124415220183824
2026-08-28,104700,한국철강,10120.0,9715.199999999999,True,FILLED,2026-09-02,9715.199999999999,INTRADAY_LIMIT,3,9310.4,12548.800000000001,CLOSED,,,2026-09-30,9310,STOP_LOSS,0.0,-4.170783926218702,False,-4.170783926218702,B_DIP4_KEEP_5,KOSPI,-8.00395256916996,0.22124415220183824
2026-08-28,161890,한국콜마,161700.0,155232.0,True,FILLED,2026-09-01,155232.0,INTRADAY_LIMIT,2,148764.0,200508.0,CLOSED,,,2026-09-04,145800,STOP_LOSS,0.0,-6.076066790352508,False,-6.076066790352508,B_DIP4_KEEP_5,KOSPI,-9.83302411873841,0.22124415220183824
2026-08-28,192820,코스맥스,303000.0,290880.0,True,FILLED,2026-09-01,290880.0,INTRADAY_LIMIT,2,278760.0,375720.0,CLOSED,,,2026-09-02,278500,STOP_LOSS_GAP,0.0,-4.256050605060501,False,-4.256050605060501,B_DIP4_KEEP_5,KOSPI,-8.085808580858089,0.22124415220183824
2026-08-28,278470,에이피알,461500.0,443040.0,True,FILLED,2026-09-01,443040.0,INTRADAY_LIMIT,2,424580.0,572260.0,CLOSED,,,2026-09-02,419000,STOP_LOSS,0.0,-5.4261466233297195,False,-5.4261466233297195,B_DIP4_KEEP_5,KOSPI,-9.209100758396538,0.22124415220183824
2026-08-28,300720,한일시멘트,16950.0,16272.0,True,FILLED,2026-09-02,16272.0,INTRADAY_LIMIT,3,15594.0,21018.0,OPEN,,,,,,100.0,-0.5653883972468021,False,0,B_DIP4_KEEP_5,KOSPI,-4.542772861356936,0.22124415220183824
2026-08-31,068930,디지털대성,8660.0,8313.6,False,EXPIRED,,,,,,,,,,,,,,0.0,False,0.0,B_DIP4_KEEP_5,KOSDAQ,6.235565819861422,7.687974205611958
2026-08-31,353810,이지바이오,6830.0,6556.8,True,FILLED,2026-09-02,6556.8,INTRADAY_LIMIT,2,6283.6,8469.199999999999,CLOSED,,,2026-09-07,6160,STOP_LOSS,0.0,-6.0517325524646175,False,-6.0517325524646175,B_DIP4_KEEP_5,KOSDAQ,-9.809663250366029,7.687974205611958
2026-08-31,014820,동원시스템즈,23200.0,22272.0,True,FILLED,2026-09-02,22272.0,INTRADAY_LIMIT,2,21344.0,28768.0,CLOSED,,,2026-09-09,21250,STOP_LOSS_GAP,0.0,-4.588721264367813,False,-4.588721264367813,B_DIP4_KEEP_5,KOSPI,-8.405172413793105,-0.2363629432171832
2026-08-31,086790,하나금융지주,136300.0,130848.0,False,EXPIRED,,,,,,,,,,,,,,0.0,False,0.0,B_DIP4_KEEP_5,KOSPI,-5.4292002934702825,-0.2363629432171832
2026-08-31,123890,한국자산신탁,2640.0,2534.4,False,EXPIRED,,,,,,,,,,,,,,0.0,False,0.0,B_DIP4_KEEP_5,KOSPI,-8.143939393939393,-0.2363629432171832
2026-08-31,373220,LG에너지솔루션,378000.0,362880.0,True,FILLED,2026-09-02,359500,OPEN_BETTER_THAN_LIMIT,2,347760.0,468720.0,CLOSED,,,2026-09-02,347500,STOP_LOSS,0.0,-3.3379694019471495,False,-3.3379694019471495,B_DIP4_KEEP_5,KOSPI,-8.06878306878307,-0.2363629432171832
2026-09-01,001060,JW중외제약,29000.0,27840.0,True,FILLED,2026-09-02,27840.0,INTRADAY_LIMIT,1,26680.0,35960.0,CLOSED,,,2026-09-11,26400,STOP_LOSS_GAP,0.0,-5.1724137931034475,False,-5.1724137931034475,B_DIP4_KEEP_5,KOSPI,-8.965517241379306,-0.46666081512040103
2026-09-01,089860,롯데렌탈,51400.0,49344.0,True,FILLED,2026-09-08,49344.0,INTRADAY_LIMIT,5,47288.0,63736.0,OPEN,,,,,,100.0,3.9640077821011754,False,0,B_DIP4_KEEP_5,KOSPI,-0.1945525291828787,-0.46666081512040103
2026-09-01,126560,현대퓨처넷,3425.0,3288.0,False,EXPIRED,,,,,,,,,,,,,,0.0,False,0.0,B_DIP4_KEEP_5,KOSPI,-1.4598540145985384,-0.46666081512040103
2026-09-02,159010,아스플로,24100.0,23136.0,True,FILLED,2026-09-08,23136.0,INTRADAY_LIMIT,4,22172.0,29884.0,CLOSED,,,2026-09-15,22000,STOP_LOSS_GAP,0.0,-4.9100968188105165,False,-4.9100968188105165,B_DIP4_KEEP_5,KOSDAQ,-8.713692946058094,11.747804671758
2026-09-02,377450,리파인,16800.0,16128.0,False,EXPIRED,,,,,,,,,,,,,,0.0,False,0.0,B_DIP4_KEEP_5,KOSDAQ,-15.17857142857143,11.747804671758
2026-09-02,180640,한진칼,139100.0,133536.0,True,FILLED,2026-09-03,133536.0,INTRADAY_LIMIT,1,127972.0,172484.0,OPEN,,,,,,100.0,0.2725856697819218,False,0,B_DIP4_KEEP_5,KOSPI,-3.738317757009346,3.675000609503365
2026-09-03,008930,한미사이언스,51500.0,49440.0,False,EXPIRED,,,,,,,,,,,,,,0.0,False,0.0,B_DIP4_KEEP_5,KOSPI,12.815533980582527,3.4109078529002357
2026-09-03,088350,한화생명,6110.0,5865.599999999999,True,FILLED,2026-09-04,5865.599999999999,INTRADAY_LIMIT,1,5621.2,7576.400000000001,CLOSED,,,2026-09-30,5330,STOP_LOSS,0.0,-9.131205673758858,False,-9.131205673758858,B_DIP4_KEEP_5,KOSPI,-12.765957446808507,3.4109078529002357
2026-09-03,145990,삼양사,47400.0,45504.0,False,EXPIRED,,,,,,,,,,,,,,0.0,False,0.0,B_DIP4_KEEP_5,KOSPI,-2.742616033755274,3.4109078529002357
2026-09-03,306200,세아제강,147500.0,141600.0,False,EXPIRED,,,,,,,,,,,,,,0.0,False,0.0,B_DIP4_KEEP_5,KOSPI,0.6779661016949046,3.4109078529002357
2026-09-04,031980,피에스케이홀딩스,144000.0,138240.0,False,EXPIRED,,,,,,,,,,,,,,0.0,False,0.0,B_DIP4_KEEP_5,KOSDAQ,32.833333333333336,10.440073755377988
2026-09-04,049430,코메론,22450.0,21552.0,True,FILLED,2026-09-07,21552.0,INTRADAY_LIMIT,1,20654.0,27838.0,OPEN,,,,,,100.0,1.6146993318485459,False,0,B_DIP4_KEEP_5,KOSDAQ,-2.4498886414253906,10.440073755377988
2026-09-04,064290,인텍플러스,40150.0,38544.0,False,EXPIRED,,,,,,,,,,,,,,0.0,False,0.0,B_DIP4_KEEP_5,KOSDAQ,34.85180572851806,10.440073755377988
2026-09-04,377450,리파인,16960.0,16281.599999999999,False,EXPIRED,,,,,,,,,,,,,,0.0,False,0.0,B_DIP4_KEEP_5,KOSDAQ,-15.978773584905658,10.440073755377988
2026-09-04,002310,아세아제지,8840.0,8486.4,False,EXPIRED,,,,,,,,,,,,,,0.0,False,0.0,B_DIP4_KEEP_5,KOSPI,-9.954751131221718,1.7449728661130592
2026-09-04,004690,삼천리,136700.0,131232.0,False,EXPIRED,,,,,,,,,,,,,,0.0,False,0.0,B_DIP4_KEEP_5,KOSPI,-6.144842721287491,1.7449728661130592
2026-09-04,180640,한진칼,146000.0,140160.0,True,FILLED,2026-09-07,140160.0,INTRADAY_LIMIT,1,134320.0,181040.0,CLOSED,,,2026-09-11,131700,STOP_LOSS_GAP,0.0,-6.0359589041095845,False,-6.0359589041095845,B_DIP4_KEEP_5,KOSPI,-9.794520547945208,1.7449728661130592
2026-09-04,272450,진에어,6140.0,5894.4,False,EXPIRED,,,,,,,,,,,,,,0.0,False,0.0,B_DIP4_KEEP_5,KOSPI,-5.048859934853422,1.7449728661130592
2026-09-07,064760,티씨케이,268500.0,257760.0,True,FILLED,2026-09-09,257760.0,INTRADAY_LIMIT,2,247020.0,332940.0,OPEN,,,,,,100.0,10.567970204841703,False,0,B_DIP4_KEEP_5,KOSDAQ,6.145251396648055,9.272795825782353
2026-09-07,131290,티에스이,261500.0,251040.0,True,FILLED,2026-09-14,251000,OPEN_BETTER_THAN_LIMIT,5,240580.0,324260.0,CLOSED,,,2026-09-14,236000,STOP_LOSS,0.0,-5.976095617529875,False,-5.976095617529875,B_DIP4_KEEP_5,KOSDAQ,-9.751434034416828,9.272795825782353
2026-09-08,241770,메카로,42350.0,40656.0,True,FILLED,2026-09-14,40656.0,INTRADAY_LIMIT,4,38962.0,52514.0,CLOSED,,,2026-09-15,38750,STOP_LOSS,0.0,-4.688114915387642,False,-4.688114915387642,B_DIP4_KEEP_5,KOSDAQ,-8.500590318772138,10.66044242991575
2026-09-09,00088K,한화3우B,43600.0,41856.0,True,FILLED,2026-09-10,41856.0,INTRADAY_LIMIT,1,40112.0,54064.0,CLOSED,,,2026-09-21,39600,STOP_LOSS,0.0,-5.389908256880737,False,-5.389908256880737,B_DIP4_KEEP_5,KOSPI,-9.174311926605505,-3.5132252922724483
2026-09-09,012630,HDC,24700.0,23712.0,False,EXPIRED,,,,,,,,,,,,,,0.0,False,0.0,B_DIP4_KEEP_5,KOSPI,-8.502024291497978,-3.5132252922724483
2026-09-09,020120,키다리스튜디오,7960.0,7641.599999999999,False,EXPIRED,,,,,,,,,,,,,,0.0,False,0.0,B_DIP4_KEEP_5,KOSPI,-10.301507537688437,-3.5132252922724483
2026-09-09,096770,SK이노베이션,153500.0,147360.0,True,FILLED,2026-09-11,147360.0,INTRADAY_LIMIT,2,141220.0,190340.0,CLOSED,,,2026-09-14,136700,STOP_LOSS,0.0,-7.233984799131377,False,-7.233984799131377,B_DIP4_KEEP_5,KOSPI,-10.94462540716612,-3.5132252922724483
2026-09-10,078340,컴투스,34850.0,33456.0,True,FILLED,2026-09-16,33456.0,INTRADAY_LIMIT,4,32062.0,43214.0,OPEN,,,,,,100.0,10.294117647058831,False,0,B_DIP4_KEEP_5,KOSDAQ,5.882352941176472,7.349567461645079
2026-09-10,425420,티에프이,58900.0,56544.0,True,FILLED,2026-09-11,56544.0,INTRADAY_LIMIT,1,54188.0,73036.0,CLOSED,,,2026-09-14,53300,STOP_LOSS_GAP,0.0,-5.737125070741367,False,-5.737125070741367,B_DIP4_KEEP_5,KOSDAQ,-9.507640067911716,7.349567461645079
2026-09-10,004690,삼천리,138000.0,132480.0,True,FILLED,2026-09-16,132480.0,INTRADAY_LIMIT,4,126960.0,171120.0,OPEN,,,,,,100.0,-3.1551932367149704,False,0,B_DIP4_KEEP_5,KOSPI,-7.028985507246377,-3.2701537691642857
2026-09-10,018670,SK가스,252000.0,241920.0,True,FILLED,2026-09-14,241920.0,INTRADAY_LIMIT,2,231840.0,312480.0,OPEN,,,,,,100.0,11.813822751322745,False,0,B_DIP4_KEEP_5,KOSPI,7.341269841269837,-3.2701537691642857
2026-09-11,005090,SGC에너지,61200.0,58752.0,True,FILLED,2026-09-14,58752.0,INTRADAY_LIMIT,1,56304.0,75888.0,CLOSED,,,2026-09-15,55300,STOP_LOSS,0.0,-5.875544662309373,False,-5.875544662309373,B_DIP4_KEEP_5,KOSPI,-9.640522875816993,-1.5341733828660553
2026-09-11,030210,다올투자증권,4050.0,3888.0,True,FILLED,2026-09-16,3888.0,INTRADAY_LIMIT,3,3726.0,5022.0,OPEN,,,,,,100.0,1.9804526748971263,False,0,B_DIP4_KEEP_5,KOSPI,-2.0987654320987703,-1.5341733828660553
2026-09-11,294870,IPARK현대산업개발,24850.0,23856.0,True,FILLED,2026-09-16,23856.0,INTRADAY_LIMIT,3,22862.0,30814.0,CLOSED,,,2026-10-01,22650,STOP_LOSS,0.0,-5.0553319919517055,False,-5.0553319919517055,B_DIP4_KEEP_5,KOSPI,-8.853118712273645,-1.5341733828660553
2026-09-14,068930,디지털대성,8850.0,8496.0,False,EXPIRED,,,,,,,,,,,,,,0.0,False,0.0,B_DIP4_KEEP_5,KOSDAQ,3.9548022598870025,11.358593933985306
2026-09-14,377450,리파인,17160.0,16473.6,True,FILLED,2026-09-15,16473.6,INTRADAY_LIMIT,1,15787.2,21278.399999999998,CLOSED,,,2026-09-15,14250,STOP_LOSS,0.0,-13.49796037296036,False,-13.49796037296036,B_DIP4_KEEP_5,KOSDAQ,-16.95804195804196,11.358593933985306
2026-09-14,094800,맵스리얼티,7420.0,7123.2,False,EXPIRED,,,,,,,,,,,,,,0.0,False,0.0,B_DIP4_KEEP_5,KOSPI,1.0781671159029615,1.7882014310997008
2026-09-15,028100,동아지질,18690.0,17942.399999999998,False,EXPIRED,,,,,,,,,,,,,,0.0,False,0.0,B_DIP4_KEEP_5,KOSPI,5.7784911717496,2.6653549128900833
2026-09-15,453340,현대그린푸드,19400.0,18624.0,True,FILLED,2026-09-18,18624.0,INTRADAY_LIMIT,3,17848.0,24056.0,OPEN,,,,,,100.0,1.9652061855670144,False,0,B_DIP4_KEEP_5,KOSPI,-2.1134020618556737,2.6653549128900833
2026-09-16,219130,타이거일렉,74800.0,71808.0,True,FILLED,2026-09-17,71800,OPEN_BETTER_THAN_LIMIT,1,68816.0,92752.0,PARTIAL,2026-09-30,92752.0,,,,50.0,32.835654596100284,False,14.590529247910865,B_DIP4_KEEP_5,KOSDAQ,27.508021390374328,10.104414323880473
2026-09-16,001120,LX인터내셔널,41650.0,39984.0,True,FILLED,2026-09-23,39984.0,INTRADAY_LIMIT,5,38318.0,51646.0,OPEN,,,,,,100.0,9.91896758703481,False,0,B_DIP4_KEEP_5,KOSPI,5.522208883553414,1.2791066348911917
2026-09-18,045100,한양이엔지,32100.0,30816.0,False,EXPIRED,,,,,,,,,,,,,,0.0,False,0.0,B_DIP4_KEEP_5,KOSDAQ,4.672897196261672,8.621481768062678
2026-09-18,013580,계룡건설,23500.0,22560.0,True,FILLED,2026-09-22,22560.0,INTRADAY_LIMIT,2,21620.0,29140.0,CLOSED,,,2026-10-01,21450,STOP_LOSS,0.0,-4.9202127659574435,False,-4.9202127659574435,B_DIP4_KEEP_5,KOSPI,-8.723404255319146,-1.3102260876123983
2026-09-21,098120,마이크로컨텍솔,57600.0,55296.0,True,FILLED,2026-09-30,55296.0,INTRADAY_LIMIT,5,52992.0,71424.0,OPEN,,,,,,100.0,9.411168981481488,False,0,B_DIP4_KEEP_5,KOSDAQ,5.034722222222232,7.433006086550997
2026-09-21,252990,샘씨엔에스,18090.0,17366.399999999998,True,FILLED,2026-09-22,17366.399999999998,INTRADAY_LIMIT,1,16642.8,22431.600000000002,OPEN,,,,,,100.0,9.69458264234384,False,0,B_DIP4_KEEP_5,KOSDAQ,5.306799336650081,7.433006086550997
2026-09-21,000430,대원강업,5040.0,4838.4,True,FILLED,2026-09-23,4838.4,INTRADAY_LIMIT,2,4636.8,6249.599999999999,CLOSED,,,2026-09-29,4580,STOP_LOSS,0.0,-5.3406084656084545,False,-5.3406084656084545,B_DIP4_KEEP_5,KOSPI,-9.126984126984128,-2.90850661841513
2026-09-21,003160,디아이,35400.0,33984.0,False,EXPIRED,,,,,,,,,,,,,,0.0,False,0.0,B_DIP4_KEEP_5,KOSPI,20.6864406779661,-2.90850661841513
2026-09-21,029460,케이씨,44600.0,42816.0,True,FILLED,2026-09-22,42816.0,INTRADAY_LIMIT,1,41032.0,55304.0,OPEN,,,,,,100.0,10.355941704035864,False,0,B_DIP4_KEEP_5,KOSPI,5.94170403587444,-2.90850661841513
2026-09-22,059090,미코,22600.0,21696.0,True,FILLED,2026-09-29,21500,OPEN_BETTER_THAN_LIMIT,3,20792.0,28024.0,OPEN,,,,,,100.0,6.279069767441858,False,0,B_DIP4_KEEP_5,KOSDAQ,1.106194690265494,7.676358493731872
2026-09-22,095340,ISC,208000.0,199680.0,False,EXPIRED,,,,,,,,,,,,,,0.0,False,0.0,B_DIP4_KEEP_5,KOSDAQ,-2.644230769230771,7.676358493731872
2026-09-22,222800,심텍,148100.0,142176.0,False,EXPIRED,,,,,,,,,,,,,,0.0,False,0.0,B_DIP4_KEEP_5,KOSDAQ,15.057393652937211,7.676358493731872
2026-09-22,425420,티에프이,64400.0,61824.0,True,FILLED,2026-09-29,61824.0,INTRADAY_LIMIT,3,59248.0,79856.0,OPEN,,,,,,100.0,4.813664596273282,False,0,B_DIP4_KEEP_5,KOSDAQ,0.6211180124223503,7.676358493731872
2026-09-22,003490,대한항공,31400.0,30144.0,False,EXPIRED,,,,,,,,,,,,,,0.0,False,0.0,B_DIP4_KEEP_5,KOSPI,-1.7515923566879033,-3.0494833932039667
2026-09-22,020560,아시아나항공,8370.0,8035.2,False,EXPIRED,,,,,,,,,,,,,,0.0,False,0.0,B_DIP4_KEEP_5,KOSPI,-1.5531660692950977,-3.0494833932039667
2026-09-23,017890,한국알콜,15390.0,14774.4,False,EXPIRED,,,,,,,,,,,,,,0.0,False,0.0,B_DIP4_KEEP_5,KOSDAQ,4.483430799220267,6.388546798029537
2026-09-23,084370,유진테크,163600.0,157056.0,True,FILLED,2026-09-28,157056.0,INTRADAY_LIMIT,1,150512.0,202864.0,OPEN,,,,,,100.0,7.604930725346382,False,0,B_DIP4_KEEP_5,KOSDAQ,3.3007334963325086,6.388546798029537
2026-09-23,114810,한솔아이원스,14770.0,14179.199999999999,False,EXPIRED,,,,,,,,,,,,,,0.0,False,0.0,B_DIP4_KEEP_5,KOSDAQ,-0.9478672985781977,6.388546798029537
2026-09-23,417840,저스템,17080.0,16396.8,False,EXPIRED,,,,,,,,,,,,,,0.0,False,0.0,B_DIP4_KEEP_5,KOSDAQ,10.070257611241207,6.388546798029537
2026-09-23,446540,메가터치,10900.0,10464.0,True,FILLED,2026-09-28,10464.0,INTRADAY_LIMIT,1,10028.0,13516.0,OPEN,,,,,,100.0,5.026758409785925,False,0,B_DIP4_KEEP_5,KOSDAQ,0.8256880733944927,6.388546798029537
2026-09-23,006120,SK디스커버리,60300.0,57888.0,False,EXPIRED,,,,,,,,,,,,,,0.0,False,0.0,B_DIP4_KEEP_5,KOSPI,19.237147595356554,-3.91220349898036
2026-09-23,010955,S-Oil우,84000.0,80640.0,True,FILLED,2026-10-01,80640.0,INTRADAY_LIMIT,4,77280.0,104160.0,OPEN,,,,,,100.0,11.979166666666675,False,0,B_DIP4_KEEP_5,KOSPI,7.499999999999996,-3.91220349898036
2026-09-28,009240,한샘,40750.0,39120.0,True,FILLED,2026-09-30,39120.0,INTRADAY_LIMIT,2,37490.0,50530.0,OPEN,,,,,,100.0,3.527607361963181,False,0,B_DIP4_KEEP_5,KOSPI,-0.6134969325153339,-1.245910585885679
2026-09-28,025000,KPX케미칼,57700.0,55392.0,False,EXPIRED,,,,,,,,,,,,,,0.0,False,0.0,B_DIP4_KEEP_5,KOSPI,1.559792027729645,-1.245910585885679
2026-09-28,284740,쿠쿠홈시스,24300.0,23328.0,False,EXPIRED,,,,,,,,,,,,,,0.0,False,0.0,B_DIP4_KEEP_5,KOSPI,2.4691358024691468,-1.245910585885679
2026-09-29,031980,피에스케이홀딩스,180800.0,173568.0,False,EXPIRED,,,,,,,,,,,,,,0.0,False,0.0,B_DIP4_KEEP_5,KOSDAQ,12.831858407079654,5.72252294657567
2026-09-29,064760,티씨케이,300000.0,288000.0,True,FILLED,2026-10-06,288000.0,INTRADAY_LIMIT,4,276000.0,372000.0,OPEN,,,,,,100.0,-1.041666666666663,False,0,B_DIP4_KEEP_5,KOSDAQ,-5.000000000000004,5.72252294657567
2026-09-29,101160,월덱스,32250.0,30960.0,False,EXPIRED,,,,,,,,,,,,,,0.0,False,0.0,B_DIP4_KEEP_5,KOSDAQ,-0.15503875968991832,5.72252294657567
2026-09-29,219130,타이거일렉,91000.0,87360.0,False,EXPIRED,,,,,,,,,,,,,,0.0,False,0.0,B_DIP4_KEEP_5,KOSDAQ,7.692307692307687,5.72252294657567
2026-09-29,252990,샘씨엔에스,19950.0,19152.0,True,FILLED,2026-10-06,19152.0,INTRADAY_LIMIT,4,18354.0,24738.0,OPEN,,,,,,100.0,-0.5325814536340845,False,0,B_DIP4_KEEP_5,KOSDAQ,-4.511278195488721,5.72252294657567
2026-09-29,029460,케이씨,46250.0,44400.0,True,FILLED,2026-09-30,44400.0,INTRADAY_LIMIT,1,42550.0,57350.0,OPEN,,,,,,100.0,6.4189189189189255,False,0,B_DIP4_KEEP_5,KOSPI,2.1621621621621623,-0.9738298686763347
2026-09-30,036930,주성엔지니어링,232500.0,223200.0,False,NOT_REACHED,,,,,,,,,,,,,,0.0,False,0.0,B_DIP4_KEEP_5,KOSDAQ,6.451612903225801,4.967812036312225
2026-09-30,059090,미코,23200.0,22272.0,False,NOT_REACHED,,,,,,,,,,,,,,0.0,False,0.0,B_DIP4_KEEP_5,KOSDAQ,-1.5086206896551713,4.967812036312225
2026-09-30,078350,한양디지텍,31950.0,30672.0,False,NOT_REACHED,,,,,,,,,,,,,,0.0,False,0.0,B_DIP4_KEEP_5,KOSDAQ,13.928012519561817,4.967812036312225
2026-09-30,122640,예스티,33600.0,32256.0,True,FILLED,2026-10-07,32256.0,INTRADAY_LIMIT,4,30912.0,41664.0,OPEN,,,,,,100.0,-1.4136904761904767,False,0,B_DIP4_KEEP_5,KOSDAQ,-5.35714285714286,4.967812036312225
2026-09-30,001120,LX인터내셔널,43300.0,41568.0,False,NOT_REACHED,,,,,,,,,,,,,,0.0,False,0.0,B_DIP4_KEEP_5,KOSPI,1.501154734411081,-0.4992658715070486
2026-09-30,020000,한섬,21000.0,20160.0,False,NOT_REACHED,,,,,,,,,,,,,,0.0,False,0.0,B_DIP4_KEEP_5,KOSPI,3.3333333333333437,-0.4992658715070486
2026-09-30,306200,세아제강,153200.0,147072.0,True,FILLED,2026-10-02,147072.0,INTRADAY_LIMIT,2,140944.0,189968.0,OPEN,,,,,,100.0,0.9709530026109636,False,0,B_DIP4_KEEP_5,KOSPI,-3.067885117493474,-0.4992658715070486
2026-10-02,005160,동국산업,3970.0,3811.2,False,NOT_REACHED,,,,,,,,,,,,,,0.0,False,0.0,B_DIP4_KEEP_5,KOSDAQ,-3.0226700251889116,0.5754010455730985
2026-10-02,036710,심텍홀딩스,4960.0,4761.599999999999,False,NOT_REACHED,,,,,,,,,,,,,,0.0,False,0.0,B_DIP4_KEEP_5,KOSDAQ,2.4193548387096753,0.5754010455730985
2026-10-02,064290,인텍플러스,59100.0,56736.0,False,NOT_REACHED,,,,,,,,,,,,,,0.0,False,0.0,B_DIP4_KEEP_5,KOSDAQ,-1.0152284263959421,0.5754010455730985
2026-10-06,031980,피에스케이홀딩스,197000.0,189120.0,True,FILLED,2026-10-07,189120.0,INTRADAY_LIMIT,1,181240.0,244280.0,OPEN,,,,,,100.0,7.868020304568524,False,0,B_DIP4_KEEP_5,KOSDAQ,3.5532994923857864,-2.33607270197409
2026-10-06,091580,상신이디피,24850.0,23856.0,False,NOT_REACHED,,,,,,,,,,,,,,0.0,False,0.0,B_DIP4_KEEP_5,KOSDAQ,-1.2072434607645843,-2.33607270197409
2026-10-06,236200,슈프리마,60400.0,57984.0,True,FILLED,2026-10-07,57984.0,INTRADAY_LIMIT,1,55568.0,74896.0,CLOSED,,,2026-10-07,54800,STOP_LOSS,0.0,-5.491169977924947,False,-5.491169977924947,B_DIP4_KEEP_5,KOSDAQ,-9.27152317880795,-2.33607270197409
2026-10-06,006400,삼성SDI,575000.0,552000.0,False,NOT_REACHED,,,,,,,,,,,,,,0.0,False,0.0,B_DIP4_KEEP_5,KOSPI,-2.260869565217394,-1.980727203053001
2026-10-06,007660,이수페타시스,131900.0,126624.0,True,FILLED,2026-10-07,126624.0,INTRADAY_LIMIT,1,121348.0,163556.0,OPEN,,,,,,100.0,-3.6517563810967935,False,0,B_DIP4_KEEP_5,KOSPI,-7.505686125852917,-1.980727203053001
2026-10-06,192820,코스맥스,298000.0,286080.0,False,NOT_REACHED,,,,,,,,,,,,,,0.0,False,0.0,B_DIP4_KEEP_5,KOSPI,3.523489932885915,-1.980727203053001
2026-10-06,226320,잇츠한불,11260.0,10809.6,False,NOT_REACHED,,,,,,,,,,,,,,0.0,False,0.0,B_DIP4_KEEP_5,KOSPI,4.440497335701599,-1.980727203053001
2026-10-06,373220,LG에너지솔루션,390000.0,374400.0,False,NOT_REACHED,,,,,,,,,,,,,,0.0,False,0.0,B_DIP4_KEEP_5,KOSPI,0.2564102564102555,-1.980727203053001
2026-10-07,041960,코미팜,11000.0,10560.0,False,NO_FUTURE_BAR,,,,,,,,,,,,,,0.0,False,0.0,B_DIP4_KEEP_5,KOSDAQ,0.0,0.0
2026-10-07,131290,티에스이,316000.0,303360.0,False,NO_FUTURE_BAR,,,,,,,,,,,,,,0.0,False,0.0,B_DIP4_KEEP_5,KOSDAQ,0.0,0.0
2026-10-07,219130,타이거일렉,98000.0,94080.0,False,NO_FUTURE_BAR,,,,,,,,,,,,,,0.0,False,0.0,B_DIP4_KEEP_5,KOSDAQ,0.0,0.0
2026-10-07,002320,한진,16860.0,16185.599999999999,False,NO_FUTURE_BAR,,,,,,,,,,,,,,0.0,False,0.0,B_DIP4_KEEP_5,KOSPI,0.0,0.0
2026-10-07,002960,한국쉘석유,541000.0,519360.0,False,NO_FUTURE_BAR,,,,,,,,,,,,,,0.0,False,0.0,B_DIP4_KEEP_5,KOSPI,0.0,0.0
2026-10-07,008930,한미사이언스,58100.0,55776.0,False,NO_FUTURE_BAR,,,,,,,,,,,,,,0.0,False,0.0,B_DIP4_KEEP_5,KOSPI,0.0,0.0
2026-10-07,078520,에이블씨엔씨,11880.0,11404.8,False,NO_FUTURE_BAR,,,,,,,,,,,,,,0.0,False,0.0,B_DIP4_KEEP_5,KOSPI,0.0,0.0
2026-10-07,383220,F&F,74100.0,71136.0,False,NO_FUTURE_BAR,,,,,,,,,,,,,,0.0,False,0.0,B_DIP4_KEEP_5,KOSPI,0.0,0.0
2026-08-24,002840,미원상사,131800.0,125210.0,False,NOT_REACHED,,,,,,,,,,,,,,0.0,False,0.0,B_DIP5_KEEP_GTC,KOSPI,5.993930197268593,1.5968439411314872
2026-08-24,028670,팬오션,6320.0,6004.0,True,FILLED,2026-08-26,6004.0,INTRADAY_LIMIT,2,5814.400000000001,7836.799999999998,CLOSED,,,2026-08-26,5610,STOP_LOSS,0.0,-6.562291805463028,False,-6.562291805463028,B_DIP5_KEEP_GTC,KOSPI,-11.234177215189877,1.5968439411314872
2026-08-24,058650,세아홀딩스,132600.0,125970.0,True,FILLED,2026-09-29,125970.0,INTRADAY_LIMIT,24,121992.0,164424.0,OPEN,,,,,,100.0,0.2619671350321484,False,0,B_DIP5_KEEP_GTC,KOSPI,-4.751131221719462,1.5968439411314872
2026-08-25,002310,아세아제지,8560.0,8132.0,True,FILLED,2026-09-18,8132.0,INTRADAY_LIMIT,18,7875.200000000001,10614.399999999998,CLOSED,,,2026-09-30,7850,STOP_LOSS,0.0,-3.4677816035415643,False,-3.4677816035415643,B_DIP5_KEEP_GTC,KOSPI,-8.294392523364492,0.9070496563711394
2026-08-25,078930,GS,121800.0,115710.0,True,FILLED,2026-08-26,115710.0,INTRADAY_LIMIT,1,112056.0,151032.0,CLOSED,,,2026-09-16,112000,STOP_LOSS,0.0,-3.206291591046584,False,-3.206291591046584,B_DIP5_KEEP_GTC,KOSPI,-8.045977011494255,0.9070496563711394
2026-08-25,080580,오킨스전자,19400.0,18430.0,True,FILLED,2026-08-26,18430.0,INTRADAY_LIMIT,1,17848.0,24056.0,PARTIAL,2026-09-21,24056.0,,,,50.0,41.633206728160616,False,15.263157894736846,B_DIP5_KEEP_GTC,KOSDAQ,34.551546391752574,8.617542162848334
2026-08-25,090430,아모레퍼시픽,143300.0,136135.0,True,FILLED,2026-09-09,136135.0,INTRADAY_LIMIT,11,131836.0,177692.0,OPEN,,,,,,100.0,1.7372461159878005,False,0,B_DIP5_KEEP_GTC,KOSPI,-3.3496161898115884,0.9070496563711394
2026-08-25,122900,아이마켓코리아,8350.0,7932.5,True,FILLED,2026-09-09,7932.5,INTRADAY_LIMIT,11,7682.0,10354.0,OPEN,,,,,,100.0,3.7503939489442084,False,0,B_DIP5_KEEP_GTC,KOSPI,-1.4371257485029987,0.9070496563711394
2026-08-25,123330,제닉,32200.0,30590.0,True,FILLED,2026-09-07,30590.0,INTRADAY_LIMIT,9,29624.0,39928.0,CLOSED,,,2026-09-07,28350,STOP_LOSS,0.0,-7.322654462242562,False,-7.322654462242562,B_DIP5_KEEP_GTC,KOSDAQ,-11.956521739130432,8.617542162848334
2026-08-25,161890,한국콜마,150000.0,142500.0,True,FILLED,2026-09-07,142500.0,INTRADAY_LIMIT,9,138000.0,186000.0,CLOSED,,,2026-09-11,137200,STOP_LOSS_GAP,0.0,-3.7192982456140333,False,-3.7192982456140333,B_DIP5_KEEP_GTC,KOSPI,-8.533333333333337,0.9070496563711394
2026-08-25,257720,실리콘투,51900.0,49305.0,True,FILLED,2026-08-27,48250,OPEN_BETTER_THAN_LIMIT,2,47748.0,64356.0,CLOSED,,,2026-09-07,47150,STOP_LOSS,0.0,-2.2797927461139844,False,-2.2797927461139844,B_DIP5_KEEP_GTC,KOSDAQ,-9.152215799614638,8.617542162848334
2026-08-25,278470,에이피알,440500.0,418475.0,True,FILLED,2026-09-02,418475.0,INTRADAY_LIMIT,6,405260.0,546220.0,CLOSED,,,2026-09-04,394000,STOP_LOSS,0.0,-5.8486170022104105,False,-5.8486170022104105,B_DIP5_KEEP_GTC,KOSPI,-10.556186152099889,0.9070496563711394
2026-08-25,280360,롯데웰푸드,135200.0,128440.0,True,FILLED,2026-09-17,128440.0,INTRADAY_LIMIT,17,124384.0,167648.0,CLOSED,,,2026-09-22,123900,STOP_LOSS,0.0,-3.534724384926813,False,-3.534724384926813,B_DIP5_KEEP_GTC,KOSPI,-8.357988165680474,0.9070496563711394
2026-08-26,000815,삼성화재우,425000.0,403750.0,True,FILLED,2026-09-18,403750.0,INTRADAY_LIMIT,17,391000.0,527000.0,CLOSED,,,2026-10-01,391000,STOP_LOSS,0.0,-3.157894736842104,False,-3.157894736842104,B_DIP5_KEEP_GTC,KOSPI,-7.9999999999999964,-0.06330592035205251
2026-08-26,003230,삼양식품,1507000.0,1431650.0,True,FILLED,2026-09-03,1431650.0,INTRADAY_LIMIT,6,1386440.0,1868680.0,CLOSED,,,2026-09-07,1330000,STOP_LOSS,0.0,-7.100199071001989,False,-7.100199071001989,B_DIP5_KEEP_GTC,KOSPI,-11.745189117451893,-0.06330592035205251
2026-08-26,003300,한일홀딩스,18350.0,17432.5,True,FILLED,2026-09-10,17432.5,INTRADAY_LIMIT,11,16882.0,22754.0,OPEN,,,,,,100.0,-2.079449304460057,False,0,B_DIP5_KEEP_GTC,KOSPI,-6.975476839237061,-0.06330592035205251
2026-08-26,004490,세방전지,59800.0,56810.0,False,NOT_REACHED,,,,,,,,,,,,,,0.0,False,0.0,B_DIP5_KEEP_GTC,KOSPI,4.849498327759205,-0.06330592035205251
2026-08-26,006360,GS건설,37800.0,35910.0,True,FILLED,2026-08-28,35910.0,INTRADAY_LIMIT,2,34776.0,46872.0,CLOSED,,,2026-09-01,33300,STOP_LOSS,0.0,-7.2681704260651685,False,-7.2681704260651685,B_DIP5_KEEP_GTC,KOSPI,-11.904761904761907,-0.06330592035205251
2026-08-26,017940,E1,97700.0,92815.0,True,FILLED,2026-09-18,92815.0,INTRADAY_LIMIT,17,89884.0,121148.0,CLOSED,,,2026-10-01,88300,STOP_LOSS,0.0,-4.864515433927707,False,-4.864515433927707,B_DIP5_KEEP_GTC,KOSPI,-9.621289662231325,-0.06330592035205251
2026-08-27,006400,삼성SDI,569000.0,540550.0,True,FILLED,2026-09-02,540550.0,INTRADAY_LIMIT,4,523480.0,705560.0,CLOSED,,,2026-09-23,521000,STOP_LOSS,0.0,-3.616686707982608,False,-3.616686707982608,B_DIP5_KEEP_GTC,KOSPI,-8.435852372583474,-1.5692157682531516
2026-08-27,012750,에스원,85500.0,81225.0,True,FILLED,2026-08-28,81225.0,INTRADAY_LIMIT,1,78660.0,106020.0,OPEN,,,,,,100.0,3.170206217297622,False,0,B_DIP5_KEEP_GTC,KOSPI,-1.9883040935672502,-1.5692157682531516
2026-08-27,029460,케이씨,38650.0,36717.5,True,FILLED,2026-09-03,36717.5,INTRADAY_LIMIT,5,35558.0,47926.0,OPEN,,,,,,100.0,28.68523183767957,False,0,B_DIP5_KEEP_GTC,KOSPI,22.25097024579561,-1.5692157682531516
2026-08-27,183190,아세아시멘트,10550.0,10022.5,True,FILLED,2026-10-01,10022.5,INTRADAY_LIMIT,23,9706.0,13082.0,OPEN,,,,,,100.0,-0.623596906959345,False,0,B_DIP5_KEEP_GTC,KOSPI,-5.592417061611377,-1.5692157682531516
2026-08-27,222800,심텍,126900.0,120555.0,True,FILLED,2026-08-31,120555.0,INTRADAY_LIMIT,2,116748.0,157356.0,PARTIAL,2026-10-01,157356.0,,,,50.0,35.93629463730248,False,15.263157894736846,B_DIP5_KEEP_GTC,KOSDAQ,29.139479905437348,7.256013848265974
2026-08-28,035600,KG이니시스,10640.0,10108.0,True,FILLED,2026-09-09,10108.0,INTRADAY_LIMIT,8,9788.800000000001,13193.599999999997,CLOSED,,,2026-09-30,9770,STOP_LOSS,0.0,-3.3438860308666385,False,-3.3438860308666385,B_DIP5_KEEP_GTC,KOSDAQ,-8.176691729323304,7.158788659486404
2026-08-28,096530,씨젠,35650.0,33867.5,True,FILLED,2026-08-31,33867.5,INTRADAY_LIMIT,1,32798.0,44206.0,CLOSED,,,2026-09-02,32100,STOP_LOSS,0.0,-5.21886764597328,False,-5.21886764597328,B_DIP5_KEEP_GTC,KOSDAQ,-9.957924263674611,7.158788659486404
2026-08-28,204620,글로벌텍스프리,5960.0,5662.0,True,FILLED,2026-08-31,5662.0,INTRADAY_LIMIT,1,5483.2,7390.400000000001,CLOSED,,,2026-09-03,5370,STOP_LOSS,0.0,-5.157188272695157,False,-5.157188272695157,B_DIP5_KEEP_GTC,KOSDAQ,-9.899328859060407,7.158788659486404
2026-08-28,002790,아모레퍼시픽홀딩스,28000.0,26600.0,True,FILLED,2026-09-02,26350,OPEN_BETTER_THAN_LIMIT,3,25760.0,34720.0,CLOSED,,,2026-09-09,25500,STOP_LOSS,0.0,-3.2258064516129004,False,-3.2258064516129004,B_DIP5_KEEP_GTC,KOSPI,-8.92857142857143,0.22124415220183824
2026-08-28,025000,KPX케미칼,55800.0,53010.0,False,NOT_REACHED,,,,,,,,,,,,,,0.0,False,0.0,B_DIP5_KEEP_GTC,KOSPI,5.017921146953408,0.22124415220183824
2026-08-28,044820,코스맥스비티아이,26800.0,25460.0,True,FILLED,2026-09-01,25460.0,INTRADAY_LIMIT,2,24656.0,33232.0,CLOSED,,,2026-09-03,24600,STOP_LOSS_GAP,0.0,-3.377847604084838,False,-3.377847604084838,B_DIP5_KEEP_GTC,KOSPI,-8.208955223880599,0.22124415220183824
2026-08-28,088350,한화생명,5950.0,5652.5,True,FILLED,2026-09-09,5652.5,INTRADAY_LIMIT,8,5474.0,7378.0,CLOSED,,,2026-09-30,5330,STOP_LOSS,0.0,-5.705440070765144,False,-5.705440070765144,B_DIP5_KEEP_GTC,KOSPI,-10.420168067226887,0.22124415220183824
2026-08-28,090430,아모레퍼시픽,150600.0,143070.0,True,FILLED,2026-09-02,143000,OPEN_BETTER_THAN_LIMIT,3,138552.0,186744.0,CLOSED,,,2026-09-09,138300,STOP_LOSS,0.0,-3.286713286713283,False,-3.286713286713283,B_DIP5_KEEP_GTC,KOSPI,-8.16733067729084,0.22124415220183824
2026-08-28,104700,한국철강,10120.0,9614.0,True,FILLED,2026-09-02,9614.0,INTRADAY_LIMIT,3,9310.4,12548.800000000001,CLOSED,,,2026-09-30,9310,STOP_LOSS,0.0,-3.1620553359683834,False,-3.1620553359683834,B_DIP5_KEEP_GTC,KOSPI,-8.00395256916996,0.22124415220183824
2026-08-28,161890,한국콜마,161700.0,153615.0,True,FILLED,2026-09-01,153615.0,INTRADAY_LIMIT,2,148764.0,200508.0,CLOSED,,,2026-09-04,145800,STOP_LOSS,0.0,-5.087393809198315,False,-5.087393809198315,B_DIP5_KEEP_GTC,KOSPI,-9.83302411873841,0.22124415220183824
2026-08-28,192820,코스맥스,303000.0,287850.0,True,FILLED,2026-09-01,287850.0,INTRADAY_LIMIT,2,278760.0,375720.0,CLOSED,,,2026-09-02,278500,STOP_LOSS_GAP,0.0,-3.2482195587979823,False,-3.2482195587979823,B_DIP5_KEEP_GTC,KOSPI,-8.085808580858089,0.22124415220183824
2026-08-28,278470,에이피알,461500.0,438425.0,True,FILLED,2026-09-01,438425.0,INTRADAY_LIMIT,2,424580.0,572260.0,CLOSED,,,2026-09-02,419000,STOP_LOSS,0.0,-4.4306323772595135,False,-4.4306323772595135,B_DIP5_KEEP_GTC,KOSPI,-9.209100758396538,0.22124415220183824
2026-08-28,300720,한일시멘트,16950.0,16102.5,True,FILLED,2026-09-16,16102.5,INTRADAY_LIMIT,13,15594.0,21018.0,OPEN,,,,,,100.0,0.48129172488744487,False,0,B_DIP5_KEEP_GTC,KOSPI,-4.542772861356936,0.22124415220183824
2026-08-31,068930,디지털대성,8660.0,8227.0,False,NOT_REACHED,,,,,,,,,,,,,,0.0,False,0.0,B_DIP5_KEEP_GTC,KOSDAQ,6.235565819861422,7.687974205611958
2026-08-31,353810,이지바이오,6830.0,6488.5,True,FILLED,2026-09-02,6488.5,INTRADAY_LIMIT,2,6283.6,8469.199999999999,CLOSED,,,2026-09-07,6160,STOP_LOSS,0.0,-5.062803421437934,False,-5.062803421437934,B_DIP5_KEEP_GTC,KOSDAQ,-9.809663250366029,7.687974205611958
2026-08-31,014820,동원시스템즈,23200.0,22040.0,True,FILLED,2026-09-02,22040.0,INTRADAY_LIMIT,2,21344.0,28768.0,CLOSED,,,2026-09-09,21250,STOP_LOSS_GAP,0.0,-3.5843920145190555,False,-3.5843920145190555,B_DIP5_KEEP_GTC,KOSPI,-8.405172413793105,-0.2363629432171832
2026-08-31,086790,하나금융지주,136300.0,129485.0,True,FILLED,2026-09-30,129485.0,INTRADAY_LIMIT,20,125396.0,169012.0,OPEN,,,,,,100.0,-0.4517897826002981,False,0,B_DIP5_KEEP_GTC,KOSPI,-5.4292002934702825,-0.2363629432171832
2026-08-31,123890,한국자산신탁,2640.0,2508.0,True,FILLED,2026-09-10,2508.0,INTRADAY_LIMIT,8,2428.8,3273.5999999999995,CLOSED,,,2026-09-23,2425,STOP_LOSS,0.0,-3.309409888357262,False,-3.309409888357262,B_DIP5_KEEP_GTC,KOSPI,-8.143939393939393,-0.2363629432171832
2026-08-31,373220,LG에너지솔루션,378000.0,359100.0,True,FILLED,2026-09-02,359100.0,INTRADAY_LIMIT,2,347760.0,468720.0,CLOSED,,,2026-09-02,347500,STOP_LOSS,0.0,-3.2302979671400722,False,-3.2302979671400722,B_DIP5_KEEP_GTC,KOSPI,-8.06878306878307,-0.2363629432171832
2026-09-01,001060,JW중외제약,29000.0,27550.0,True,FILLED,2026-09-03,27550.0,INTRADAY_LIMIT,2,26680.0,35960.0,CLOSED,,,2026-09-11,26400,STOP_LOSS_GAP,0.0,-4.174228675136115,False,-4.174228675136115,B_DIP5_KEEP_GTC,KOSPI,-8.965517241379306,-0.46666081512040103
2026-09-01,089860,롯데렌탈,51400.0,48830.0,True,FILLED,2026-09-09,48830.0,INTRADAY_LIMIT,6,47288.0,63736.0,OPEN,,,,,,100.0,5.058365758754868,False,0,B_DIP5_KEEP_GTC,KOSPI,-0.1945525291828787,-0.46666081512040103
2026-09-01,126560,현대퓨처넷,3425.0,3253.75,False,NOT_REACHED,,,,,,,,,,,,,,0.0,False,0.0,B_DIP5_KEEP_GTC,KOSPI,-1.4598540145985384,-0.46666081512040103
2026-09-02,159010,아스플로,24100.0,22895.0,True,FILLED,2026-09-08,22895.0,INTRADAY_LIMIT,4,22172.0,29884.0,CLOSED,,,2026-09-15,22000,STOP_LOSS_GAP,0.0,-3.909150469534828,False,-3.909150469534828,B_DIP5_KEEP_GTC,KOSDAQ,-8.713692946058094,11.747804671758
2026-09-02,377450,리파인,16800.0,15960.0,True,FILLED,2026-09-15,15960.0,INTRADAY_LIMIT,9,15456.0,20832.0,CLOSED,,,2026-09-15,14250,STOP_LOSS,0.0,-10.71428571428571,False,-10.71428571428571,B_DIP5_KEEP_GTC,KOSDAQ,-15.17857142857143,11.747804671758
2026-09-02,180640,한진칼,139100.0,132145.0,True,FILLED,2026-09-03,132145.0,INTRADAY_LIMIT,1,127972.0,172484.0,OPEN,,,,,,100.0,1.3280865715691093,False,0,B_DIP5_KEEP_GTC,KOSPI,-3.738317757009346,3.675000609503365
2026-09-03,008930,한미사이언스,51500.0,48925.0,True,FILLED,2026-09-14,48925.0,INTRADAY_LIMIT,7,47380.0,63860.0,OPEN,,,,,,100.0,18.753193663771086,False,0,B_DIP5_KEEP_GTC,KOSPI,12.815533980582527,3.4109078529002357
2026-09-03,088350,한화생명,6110.0,5804.5,True,FILLED,2026-09-04,5804.5,INTRADAY_LIMIT,1,5621.2,7576.400000000001,CLOSED,,,2026-09-30,5330,STOP_LOSS,0.0,-8.174692049272114,False,-8.174692049272114,B_DIP5_KEEP_GTC,KOSPI,-12.765957446808507,3.4109078529002357
2026-09-03,145990,삼양사,47400.0,45030.0,True,FILLED,2026-09-22,45030.0,INTRADAY_LIMIT,13,43608.0,58776.0,OPEN,,,,,,100.0,2.3761936486786484,False,0,B_DIP5_KEEP_GTC,KOSPI,-2.742616033755274,3.4109078529002357
2026-09-03,306200,세아제강,147500.0,140125.0,True,FILLED,2026-09-23,140125.0,INTRADAY_LIMIT,14,135700.0,182900.0,OPEN,,,,,,100.0,5.976806422836756,False,0,B_DIP5_KEEP_GTC,KOSPI,0.6779661016949046,3.4109078529002357
2026-09-04,031980,피에스케이홀딩스,144000.0,136800.0,False,NOT_REACHED,,,,,,,,,,,,,,0.0,False,0.0,B_DIP5_KEEP_GTC,KOSDAQ,32.833333333333336,10.440073755377988
2026-09-04,049430,코메론,22450.0,21327.5,True,FILLED,2026-09-07,21327.5,INTRADAY_LIMIT,1,20654.0,27838.0,OPEN,,,,,,100.0,2.6843277458680204,False,0,B_DIP5_KEEP_GTC,KOSDAQ,-2.4498886414253906,10.440073755377988
2026-09-04,064290,인텍플러스,40150.0,38142.5,False,NOT_REACHED,,,,,,,,,,,,,,0.0,False,0.0,B_DIP5_KEEP_GTC,KOSDAQ,34.85180572851806,10.440073755377988
2026-09-04,377450,리파인,16960.0,16112.0,True,FILLED,2026-09-15,16112.0,INTRADAY_LIMIT,7,15603.2,21030.399999999998,CLOSED,,,2026-09-15,14250,STOP_LOSS,0.0,-11.556603773584905,False,-11.556603773584905,B_DIP5_KEEP_GTC,KOSDAQ,-15.978773584905658,10.440073755377988
2026-09-04,002310,아세아제지,8840.0,8398.0,True,FILLED,2026-09-16,8398.0,INTRADAY_LIMIT,8,8132.8,10961.599999999999,CLOSED,,,2026-09-29,7960,STOP_LOSS,0.0,-5.2155275065491775,False,-5.2155275065491775,B_DIP5_KEEP_GTC,KOSPI,-9.954751131221718,1.7449728661130592
2026-09-04,004690,삼천리,136700.0,129865.0,True,FILLED,2026-09-21,129865.0,INTRADAY_LIMIT,11,125764.0,169508.0,OPEN,,,,,,100.0,-1.205097601355254,False,0,B_DIP5_KEEP_GTC,KOSPI,-6.144842721287491,1.7449728661130592
2026-09-04,180640,한진칼,146000.0,138700.0,True,FILLED,2026-09-07,138700.0,INTRADAY_LIMIT,1,134320.0,181040.0,CLOSED,,,2026-09-11,131700,STOP_LOSS_GAP,0.0,-5.046863734679164,False,-5.046863734679164,B_DIP5_KEEP_GTC,KOSPI,-9.794520547945208,1.7449728661130592
2026-09-04,272450,진에어,6140.0,5833.0,True,FILLED,2026-09-14,5833.0,INTRADAY_LIMIT,6,5648.8,7613.599999999999,OPEN,,,,,,100.0,-0.0514315103720242,False,0,B_DIP5_KEEP_GTC,KOSPI,-5.048859934853422,1.7449728661130592
2026-09-07,064760,티씨케이,268500.0,255075.0,True,FILLED,2026-09-09,255075.0,INTRADAY_LIMIT,2,247020.0,332940.0,OPEN,,,,,,100.0,11.731843575418988,False,0,B_DIP5_KEEP_GTC,KOSDAQ,6.145251396648055,9.272795825782353
2026-09-07,131290,티에스이,261500.0,248425.0,True,FILLED,2026-09-14,248425.0,INTRADAY_LIMIT,5,240580.0,324260.0,CLOSED,,,2026-09-14,236000,STOP_LOSS,0.0,-5.00150950991245,False,-5.00150950991245,B_DIP5_KEEP_GTC,KOSDAQ,-9.751434034416828,9.272795825782353
2026-09-08,241770,메카로,42350.0,40232.5,True,FILLED,2026-09-14,40232.5,INTRADAY_LIMIT,4,38962.0,52514.0,CLOSED,,,2026-09-15,38750,STOP_LOSS,0.0,-3.6848319144969888,False,-3.6848319144969888,B_DIP5_KEEP_GTC,KOSDAQ,-8.500590318772138,10.66044242991575
2026-09-09,00088K,한화3우B,43600.0,41420.0,True,FILLED,2026-09-10,41420.0,INTRADAY_LIMIT,1,40112.0,54064.0,CLOSED,,,2026-09-21,39600,STOP_LOSS,0.0,-4.394012554321581,False,-4.394012554321581,B_DIP5_KEEP_GTC,KOSPI,-9.174311926605505,-3.5132252922724483
2026-09-09,012630,HDC,24700.0,23465.0,True,FILLED,2026-10-02,23465.0,INTRADAY_LIMIT,15,22724.0,30628.0,CLOSED,,,2026-10-07,22600,STOP_LOSS,0.0,-3.6863413594715566,False,-3.6863413594715566,B_DIP5_KEEP_GTC,KOSPI,-8.502024291497978,-3.5132252922724483
2026-09-09,020120,키다리스튜디오,7960.0,7562.0,True,FILLED,2026-09-22,7562.0,INTRADAY_LIMIT,9,7323.200000000001,9870.399999999998,CLOSED,,,2026-10-06,7140,STOP_LOSS,0.0,-5.580534250198365,False,-5.580534250198365,B_DIP5_KEEP_GTC,KOSPI,-10.301507537688437,-3.5132252922724483
2026-09-09,096770,SK이노베이션,153500.0,145825.0,True,FILLED,2026-09-11,145825.0,INTRADAY_LIMIT,2,141220.0,190340.0,CLOSED,,,2026-09-14,136700,STOP_LOSS,0.0,-6.257500428595919,False,-6.257500428595919,B_DIP5_KEEP_GTC,KOSPI,-10.94462540716612,-3.5132252922724483
2026-09-10,078340,컴투스,34850.0,33107.5,False,NOT_REACHED,,,,,,,,,,,,,,0.0,False,0.0,B_DIP5_KEEP_GTC,KOSDAQ,5.882352941176472,7.349567461645079
2026-09-10,425420,티에프이,58900.0,55955.0,True,FILLED,2026-09-11,55955.0,INTRADAY_LIMIT,1,54188.0,73036.0,CLOSED,,,2026-09-14,53300,STOP_LOSS_GAP,0.0,-4.744884282012329,False,-4.744884282012329,B_DIP5_KEEP_GTC,KOSDAQ,-9.507640067911716,7.349567461645079
2026-09-10,004690,삼천리,138000.0,131100.0,True,FILLED,2026-09-16,131100.0,INTRADAY_LIMIT,4,126960.0,171120.0,OPEN,,,,,,100.0,-2.135774218154085,False,0,B_DIP5_KEEP_GTC,KOSPI,-7.028985507246377,-3.2701537691642857
2026-09-10,018670,SK가스,252000.0,239400.0,True,FILLED,2026-09-16,239400.0,INTRADAY_LIMIT,4,231840.0,312480.0,OPEN,,,,,,100.0,12.99081035923142,False,0,B_DIP5_KEEP_GTC,KOSPI,7.341269841269837,-3.2701537691642857
2026-09-11,005090,SGC에너지,61200.0,58140.0,True,FILLED,2026-09-14,58140.0,INTRADAY_LIMIT,1,56304.0,75888.0,CLOSED,,,2026-09-15,55300,STOP_LOSS,0.0,-4.884760921912623,False,-4.884760921912623,B_DIP5_KEEP_GTC,KOSPI,-9.640522875816993,-1.5341733828660553
2026-09-11,030210,다올투자증권,4050.0,3847.5,True,FILLED,2026-09-18,3847.5,INTRADAY_LIMIT,5,3726.0,5022.0,OPEN,,,,,,100.0,3.053931124106568,False,0,B_DIP5_KEEP_GTC,KOSPI,-2.0987654320987703,-1.5341733828660553
2026-09-11,294870,IPARK현대산업개발,24850.0,23607.5,True,FILLED,2026-09-17,23607.5,INTRADAY_LIMIT,4,22862.0,30814.0,CLOSED,,,2026-10-01,22650,STOP_LOSS,0.0,-4.0559144339722515,False,-4.0559144339722515,B_DIP5_KEEP_GTC,KOSPI,-8.853118712273645,-1.5341733828660553
2026-09-14,068930,디지털대성,8850.0,8407.5,False,NOT_REACHED,,,,,,,,,,,,,,0.0,False,0.0,B_DIP5_KEEP_GTC,KOSDAQ,3.9548022598870025,11.358593933985306
2026-09-14,377450,리파인,17160.0,16302.0,True,FILLED,2026-09-15,16302.0,INTRADAY_LIMIT,1,15787.2,21278.399999999998,CLOSED,,,2026-09-15,14250,STOP_LOSS,0.0,-12.587412587412583,False,-12.587412587412583,B_DIP5_KEEP_GTC,KOSDAQ,-16.95804195804196,11.358593933985306
2026-09-14,094800,맵스리얼티,7420.0,7049.0,False,NOT_REACHED,,,,,,,,,,,,,,0.0,False,0.0,B_DIP5_KEEP_GTC,KOSPI,1.0781671159029615,1.7882014310997008
2026-09-15,028100,동아지질,18690.0,17755.5,False,NOT_REACHED,,,,,,,,,,,,,,0.0,False,0.0,B_DIP5_KEEP_GTC,KOSPI,5.7784911717496,2.6653549128900833
2026-09-15,453340,현대그린푸드,19400.0,18430.0,True,FILLED,2026-09-18,18430.0,INTRADAY_LIMIT,3,17848.0,24056.0,OPEN,,,,,,100.0,3.038524145415078,False,0,B_DIP5_KEEP_GTC,KOSPI,-2.1134020618556737,2.6653549128900833
2026-09-16,219130,타이거일렉,74800.0,71060.0,True,FILLED,2026-09-18,71060.0,INTRADAY_LIMIT,2,68816.0,92752.0,PARTIAL,2026-09-30,92752.0,,,,50.0,34.21896988460457,False,15.263157894736846,B_DIP5_KEEP_GTC,KOSDAQ,27.508021390374328,10.104414323880473
2026-09-16,001120,LX인터내셔널,41650.0,39567.5,False,NOT_REACHED,,,,,,,,,,,,,,0.0,False,0.0,B_DIP5_KEEP_GTC,KOSPI,5.522208883553414,1.2791066348911917
2026-09-18,045100,한양이엔지,32100.0,30495.0,False,NOT_REACHED,,,,,,,,,,,,,,0.0,False,0.0,B_DIP5_KEEP_GTC,KOSDAQ,4.672897196261672,8.621481768062678
2026-09-18,013580,계룡건설,23500.0,22325.0,True,FILLED,2026-09-23,22325.0,INTRADAY_LIMIT,3,21620.0,29140.0,CLOSED,,,2026-10-01,21450,STOP_LOSS,0.0,-3.919372900335949,False,-3.919372900335949,B_DIP5_KEEP_GTC,KOSPI,-8.723404255319146,-1.3102260876123983
2026-09-21,098120,마이크로컨텍솔,57600.0,54720.0,True,FILLED,2026-09-30,54720.0,INTRADAY_LIMIT,5,52992.0,71424.0,OPEN,,,,,,100.0,10.562865497076013,False,0,B_DIP5_KEEP_GTC,KOSDAQ,5.034722222222232,7.433006086550997
2026-09-21,252990,샘씨엔에스,18090.0,17185.5,True,FILLED,2026-09-22,17185.5,INTRADAY_LIMIT,1,16642.8,22431.600000000002,OPEN,,,,,,100.0,10.849262459631671,False,0,B_DIP5_KEEP_GTC,KOSDAQ,5.306799336650081,7.433006086550997
2026-09-21,000430,대원강업,5040.0,4788.0,True,FILLED,2026-09-28,4788.0,INTRADAY_LIMIT,3,4636.8,6249.599999999999,CLOSED,,,2026-09-29,4580,STOP_LOSS,0.0,-4.344193817878028,False,-4.344193817878028,B_DIP5_KEEP_GTC,KOSPI,-9.126984126984128,-2.90850661841513
2026-09-21,003160,디아이,35400.0,33630.0,False,NOT_REACHED,,,,,,,,,,,,,,0.0,False,0.0,B_DIP5_KEEP_GTC,KOSPI,20.6864406779661,-2.90850661841513
2026-09-21,029460,케이씨,44600.0,42370.0,False,NOT_REACHED,,,,,,,,,,,,,,0.0,False,0.0,B_DIP5_KEEP_GTC,KOSPI,5.94170403587444,-2.90850661841513
2026-09-22,059090,미코,22600.0,21470.0,True,FILLED,2026-09-29,21470.0,INTRADAY_LIMIT,3,20792.0,28024.0,OPEN,,,,,,100.0,6.427573358174188,False,0,B_DIP5_KEEP_GTC,KOSDAQ,1.106194690265494,7.676358493731872
2026-09-22,095340,ISC,208000.0,197600.0,False,NOT_REACHED,,,,,,,,,,,,,,0.0,False,0.0,B_DIP5_KEEP_GTC,KOSDAQ,-2.644230769230771,7.676358493731872
2026-09-22,222800,심텍,148100.0,140695.0,False,NOT_REACHED,,,,,,,,,,,,,,0.0,False,0.0,B_DIP5_KEEP_GTC,KOSDAQ,15.057393652937211,7.676358493731872
2026-09-22,425420,티에프이,64400.0,61180.0,True,FILLED,2026-09-30,61180.0,INTRADAY_LIMIT,4,59248.0,79856.0,OPEN,,,,,,100.0,5.916966328865647,False,0,B_DIP5_KEEP_GTC,KOSDAQ,0.6211180124223503,7.676358493731872
2026-09-22,003490,대한항공,31400.0,29830.0,False,NOT_REACHED,,,,,,,,,,,,,,0.0,False,0.0,B_DIP5_KEEP_GTC,KOSPI,-1.7515923566879033,-3.0494833932039667
2026-09-22,020560,아시아나항공,8370.0,7951.5,False,NOT_REACHED,,,,,,,,,,,,,,0.0,False,0.0,B_DIP5_KEEP_GTC,KOSPI,-1.5531660692950977,-3.0494833932039667
2026-09-23,017890,한국알콜,15390.0,14620.5,False,NOT_REACHED,,,,,,,,,,,,,,0.0,False,0.0,B_DIP5_KEEP_GTC,KOSDAQ,4.483430799220267,6.388546798029537
2026-09-23,084370,유진테크,163600.0,155420.0,True,FILLED,2026-09-28,155420.0,INTRADAY_LIMIT,1,150512.0,202864.0,OPEN,,,,,,100.0,8.73761420666581,False,0,B_DIP5_KEEP_GTC,KOSDAQ,3.3007334963325086,6.388546798029537
2026-09-23,114810,한솔아이원스,14770.0,14031.5,False,NOT_REACHED,,,,,,,,,,,,,,0.0,False,0.0,B_DIP5_KEEP_GTC,KOSDAQ,-0.9478672985781977,6.388546798029537
2026-09-23,417840,저스템,17080.0,16226.0,False,NOT_REACHED,,,,,,,,,,,,,,0.0,False,0.0,B_DIP5_KEEP_GTC,KOSDAQ,10.070257611241207,6.388546798029537
2026-09-23,446540,메가터치,10900.0,10355.0,True,FILLED,2026-09-28,10355.0,INTRADAY_LIMIT,1,10028.0,13516.0,OPEN,,,,,,100.0,6.132303235152103,False,0,B_DIP5_KEEP_GTC,KOSDAQ,0.8256880733944927,6.388546798029537
2026-09-23,006120,SK디스커버리,60300.0,57285.0,False,NOT_REACHED,,,,,,,,,,,,,,0.0,False,0.0,B_DIP5_KEEP_GTC,KOSPI,19.237147595356554,-3.91220349898036
2026-09-23,010955,S-Oil우,84000.0,79800.0,False,NOT_REACHED,,,,,,,,,,,,,,0.0,False,0.0,B_DIP5_KEEP_GTC,KOSPI,7.499999999999996,-3.91220349898036
2026-09-28,009240,한샘,40750.0,38712.5,True,FILLED,2026-09-30,38712.5,INTRADAY_LIMIT,2,37490.0,50530.0,OPEN,,,,,,100.0,4.617371649983859,False,0,B_DIP5_KEEP_GTC,KOSPI,-0.6134969325153339,-1.245910585885679
2026-09-28,025000,KPX케미칼,57700.0,54815.0,False,NOT_REACHED,,,,,,,,,,,,,,0.0,False,0.0,B_DIP5_KEEP_GTC,KOSPI,1.559792027729645,-1.245910585885679
2026-09-28,284740,쿠쿠홈시스,24300.0,23085.0,False,NOT_REACHED,,,,,,,,,,,,,,0.0,False,0.0,B_DIP5_KEEP_GTC,KOSPI,2.4691358024691468,-1.245910585885679
2026-09-29,031980,피에스케이홀딩스,180800.0,171760.0,False,NOT_REACHED,,,,,,,,,,,,,,0.0,False,0.0,B_DIP5_KEEP_GTC,KOSDAQ,12.831858407079654,5.72252294657567
2026-09-29,064760,티씨케이,300000.0,285000.0,True,FILLED,2026-10-07,285000.0,INTRADAY_LIMIT,5,276000.0,372000.0,OPEN,,,,,,100.0,0.0,False,0,B_DIP5_KEEP_GTC,KOSDAQ,-5.000000000000004,5.72252294657567
2026-09-29,101160,월덱스,32250.0,30637.5,False,NOT_REACHED,,,,,,,,,,,,,,0.0,False,0.0,B_DIP5_KEEP_GTC,KOSDAQ,-0.15503875968991832,5.72252294657567
2026-09-29,219130,타이거일렉,91000.0,86450.0,False,NOT_REACHED,,,,,,,,,,,,,,0.0,False,0.0,B_DIP5_KEEP_GTC,KOSDAQ,7.692307692307687,5.72252294657567
2026-09-29,252990,샘씨엔에스,19950.0,18952.5,True,FILLED,2026-10-07,18952.5,INTRADAY_LIMIT,5,18354.0,24738.0,OPEN,,,,,,100.0,0.5144440047487153,False,0,B_DIP5_KEEP_GTC,KOSDAQ,-4.511278195488721,5.72252294657567
2026-09-29,029460,케이씨,46250.0,43937.5,True,FILLED,2026-09-30,43937.5,INTRADAY_LIMIT,1,42550.0,57350.0,OPEN,,,,,,100.0,7.5391180654338585,False,0,B_DIP5_KEEP_GTC,KOSPI,2.1621621621621623,-0.9738298686763347
2026-09-30,036930,주성엔지니어링,232500.0,220875.0,False,NOT_REACHED,,,,,,,,,,,,,,0.0,False,0.0,B_DIP5_KEEP_GTC,KOSDAQ,6.451612903225801,4.967812036312225
2026-09-30,059090,미코,23200.0,22040.0,False,NOT_REACHED,,,,,,,,,,,,,,0.0,False,0.0,B_DIP5_KEEP_GTC,KOSDAQ,-1.5086206896551713,4.967812036312225
2026-09-30,078350,한양디지텍,31950.0,30352.5,False,NOT_REACHED,,,,,,,,,,,,,,0.0,False,0.0,B_DIP5_KEEP_GTC,KOSDAQ,13.928012519561817,4.967812036312225
2026-09-30,122640,예스티,33600.0,31920.0,True,FILLED,2026-10-07,31920.0,INTRADAY_LIMIT,4,30912.0,41664.0,OPEN,,,,,,100.0,-0.3759398496240629,False,0,B_DIP5_KEEP_GTC,KOSDAQ,-5.35714285714286,4.967812036312225
2026-09-30,001120,LX인터내셔널,43300.0,41135.0,False,NOT_REACHED,,,,,,,,,,,,,,0.0,False,0.0,B_DIP5_KEEP_GTC,KOSPI,1.501154734411081,-0.4992658715070486
2026-09-30,020000,한섬,21000.0,19950.0,False,NOT_REACHED,,,,,,,,,,,,,,0.0,False,0.0,B_DIP5_KEEP_GTC,KOSPI,3.3333333333333437,-0.4992658715070486
2026-09-30,306200,세아제강,153200.0,145540.0,False,NOT_REACHED,,,,,,,,,,,,,,0.0,False,0.0,B_DIP5_KEEP_GTC,KOSPI,-3.067885117493474,-0.4992658715070486
2026-10-02,005160,동국산업,3970.0,3771.5,False,NOT_REACHED,,,,,,,,,,,,,,0.0,False,0.0,B_DIP5_KEEP_GTC,KOSDAQ,-3.0226700251889116,0.5754010455730985
2026-10-02,036710,심텍홀딩스,4960.0,4712.0,False,NOT_REACHED,,,,,,,,,,,,,,0.0,False,0.0,B_DIP5_KEEP_GTC,KOSDAQ,2.4193548387096753,0.5754010455730985
2026-10-02,064290,인텍플러스,59100.0,56145.0,False,NOT_REACHED,,,,,,,,,,,,,,0.0,False,0.0,B_DIP5_KEEP_GTC,KOSDAQ,-1.0152284263959421,0.5754010455730985
2026-10-06,031980,피에스케이홀딩스,197000.0,187150.0,False,NOT_REACHED,,,,,,,,,,,,,,0.0,False,0.0,B_DIP5_KEEP_GTC,KOSDAQ,3.5532994923857864,-2.33607270197409
2026-10-06,091580,상신이디피,24850.0,23607.5,False,NOT_REACHED,,,,,,,,,,,,,,0.0,False,0.0,B_DIP5_KEEP_GTC,KOSDAQ,-1.2072434607645843,-2.33607270197409
2026-10-06,236200,슈프리마,60400.0,57380.0,True,FILLED,2026-10-07,57380.0,INTRADAY_LIMIT,1,55568.0,74896.0,CLOSED,,,2026-10-07,54800,STOP_LOSS,0.0,-4.496340188218895,False,-4.496340188218895,B_DIP5_KEEP_GTC,KOSDAQ,-9.27152317880795,-2.33607270197409
2026-10-06,006400,삼성SDI,575000.0,546250.0,False,NOT_REACHED,,,,,,,,,,,,,,0.0,False,0.0,B_DIP5_KEEP_GTC,KOSPI,-2.260869565217394,-1.980727203053001
2026-10-06,007660,이수페타시스,131900.0,125305.0,True,FILLED,2026-10-07,125305.0,INTRADAY_LIMIT,1,121348.0,163556.0,OPEN,,,,,,100.0,-2.6375643430030737,False,0,B_DIP5_KEEP_GTC,KOSPI,-7.505686125852917,-1.980727203053001
2026-10-06,192820,코스맥스,298000.0,283100.0,False,NOT_REACHED,,,,,,,,,,,,,,0.0,False,0.0,B_DIP5_KEEP_GTC,KOSPI,3.523489932885915,-1.980727203053001
2026-10-06,226320,잇츠한불,11260.0,10697.0,False,NOT_REACHED,,,,,,,,,,,,,,0.0,False,0.0,B_DIP5_KEEP_GTC,KOSPI,4.440497335701599,-1.980727203053001
2026-10-06,373220,LG에너지솔루션,390000.0,370500.0,False,NOT_REACHED,,,,,,,,,,,,,,0.0,False,0.0,B_DIP5_KEEP_GTC,KOSPI,0.2564102564102555,-1.980727203053001
2026-10-07,041960,코미팜,11000.0,10450.0,False,NO_FUTURE_BAR,,,,,,,,,,,,,,0.0,False,0.0,B_DIP5_KEEP_GTC,KOSDAQ,0.0,0.0
2026-10-07,131290,티에스이,316000.0,300200.0,False,NO_FUTURE_BAR,,,,,,,,,,,,,,0.0,False,0.0,B_DIP5_KEEP_GTC,KOSDAQ,0.0,0.0
2026-10-07,219130,타이거일렉,98000.0,93100.0,False,NO_FUTURE_BAR,,,,,,,,,,,,,,0.0,False,0.0,B_DIP5_KEEP_GTC,KOSDAQ,0.0,0.0
2026-10-07,002320,한진,16860.0,16017.0,False,NO_FUTURE_BAR,,,,,,,,,,,,,,0.0,False,0.0,B_DIP5_KEEP_GTC,KOSPI,0.0,0.0
2026-10-07,002960,한국쉘석유,541000.0,513950.0,False,NO_FUTURE_BAR,,,,,,,,,,,,,,0.0,False,0.0,B_DIP5_KEEP_GTC,KOSPI,0.0,0.0
2026-10-07,008930,한미사이언스,58100.0,55195.0,False,NO_FUTURE_BAR,,,,,,,,,,,,,,0.0,False,0.0,B_DIP5_KEEP_GTC,KOSPI,0.0,0.0
2026-10-07,078520,에이블씨엔씨,11880.0,11286.0,False,NO_FUTURE_BAR,,,,,,,,,,,,,,0.0,False,0.0,B_DIP5_KEEP_GTC,KOSPI,0.0,0.0
2026-10-07,383220,F&F,74100.0,70395.0,False,NO_FUTURE_BAR,,,,,,,,,,,,,,0.0,False,0.0,B_DIP5_KEEP_GTC,KOSPI,0.0,0.0
2026-08-24,002840,미원상사,131800.0,125210.0,False,EXPIRED,,,,,,,,,,,,,,0.0,False,0.0,B_DIP5_KEEP_5,KOSPI,5.993930197268593,1.5968439411314872
2026-08-24,028670,팬오션,6320.0,6004.0,True,FILLED,2026-08-26,6004.0,INTRADAY_LIMIT,2,5814.400000000001,7836.799999999998,CLOSED,,,2026-08-26,5610,STOP_LOSS,0.0,-6.562291805463028,False,-6.562291805463028,B_DIP5_KEEP_5,KOSPI,-11.234177215189877,1.5968439411314872
2026-08-24,058650,세아홀딩스,132600.0,125970.0,False,EXPIRED,,,,,,,,,,,,,,0.0,False,0.0,B_DIP5_KEEP_5,KOSPI,-4.751131221719462,1.5968439411314872
2026-08-25,002310,아세아제지,8560.0,8132.0,False,EXPIRED,,,,,,,,,,,,,,0.0,False,0.0,B_DIP5_KEEP_5,KOSPI,-8.294392523364492,0.9070496563711394
2026-08-25,078930,GS,121800.0,115710.0,True,FILLED,2026-08-26,115710.0,INTRADAY_LIMIT,1,112056.0,151032.0,CLOSED,,,2026-09-16,112000,STOP_LOSS,0.0,-3.206291591046584,False,-3.206291591046584,B_DIP5_KEEP_5,KOSPI,-8.045977011494255,0.9070496563711394
2026-08-25,080580,오킨스전자,19400.0,18430.0,True,FILLED,2026-08-26,18430.0,INTRADAY_LIMIT,1,17848.0,24056.0,PARTIAL,2026-09-21,24056.0,,,,50.0,41.633206728160616,False,15.263157894736846,B_DIP5_KEEP_5,KOSDAQ,34.551546391752574,8.617542162848334
2026-08-25,090430,아모레퍼시픽,143300.0,136135.0,False,EXPIRED,,,,,,,,,,,,,,0.0,False,0.0,B_DIP5_KEEP_5,KOSPI,-3.3496161898115884,0.9070496563711394
2026-08-25,122900,아이마켓코리아,8350.0,7932.5,False,EXPIRED,,,,,,,,,,,,,,0.0,False,0.0,B_DIP5_KEEP_5,KOSPI,-1.4371257485029987,0.9070496563711394
2026-08-25,123330,제닉,32200.0,30590.0,False,EXPIRED,,,,,,,,,,,,,,0.0,False,0.0,B_DIP5_KEEP_5,KOSDAQ,-11.956521739130432,8.617542162848334
2026-08-25,161890,한국콜마,150000.0,142500.0,False,EXPIRED,,,,,,,,,,,,,,0.0,False,0.0,B_DIP5_KEEP_5,KOSPI,-8.533333333333337,0.9070496563711394
2026-08-25,257720,실리콘투,51900.0,49305.0,True,FILLED,2026-08-27,48250,OPEN_BETTER_THAN_LIMIT,2,47748.0,64356.0,CLOSED,,,2026-09-07,47150,STOP_LOSS,0.0,-2.2797927461139844,False,-2.2797927461139844,B_DIP5_KEEP_5,KOSDAQ,-9.152215799614638,8.617542162848334
2026-08-25,278470,에이피알,440500.0,418475.0,False,EXPIRED,,,,,,,,,,,,,,0.0,False,0.0,B_DIP5_KEEP_5,KOSPI,-10.556186152099889,0.9070496563711394
2026-08-25,280360,롯데웰푸드,135200.0,128440.0,False,EXPIRED,,,,,,,,,,,,,,0.0,False,0.0,B_DIP5_KEEP_5,KOSPI,-8.357988165680474,0.9070496563711394
2026-08-26,000815,삼성화재우,425000.0,403750.0,False,EXPIRED,,,,,,,,,,,,,,0.0,False,0.0,B_DIP5_KEEP_5,KOSPI,-7.9999999999999964,-0.06330592035205251
2026-08-26,003230,삼양식품,1507000.0,1431650.0,False,EXPIRED,,,,,,,,,,,,,,0.0,False,0.0,B_DIP5_KEEP_5,KOSPI,-11.745189117451893,-0.06330592035205251
2026-08-26,003300,한일홀딩스,18350.0,17432.5,False,EXPIRED,,,,,,,,,,,,,,0.0,False,0.0,B_DIP5_KEEP_5,KOSPI,-6.975476839237061,-0.06330592035205251
2026-08-26,004490,세방전지,59800.0,56810.0,False,EXPIRED,,,,,,,,,,,,,,0.0,False,0.0,B_DIP5_KEEP_5,KOSPI,4.849498327759205,-0.06330592035205251
2026-08-26,006360,GS건설,37800.0,35910.0,True,FILLED,2026-08-28,35910.0,INTRADAY_LIMIT,2,34776.0,46872.0,CLOSED,,,2026-09-01,33300,STOP_LOSS,0.0,-7.2681704260651685,False,-7.2681704260651685,B_DIP5_KEEP_5,KOSPI,-11.904761904761907,-0.06330592035205251
2026-08-26,017940,E1,97700.0,92815.0,False,EXPIRED,,,,,,,,,,,,,,0.0,False,0.0,B_DIP5_KEEP_5,KOSPI,-9.621289662231325,-0.06330592035205251
2026-08-27,006400,삼성SDI,569000.0,540550.0,True,FILLED,2026-09-02,540550.0,INTRADAY_LIMIT,4,523480.0,705560.0,CLOSED,,,2026-09-23,521000,STOP_LOSS,0.0,-3.616686707982608,False,-3.616686707982608,B_DIP5_KEEP_5,KOSPI,-8.435852372583474,-1.5692157682531516
2026-08-27,012750,에스원,85500.0,81225.0,True,FILLED,2026-08-28,81225.0,INTRADAY_LIMIT,1,78660.0,106020.0,OPEN,,,,,,100.0,3.170206217297622,False,0,B_DIP5_KEEP_5,KOSPI,-1.9883040935672502,-1.5692157682531516
2026-08-27,029460,케이씨,38650.0,36717.5,True,FILLED,2026-09-03,36717.5,INTRADAY_LIMIT,5,35558.0,47926.0,OPEN,,,,,,100.0,28.68523183767957,False,0,B_DIP5_KEEP_5,KOSPI,22.25097024579561,-1.5692157682531516
2026-08-27,183190,아세아시멘트,10550.0,10022.5,False,EXPIRED,,,,,,,,,,,,,,0.0,False,0.0,B_DIP5_KEEP_5,KOSPI,-5.592417061611377,-1.5692157682531516
2026-08-27,222800,심텍,126900.0,120555.0,True,FILLED,2026-08-31,120555.0,INTRADAY_LIMIT,2,116748.0,157356.0,PARTIAL,2026-10-01,157356.0,,,,50.0,35.93629463730248,False,15.263157894736846,B_DIP5_KEEP_5,KOSDAQ,29.139479905437348,7.256013848265974
2026-08-28,035600,KG이니시스,10640.0,10108.0,False,EXPIRED,,,,,,,,,,,,,,0.0,False,0.0,B_DIP5_KEEP_5,KOSDAQ,-8.176691729323304,7.158788659486404
2026-08-28,096530,씨젠,35650.0,33867.5,True,FILLED,2026-08-31,33867.5,INTRADAY_LIMIT,1,32798.0,44206.0,CLOSED,,,2026-09-02,32100,STOP_LOSS,0.0,-5.21886764597328,False,-5.21886764597328,B_DIP5_KEEP_5,KOSDAQ,-9.957924263674611,7.158788659486404
2026-08-28,204620,글로벌텍스프리,5960.0,5662.0,True,FILLED,2026-08-31,5662.0,INTRADAY_LIMIT,1,5483.2,7390.400000000001,CLOSED,,,2026-09-03,5370,STOP_LOSS,0.0,-5.157188272695157,False,-5.157188272695157,B_DIP5_KEEP_5,KOSDAQ,-9.899328859060407,7.158788659486404
2026-08-28,002790,아모레퍼시픽홀딩스,28000.0,26600.0,True,FILLED,2026-09-02,26350,OPEN_BETTER_THAN_LIMIT,3,25760.0,34720.0,CLOSED,,,2026-09-09,25500,STOP_LOSS,0.0,-3.2258064516129004,False,-3.2258064516129004,B_DIP5_KEEP_5,KOSPI,-8.92857142857143,0.22124415220183824
2026-08-28,025000,KPX케미칼,55800.0,53010.0,False,EXPIRED,,,,,,,,,,,,,,0.0,False,0.0,B_DIP5_KEEP_5,KOSPI,5.017921146953408,0.22124415220183824
2026-08-28,044820,코스맥스비티아이,26800.0,25460.0,True,FILLED,2026-09-01,25460.0,INTRADAY_LIMIT,2,24656.0,33232.0,CLOSED,,,2026-09-03,24600,STOP_LOSS_GAP,0.0,-3.377847604084838,False,-3.377847604084838,B_DIP5_KEEP_5,KOSPI,-8.208955223880599,0.22124415220183824
2026-08-28,088350,한화생명,5950.0,5652.5,False,EXPIRED,,,,,,,,,,,,,,0.0,False,0.0,B_DIP5_KEEP_5,KOSPI,-10.420168067226887,0.22124415220183824
2026-08-28,090430,아모레퍼시픽,150600.0,143070.0,True,FILLED,2026-09-02,143000,OPEN_BETTER_THAN_LIMIT,3,138552.0,186744.0,CLOSED,,,2026-09-09,138300,STOP_LOSS,0.0,-3.286713286713283,False,-3.286713286713283,B_DIP5_KEEP_5,KOSPI,-8.16733067729084,0.22124415220183824
2026-08-28,104700,한국철강,10120.0,9614.0,True,FILLED,2026-09-02,9614.0,INTRADAY_LIMIT,3,9310.4,12548.800000000001,CLOSED,,,2026-09-30,9310,STOP_LOSS,0.0,-3.1620553359683834,False,-3.1620553359683834,B_DIP5_KEEP_5,KOSPI,-8.00395256916996,0.22124415220183824
2026-08-28,161890,한국콜마,161700.0,153615.0,True,FILLED,2026-09-01,153615.0,INTRADAY_LIMIT,2,148764.0,200508.0,CLOSED,,,2026-09-04,145800,STOP_LOSS,0.0,-5.087393809198315,False,-5.087393809198315,B_DIP5_KEEP_5,KOSPI,-9.83302411873841,0.22124415220183824
2026-08-28,192820,코스맥스,303000.0,287850.0,True,FILLED,2026-09-01,287850.0,INTRADAY_LIMIT,2,278760.0,375720.0,CLOSED,,,2026-09-02,278500,STOP_LOSS_GAP,0.0,-3.2482195587979823,False,-3.2482195587979823,B_DIP5_KEEP_5,KOSPI,-8.085808580858089,0.22124415220183824
2026-08-28,278470,에이피알,461500.0,438425.0,True,FILLED,2026-09-01,438425.0,INTRADAY_LIMIT,2,424580.0,572260.0,CLOSED,,,2026-09-02,419000,STOP_LOSS,0.0,-4.4306323772595135,False,-4.4306323772595135,B_DIP5_KEEP_5,KOSPI,-9.209100758396538,0.22124415220183824
2026-08-28,300720,한일시멘트,16950.0,16102.5,False,EXPIRED,,,,,,,,,,,,,,0.0,False,0.0,B_DIP5_KEEP_5,KOSPI,-4.542772861356936,0.22124415220183824
2026-08-31,068930,디지털대성,8660.0,8227.0,False,EXPIRED,,,,,,,,,,,,,,0.0,False,0.0,B_DIP5_KEEP_5,KOSDAQ,6.235565819861422,7.687974205611958
2026-08-31,353810,이지바이오,6830.0,6488.5,True,FILLED,2026-09-02,6488.5,INTRADAY_LIMIT,2,6283.6,8469.199999999999,CLOSED,,,2026-09-07,6160,STOP_LOSS,0.0,-5.062803421437934,False,-5.062803421437934,B_DIP5_KEEP_5,KOSDAQ,-9.809663250366029,7.687974205611958
2026-08-31,014820,동원시스템즈,23200.0,22040.0,True,FILLED,2026-09-02,22040.0,INTRADAY_LIMIT,2,21344.0,28768.0,CLOSED,,,2026-09-09,21250,STOP_LOSS_GAP,0.0,-3.5843920145190555,False,-3.5843920145190555,B_DIP5_KEEP_5,KOSPI,-8.405172413793105,-0.2363629432171832
2026-08-31,086790,하나금융지주,136300.0,129485.0,False,EXPIRED,,,,,,,,,,,,,,0.0,False,0.0,B_DIP5_KEEP_5,KOSPI,-5.4292002934702825,-0.2363629432171832
2026-08-31,123890,한국자산신탁,2640.0,2508.0,False,EXPIRED,,,,,,,,,,,,,,0.0,False,0.0,B_DIP5_KEEP_5,KOSPI,-8.143939393939393,-0.2363629432171832
2026-08-31,373220,LG에너지솔루션,378000.0,359100.0,True,FILLED,2026-09-02,359100.0,INTRADAY_LIMIT,2,347760.0,468720.0,CLOSED,,,2026-09-02,347500,STOP_LOSS,0.0,-3.2302979671400722,False,-3.2302979671400722,B_DIP5_KEEP_5,KOSPI,-8.06878306878307,-0.2363629432171832
2026-09-01,001060,JW중외제약,29000.0,27550.0,True,FILLED,2026-09-03,27550.0,INTRADAY_LIMIT,2,26680.0,35960.0,CLOSED,,,2026-09-11,26400,STOP_LOSS_GAP,0.0,-4.174228675136115,False,-4.174228675136115,B_DIP5_KEEP_5,KOSPI,-8.965517241379306,-0.46666081512040103
2026-09-01,089860,롯데렌탈,51400.0,48830.0,False,EXPIRED,,,,,,,,,,,,,,0.0,False,0.0,B_DIP5_KEEP_5,KOSPI,-0.1945525291828787,-0.46666081512040103
2026-09-01,126560,현대퓨처넷,3425.0,3253.75,False,EXPIRED,,,,,,,,,,,,,,0.0,False,0.0,B_DIP5_KEEP_5,KOSPI,-1.4598540145985384,-0.46666081512040103
2026-09-02,159010,아스플로,24100.0,22895.0,True,FILLED,2026-09-08,22895.0,INTRADAY_LIMIT,4,22172.0,29884.0,CLOSED,,,2026-09-15,22000,STOP_LOSS_GAP,0.0,-3.909150469534828,False,-3.909150469534828,B_DIP5_KEEP_5,KOSDAQ,-8.713692946058094,11.747804671758
2026-09-02,377450,리파인,16800.0,15960.0,False,EXPIRED,,,,,,,,,,,,,,0.0,False,0.0,B_DIP5_KEEP_5,KOSDAQ,-15.17857142857143,11.747804671758
2026-09-02,180640,한진칼,139100.0,132145.0,True,FILLED,2026-09-03,132145.0,INTRADAY_LIMIT,1,127972.0,172484.0,OPEN,,,,,,100.0,1.3280865715691093,False,0,B_DIP5_KEEP_5,KOSPI,-3.738317757009346,3.675000609503365
2026-09-03,008930,한미사이언스,51500.0,48925.0,False,EXPIRED,,,,,,,,,,,,,,0.0,False,0.0,B_DIP5_KEEP_5,KOSPI,12.815533980582527,3.4109078529002357
2026-09-03,088350,한화생명,6110.0,5804.5,True,FILLED,2026-09-04,5804.5,INTRADAY_LIMIT,1,5621.2,7576.400000000001,CLOSED,,,2026-09-30,5330,STOP_LOSS,0.0,-8.174692049272114,False,-8.174692049272114,B_DIP5_KEEP_5,KOSPI,-12.765957446808507,3.4109078529002357
2026-09-03,145990,삼양사,47400.0,45030.0,False,EXPIRED,,,,,,,,,,,,,,0.0,False,0.0,B_DIP5_KEEP_5,KOSPI,-2.742616033755274,3.4109078529002357
2026-09-03,306200,세아제강,147500.0,140125.0,False,EXPIRED,,,,,,,,,,,,,,0.0,False,0.0,B_DIP5_KEEP_5,KOSPI,0.6779661016949046,3.4109078529002357
2026-09-04,031980,피에스케이홀딩스,144000.0,136800.0,False,EXPIRED,,,,,,,,,,,,,,0.0,False,0.0,B_DIP5_KEEP_5,KOSDAQ,32.833333333333336,10.440073755377988
2026-09-04,049430,코메론,22450.0,21327.5,True,FILLED,2026-09-07,21327.5,INTRADAY_LIMIT,1,20654.0,27838.0,OPEN,,,,,,100.0,2.6843277458680204,False,0,B_DIP5_KEEP_5,KOSDAQ,-2.4498886414253906,10.440073755377988
2026-09-04,064290,인텍플러스,40150.0,38142.5,False,EXPIRED,,,,,,,,,,,,,,0.0,False,0.0,B_DIP5_KEEP_5,KOSDAQ,34.85180572851806,10.440073755377988
2026-09-04,377450,리파인,16960.0,16112.0,False,EXPIRED,,,,,,,,,,,,,,0.0,False,0.0,B_DIP5_KEEP_5,KOSDAQ,-15.978773584905658,10.440073755377988
2026-09-04,002310,아세아제지,8840.0,8398.0,False,EXPIRED,,,,,,,,,,,,,,0.0,False,0.0,B_DIP5_KEEP_5,KOSPI,-9.954751131221718,1.7449728661130592
2026-09-04,004690,삼천리,136700.0,129865.0,False,EXPIRED,,,,,,,,,,,,,,0.0,False,0.0,B_DIP5_KEEP_5,KOSPI,-6.144842721287491,1.7449728661130592
2026-09-04,180640,한진칼,146000.0,138700.0,True,FILLED,2026-09-07,138700.0,INTRADAY_LIMIT,1,134320.0,181040.0,CLOSED,,,2026-09-11,131700,STOP_LOSS_GAP,0.0,-5.046863734679164,False,-5.046863734679164,B_DIP5_KEEP_5,KOSPI,-9.794520547945208,1.7449728661130592
2026-09-04,272450,진에어,6140.0,5833.0,False,EXPIRED,,,,,,,,,,,,,,0.0,False,0.0,B_DIP5_KEEP_5,KOSPI,-5.048859934853422,1.7449728661130592
2026-09-07,064760,티씨케이,268500.0,255075.0,True,FILLED,2026-09-09,255075.0,INTRADAY_LIMIT,2,247020.0,332940.0,OPEN,,,,,,100.0,11.731843575418988,False,0,B_DIP5_KEEP_5,KOSDAQ,6.145251396648055,9.272795825782353
2026-09-07,131290,티에스이,261500.0,248425.0,True,FILLED,2026-09-14,248425.0,INTRADAY_LIMIT,5,240580.0,324260.0,CLOSED,,,2026-09-14,236000,STOP_LOSS,0.0,-5.00150950991245,False,-5.00150950991245,B_DIP5_KEEP_5,KOSDAQ,-9.751434034416828,9.272795825782353
2026-09-08,241770,메카로,42350.0,40232.5,True,FILLED,2026-09-14,40232.5,INTRADAY_LIMIT,4,38962.0,52514.0,CLOSED,,,2026-09-15,38750,STOP_LOSS,0.0,-3.6848319144969888,False,-3.6848319144969888,B_DIP5_KEEP_5,KOSDAQ,-8.500590318772138,10.66044242991575
2026-09-09,00088K,한화3우B,43600.0,41420.0,True,FILLED,2026-09-10,41420.0,INTRADAY_LIMIT,1,40112.0,54064.0,CLOSED,,,2026-09-21,39600,STOP_LOSS,0.0,-4.394012554321581,False,-4.394012554321581,B_DIP5_KEEP_5,KOSPI,-9.174311926605505,-3.5132252922724483
2026-09-09,012630,HDC,24700.0,23465.0,False,EXPIRED,,,,,,,,,,,,,,0.0,False,0.0,B_DIP5_KEEP_5,KOSPI,-8.502024291497978,-3.5132252922724483
2026-09-09,020120,키다리스튜디오,7960.0,7562.0,False,EXPIRED,,,,,,,,,,,,,,0.0,False,0.0,B_DIP5_KEEP_5,KOSPI,-10.301507537688437,-3.5132252922724483
2026-09-09,096770,SK이노베이션,153500.0,145825.0,True,FILLED,2026-09-11,145825.0,INTRADAY_LIMIT,2,141220.0,190340.0,CLOSED,,,2026-09-14,136700,STOP_LOSS,0.0,-6.257500428595919,False,-6.257500428595919,B_DIP5_KEEP_5,KOSPI,-10.94462540716612,-3.5132252922724483
2026-09-10,078340,컴투스,34850.0,33107.5,False,EXPIRED,,,,,,,,,,,,,,0.0,False,0.0,B_DIP5_KEEP_5,KOSDAQ,5.882352941176472,7.349567461645079
2026-09-10,425420,티에프이,58900.0,55955.0,True,FILLED,2026-09-11,55955.0,INTRADAY_LIMIT,1,54188.0,73036.0,CLOSED,,,2026-09-14,53300,STOP_LOSS_GAP,0.0,-4.744884282012329,False,-4.744884282012329,B_DIP5_KEEP_5,KOSDAQ,-9.507640067911716,7.349567461645079
2026-09-10,004690,삼천리,138000.0,131100.0,True,FILLED,2026-09-16,131100.0,INTRADAY_LIMIT,4,126960.0,171120.0,OPEN,,,,,,100.0,-2.135774218154085,False,0,B_DIP5_KEEP_5,KOSPI,-7.028985507246377,-3.2701537691642857
2026-09-10,018670,SK가스,252000.0,239400.0,True,FILLED,2026-09-16,239400.0,INTRADAY_LIMIT,4,231840.0,312480.0,OPEN,,,,,,100.0,12.99081035923142,False,0,B_DIP5_KEEP_5,KOSPI,7.341269841269837,-3.2701537691642857
2026-09-11,005090,SGC에너지,61200.0,58140.0,True,FILLED,2026-09-14,58140.0,INTRADAY_LIMIT,1,56304.0,75888.0,CLOSED,,,2026-09-15,55300,STOP_LOSS,0.0,-4.884760921912623,False,-4.884760921912623,B_DIP5_KEEP_5,KOSPI,-9.640522875816993,-1.5341733828660553
2026-09-11,030210,다올투자증권,4050.0,3847.5,True,FILLED,2026-09-18,3847.5,INTRADAY_LIMIT,5,3726.0,5022.0,OPEN,,,,,,100.0,3.053931124106568,False,0,B_DIP5_KEEP_5,KOSPI,-2.0987654320987703,-1.5341733828660553
2026-09-11,294870,IPARK현대산업개발,24850.0,23607.5,True,FILLED,2026-09-17,23607.5,INTRADAY_LIMIT,4,22862.0,30814.0,CLOSED,,,2026-10-01,22650,STOP_LOSS,0.0,-4.0559144339722515,False,-4.0559144339722515,B_DIP5_KEEP_5,KOSPI,-8.853118712273645,-1.5341733828660553
2026-09-14,068930,디지털대성,8850.0,8407.5,False,EXPIRED,,,,,,,,,,,,,,0.0,False,0.0,B_DIP5_KEEP_5,KOSDAQ,3.9548022598870025,11.358593933985306
2026-09-14,377450,리파인,17160.0,16302.0,True,FILLED,2026-09-15,16302.0,INTRADAY_LIMIT,1,15787.2,21278.399999999998,CLOSED,,,2026-09-15,14250,STOP_LOSS,0.0,-12.587412587412583,False,-12.587412587412583,B_DIP5_KEEP_5,KOSDAQ,-16.95804195804196,11.358593933985306
2026-09-14,094800,맵스리얼티,7420.0,7049.0,False,EXPIRED,,,,,,,,,,,,,,0.0,False,0.0,B_DIP5_KEEP_5,KOSPI,1.0781671159029615,1.7882014310997008
2026-09-15,028100,동아지질,18690.0,17755.5,False,EXPIRED,,,,,,,,,,,,,,0.0,False,0.0,B_DIP5_KEEP_5,KOSPI,5.7784911717496,2.6653549128900833
2026-09-15,453340,현대그린푸드,19400.0,18430.0,True,FILLED,2026-09-18,18430.0,INTRADAY_LIMIT,3,17848.0,24056.0,OPEN,,,,,,100.0,3.038524145415078,False,0,B_DIP5_KEEP_5,KOSPI,-2.1134020618556737,2.6653549128900833
2026-09-16,219130,타이거일렉,74800.0,71060.0,True,FILLED,2026-09-18,71060.0,INTRADAY_LIMIT,2,68816.0,92752.0,PARTIAL,2026-09-30,92752.0,,,,50.0,34.21896988460457,False,15.263157894736846,B_DIP5_KEEP_5,KOSDAQ,27.508021390374328,10.104414323880473
2026-09-16,001120,LX인터내셔널,41650.0,39567.5,False,EXPIRED,,,,,,,,,,,,,,0.0,False,0.0,B_DIP5_KEEP_5,KOSPI,5.522208883553414,1.2791066348911917
2026-09-18,045100,한양이엔지,32100.0,30495.0,False,EXPIRED,,,,,,,,,,,,,,0.0,False,0.0,B_DIP5_KEEP_5,KOSDAQ,4.672897196261672,8.621481768062678
2026-09-18,013580,계룡건설,23500.0,22325.0,True,FILLED,2026-09-23,22325.0,INTRADAY_LIMIT,3,21620.0,29140.0,CLOSED,,,2026-10-01,21450,STOP_LOSS,0.0,-3.919372900335949,False,-3.919372900335949,B_DIP5_KEEP_5,KOSPI,-8.723404255319146,-1.3102260876123983
2026-09-21,098120,마이크로컨텍솔,57600.0,54720.0,True,FILLED,2026-09-30,54720.0,INTRADAY_LIMIT,5,52992.0,71424.0,OPEN,,,,,,100.0,10.562865497076013,False,0,B_DIP5_KEEP_5,KOSDAQ,5.034722222222232,7.433006086550997
2026-09-21,252990,샘씨엔에스,18090.0,17185.5,True,FILLED,2026-09-22,17185.5,INTRADAY_LIMIT,1,16642.8,22431.600000000002,OPEN,,,,,,100.0,10.849262459631671,False,0,B_DIP5_KEEP_5,KOSDAQ,5.306799336650081,7.433006086550997
2026-09-21,000430,대원강업,5040.0,4788.0,True,FILLED,2026-09-28,4788.0,INTRADAY_LIMIT,3,4636.8,6249.599999999999,CLOSED,,,2026-09-29,4580,STOP_LOSS,0.0,-4.344193817878028,False,-4.344193817878028,B_DIP5_KEEP_5,KOSPI,-9.126984126984128,-2.90850661841513
2026-09-21,003160,디아이,35400.0,33630.0,False,EXPIRED,,,,,,,,,,,,,,0.0,False,0.0,B_DIP5_KEEP_5,KOSPI,20.6864406779661,-2.90850661841513
2026-09-21,029460,케이씨,44600.0,42370.0,False,EXPIRED,,,,,,,,,,,,,,0.0,False,0.0,B_DIP5_KEEP_5,KOSPI,5.94170403587444,-2.90850661841513
2026-09-22,059090,미코,22600.0,21470.0,True,FILLED,2026-09-29,21470.0,INTRADAY_LIMIT,3,20792.0,28024.0,OPEN,,,,,,100.0,6.427573358174188,False,0,B_DIP5_KEEP_5,KOSDAQ,1.106194690265494,7.676358493731872
2026-09-22,095340,ISC,208000.0,197600.0,False,EXPIRED,,,,,,,,,,,,,,0.0,False,0.0,B_DIP5_KEEP_5,KOSDAQ,-2.644230769230771,7.676358493731872
2026-09-22,222800,심텍,148100.0,140695.0,False,EXPIRED,,,,,,,,,,,,,,0.0,False,0.0,B_DIP5_KEEP_5,KOSDAQ,15.057393652937211,7.676358493731872
2026-09-22,425420,티에프이,64400.0,61180.0,True,FILLED,2026-09-30,61180.0,INTRADAY_LIMIT,4,59248.0,79856.0,OPEN,,,,,,100.0,5.916966328865647,False,0,B_DIP5_KEEP_5,KOSDAQ,0.6211180124223503,7.676358493731872
2026-09-22,003490,대한항공,31400.0,29830.0,False,EXPIRED,,,,,,,,,,,,,,0.0,False,0.0,B_DIP5_KEEP_5,KOSPI,-1.7515923566879033,-3.0494833932039667
2026-09-22,020560,아시아나항공,8370.0,7951.5,False,EXPIRED,,,,,,,,,,,,,,0.0,False,0.0,B_DIP5_KEEP_5,KOSPI,-1.5531660692950977,-3.0494833932039667
2026-09-23,017890,한국알콜,15390.0,14620.5,False,EXPIRED,,,,,,,,,,,,,,0.0,False,0.0,B_DIP5_KEEP_5,KOSDAQ,4.483430799220267,6.388546798029537
2026-09-23,084370,유진테크,163600.0,155420.0,True,FILLED,2026-09-28,155420.0,INTRADAY_LIMIT,1,150512.0,202864.0,OPEN,,,,,,100.0,8.73761420666581,False,0,B_DIP5_KEEP_5,KOSDAQ,3.3007334963325086,6.388546798029537
2026-09-23,114810,한솔아이원스,14770.0,14031.5,False,EXPIRED,,,,,,,,,,,,,,0.0,False,0.0,B_DIP5_KEEP_5,KOSDAQ,-0.9478672985781977,6.388546798029537
2026-09-23,417840,저스템,17080.0,16226.0,False,EXPIRED,,,,,,,,,,,,,,0.0,False,0.0,B_DIP5_KEEP_5,KOSDAQ,10.070257611241207,6.388546798029537
2026-09-23,446540,메가터치,10900.0,10355.0,True,FILLED,2026-09-28,10355.0,INTRADAY_LIMIT,1,10028.0,13516.0,OPEN,,,,,,100.0,6.132303235152103,False,0,B_DIP5_KEEP_5,KOSDAQ,0.8256880733944927,6.388546798029537
2026-09-23,006120,SK디스커버리,60300.0,57285.0,False,EXPIRED,,,,,,,,,,,,,,0.0,False,0.0,B_DIP5_KEEP_5,KOSPI,19.237147595356554,-3.91220349898036
2026-09-23,010955,S-Oil우,84000.0,79800.0,False,EXPIRED,,,,,,,,,,,,,,0.0,False,0.0,B_DIP5_KEEP_5,KOSPI,7.499999999999996,-3.91220349898036
2026-09-28,009240,한샘,40750.0,38712.5,True,FILLED,2026-09-30,38712.5,INTRADAY_LIMIT,2,37490.0,50530.0,OPEN,,,,,,100.0,4.617371649983859,False,0,B_DIP5_KEEP_5,KOSPI,-0.6134969325153339,-1.245910585885679
2026-09-28,025000,KPX케미칼,57700.0,54815.0,False,EXPIRED,,,,,,,,,,,,,,0.0,False,0.0,B_DIP5_KEEP_5,KOSPI,1.559792027729645,-1.245910585885679
2026-09-28,284740,쿠쿠홈시스,24300.0,23085.0,False,EXPIRED,,,,,,,,,,,,,,0.0,False,0.0,B_DIP5_KEEP_5,KOSPI,2.4691358024691468,-1.245910585885679
2026-09-29,031980,피에스케이홀딩스,180800.0,171760.0,False,EXPIRED,,,,,,,,,,,,,,0.0,False,0.0,B_DIP5_KEEP_5,KOSDAQ,12.831858407079654,5.72252294657567
2026-09-29,064760,티씨케이,300000.0,285000.0,True,FILLED,2026-10-07,285000.0,INTRADAY_LIMIT,5,276000.0,372000.0,OPEN,,,,,,100.0,0.0,False,0,B_DIP5_KEEP_5,KOSDAQ,-5.000000000000004,5.72252294657567
2026-09-29,101160,월덱스,32250.0,30637.5,False,EXPIRED,,,,,,,,,,,,,,0.0,False,0.0,B_DIP5_KEEP_5,KOSDAQ,-0.15503875968991832,5.72252294657567
2026-09-29,219130,타이거일렉,91000.0,86450.0,False,EXPIRED,,,,,,,,,,,,,,0.0,False,0.0,B_DIP5_KEEP_5,KOSDAQ,7.692307692307687,5.72252294657567
2026-09-29,252990,샘씨엔에스,19950.0,18952.5,True,FILLED,2026-10-07,18952.5,INTRADAY_LIMIT,5,18354.0,24738.0,OPEN,,,,,,100.0,0.5144440047487153,False,0,B_DIP5_KEEP_5,KOSDAQ,-4.511278195488721,5.72252294657567
2026-09-29,029460,케이씨,46250.0,43937.5,True,FILLED,2026-09-30,43937.5,INTRADAY_LIMIT,1,42550.0,57350.0,OPEN,,,,,,100.0,7.5391180654338585,False,0,B_DIP5_KEEP_5,KOSPI,2.1621621621621623,-0.9738298686763347
2026-09-30,036930,주성엔지니어링,232500.0,220875.0,False,NOT_REACHED,,,,,,,,,,,,,,0.0,False,0.0,B_DIP5_KEEP_5,KOSDAQ,6.451612903225801,4.967812036312225
2026-09-30,059090,미코,23200.0,22040.0,False,NOT_REACHED,,,,,,,,,,,,,,0.0,False,0.0,B_DIP5_KEEP_5,KOSDAQ,-1.5086206896551713,4.967812036312225
2026-09-30,078350,한양디지텍,31950.0,30352.5,False,NOT_REACHED,,,,,,,,,,,,,,0.0,False,0.0,B_DIP5_KEEP_5,KOSDAQ,13.928012519561817,4.967812036312225
2026-09-30,122640,예스티,33600.0,31920.0,True,FILLED,2026-10-07,31920.0,INTRADAY_LIMIT,4,30912.0,41664.0,OPEN,,,,,,100.0,-0.3759398496240629,False,0,B_DIP5_KEEP_5,KOSDAQ,-5.35714285714286,4.967812036312225
2026-09-30,001120,LX인터내셔널,43300.0,41135.0,False,NOT_REACHED,,,,,,,,,,,,,,0.0,False,0.0,B_DIP5_KEEP_5,KOSPI,1.501154734411081,-0.4992658715070486
2026-09-30,020000,한섬,21000.0,19950.0,False,NOT_REACHED,,,,,,,,,,,,,,0.0,False,0.0,B_DIP5_KEEP_5,KOSPI,3.3333333333333437,-0.4992658715070486
2026-09-30,306200,세아제강,153200.0,145540.0,False,NOT_REACHED,,,,,,,,,,,,,,0.0,False,0.0,B_DIP5_KEEP_5,KOSPI,-3.067885117493474,-0.4992658715070486
2026-10-02,005160,동국산업,3970.0,3771.5,False,NOT_REACHED,,,,,,,,,,,,,,0.0,False,0.0,B_DIP5_KEEP_5,KOSDAQ,-3.0226700251889116,0.5754010455730985
2026-10-02,036710,심텍홀딩스,4960.0,4712.0,False,NOT_REACHED,,,,,,,,,,,,,,0.0,False,0.0,B_DIP5_KEEP_5,KOSDAQ,2.4193548387096753,0.5754010455730985
2026-10-02,064290,인텍플러스,59100.0,56145.0,False,NOT_REACHED,,,,,,,,,,,,,,0.0,False,0.0,B_DIP5_KEEP_5,KOSDAQ,-1.0152284263959421,0.5754010455730985
2026-10-06,031980,피에스케이홀딩스,197000.0,187150.0,False,NOT_REACHED,,,,,,,,,,,,,,0.0,False,0.0,B_DIP5_KEEP_5,KOSDAQ,3.5532994923857864,-2.33607270197409
2026-10-06,091580,상신이디피,24850.0,23607.5,False,NOT_REACHED,,,,,,,,,,,,,,0.0,False,0.0,B_DIP5_KEEP_5,KOSDAQ,-1.2072434607645843,-2.33607270197409
2026-10-06,236200,슈프리마,60400.0,57380.0,True,FILLED,2026-10-07,57380.0,INTRADAY_LIMIT,1,55568.0,74896.0,CLOSED,,,2026-10-07,54800,STOP_LOSS,0.0,-4.496340188218895,False,-4.496340188218895,B_DIP5_KEEP_5,KOSDAQ,-9.27152317880795,-2.33607270197409
2026-10-06,006400,삼성SDI,575000.0,546250.0,False,NOT_REACHED,,,,,,,,,,,,,,0.0,False,0.0,B_DIP5_KEEP_5,KOSPI,-2.260869565217394,-1.980727203053001
2026-10-06,007660,이수페타시스,131900.0,125305.0,True,FILLED,2026-10-07,125305.0,INTRADAY_LIMIT,1,121348.0,163556.0,OPEN,,,,,,100.0,-2.6375643430030737,False,0,B_DIP5_KEEP_5,KOSPI,-7.505686125852917,-1.980727203053001
2026-10-06,192820,코스맥스,298000.0,283100.0,False,NOT_REACHED,,,,,,,,,,,,,,0.0,False,0.0,B_DIP5_KEEP_5,KOSPI,3.523489932885915,-1.980727203053001
2026-10-06,226320,잇츠한불,11260.0,10697.0,False,NOT_REACHED,,,,,,,,,,,,,,0.0,False,0.0,B_DIP5_KEEP_5,KOSPI,4.440497335701599,-1.980727203053001
2026-10-06,373220,LG에너지솔루션,390000.0,370500.0,False,NOT_REACHED,,,,,,,,,,,,,,0.0,False,0.0,B_DIP5_KEEP_5,KOSPI,0.2564102564102555,-1.980727203053001
2026-10-07,041960,코미팜,11000.0,10450.0,False,NO_FUTURE_BAR,,,,,,,,,,,,,,0.0,False,0.0,B_DIP5_KEEP_5,KOSDAQ,0.0,0.0
2026-10-07,131290,티에스이,316000.0,300200.0,False,NO_FUTURE_BAR,,,,,,,,,,,,,,0.0,False,0.0,B_DIP5_KEEP_5,KOSDAQ,0.0,0.0
2026-10-07,219130,타이거일렉,98000.0,93100.0,False,NO_FUTURE_BAR,,,,,,,,,,,,,,0.0,False,0.0,B_DIP5_KEEP_5,KOSDAQ,0.0,0.0
2026-10-07,002320,한진,16860.0,16017.0,False,NO_FUTURE_BAR,,,,,,,,,,,,,,0.0,False,0.0,B_DIP5_KEEP_5,KOSPI,0.0,0.0
2026-10-07,002960,한국쉘석유,541000.0,513950.0,False,NO_FUTURE_BAR,,,,,,,,,,,,,,0.0,False,0.0,B_DIP5_KEEP_5,KOSPI,0.0,0.0
2026-10-07,008930,한미사이언스,58100.0,55195.0,False,NO_FUTURE_BAR,,,,,,,,,,,,,,0.0,False,0.0,B_DIP5_KEEP_5,KOSPI,0.0,0.0
2026-10-07,078520,에이블씨엔씨,11880.0,11286.0,False,NO_FUTURE_BAR,,,,,,,,,,,,,,0.0,False,0.0,B_DIP5_KEEP_5,KOSPI,0.0,0.0
2026-10-07,383220,F&F,74100.0,70395.0,False,NO_FUTURE_BAR,,,,,,,,,,,,,,0.0,False,0.0,B_DIP5_KEEP_5,KOSPI,0.0,0.0
2026-08-24,002840,미원상사,131800.0,126528.0,False,EXPIRED,,,,,,,,,,,,,,0.0,False,0.0,B_DIP4_KEEP_1,KOSPI,5.993930197268593,1.5968439411314872
2026-08-24,028670,팬오션,6320.0,6067.2,False,EXPIRED,,,,,,,,,,,,,,0.0,False,0.0,B_DIP4_KEEP_1,KOSPI,-11.234177215189877,1.5968439411314872
2026-08-24,058650,세아홀딩스,132600.0,127296.0,False,EXPIRED,,,,,,,,,,,,,,0.0,False,0.0,B_DIP4_KEEP_1,KOSPI,-4.751131221719462,1.5968439411314872
2026-08-25,002310,아세아제지,8560.0,8217.6,False,EXPIRED,,,,,,,,,,,,,,0.0,False,0.0,B_DIP4_KEEP_1,KOSPI,-8.294392523364492,0.9070496563711394
2026-08-25,078930,GS,121800.0,116928.0,True,FILLED,2026-08-26,116928.0,INTRADAY_LIMIT,1,112056.0,151032.0,CLOSED,,,2026-09-16,112000,STOP_LOSS,0.0,-4.214559386973182,False,-4.214559386973182,B_DIP4_KEEP_1,KOSPI,-8.045977011494255,0.9070496563711394
2026-08-25,080580,오킨스전자,19400.0,18624.0,True,FILLED,2026-08-26,18624.0,INTRADAY_LIMIT,1,17848.0,24056.0,PARTIAL,2026-09-21,24056.0,,,,50.0,40.15786082474227,False,14.583333333333337,B_DIP4_KEEP_1,KOSDAQ,34.551546391752574,8.617542162848334
2026-08-25,090430,아모레퍼시픽,143300.0,137568.0,False,EXPIRED,,,,,,,,,,,,,,0.0,False,0.0,B_DIP4_KEEP_1,KOSPI,-3.3496161898115884,0.9070496563711394
2026-08-25,122900,아이마켓코리아,8350.0,8016.0,False,EXPIRED,,,,,,,,,,,,,,0.0,False,0.0,B_DIP4_KEEP_1,KOSPI,-1.4371257485029987,0.9070496563711394
2026-08-25,123330,제닉,32200.0,30912.0,False,EXPIRED,,,,,,,,,,,,,,0.0,False,0.0,B_DIP4_KEEP_1,KOSDAQ,-11.956521739130432,8.617542162848334
2026-08-25,161890,한국콜마,150000.0,144000.0,False,EXPIRED,,,,,,,,,,,,,,0.0,False,0.0,B_DIP4_KEEP_1,KOSPI,-8.533333333333337,0.9070496563711394
2026-08-25,257720,실리콘투,51900.0,49824.0,False,EXPIRED,,,,,,,,,,,,,,0.0,False,0.0,B_DIP4_KEEP_1,KOSDAQ,-9.152215799614638,8.617542162848334
2026-08-25,278470,에이피알,440500.0,422880.0,False,EXPIRED,,,,,,,,,,,,,,0.0,False,0.0,B_DIP4_KEEP_1,KOSPI,-10.556186152099889,0.9070496563711394
2026-08-25,280360,롯데웰푸드,135200.0,129792.0,False,EXPIRED,,,,,,,,,,,,,,0.0,False,0.0,B_DIP4_KEEP_1,KOSPI,-8.357988165680474,0.9070496563711394
2026-08-26,000815,삼성화재우,425000.0,408000.0,False,EXPIRED,,,,,,,,,,,,,,0.0,False,0.0,B_DIP4_KEEP_1,KOSPI,-7.9999999999999964,-0.06330592035205251
2026-08-26,003230,삼양식품,1507000.0,1446720.0,False,EXPIRED,,,,,,,,,,,,,,0.0,False,0.0,B_DIP4_KEEP_1,KOSPI,-11.745189117451893,-0.06330592035205251
2026-08-26,003300,한일홀딩스,18350.0,17616.0,False,EXPIRED,,,,,,,,,,,,,,0.0,False,0.0,B_DIP4_KEEP_1,KOSPI,-6.975476839237061,-0.06330592035205251
2026-08-26,004490,세방전지,59800.0,57408.0,False,EXPIRED,,,,,,,,,,,,,,0.0,False,0.0,B_DIP4_KEEP_1,KOSPI,4.849498327759205,-0.06330592035205251
2026-08-26,006360,GS건설,37800.0,36288.0,False,EXPIRED,,,,,,,,,,,,,,0.0,False,0.0,B_DIP4_KEEP_1,KOSPI,-11.904761904761907,-0.06330592035205251
2026-08-26,017940,E1,97700.0,93792.0,False,EXPIRED,,,,,,,,,,,,,,0.0,False,0.0,B_DIP4_KEEP_1,KOSPI,-9.621289662231325,-0.06330592035205251
2026-08-27,006400,삼성SDI,569000.0,546240.0,False,EXPIRED,,,,,,,,,,,,,,0.0,False,0.0,B_DIP4_KEEP_1,KOSPI,-8.435852372583474,-1.5692157682531516
2026-08-27,012750,에스원,85500.0,82080.0,True,FILLED,2026-08-28,82080.0,INTRADAY_LIMIT,1,78660.0,106020.0,OPEN,,,,,,100.0,2.0955165692007727,False,0,B_DIP4_KEEP_1,KOSPI,-1.9883040935672502,-1.5692157682531516
2026-08-27,029460,케이씨,38650.0,37104.0,True,FILLED,2026-08-28,37104.0,INTRADAY_LIMIT,1,35558.0,47926.0,OPEN,,,,,,100.0,27.34476067270375,False,0,B_DIP4_KEEP_1,KOSPI,22.25097024579561,-1.5692157682531516
2026-08-27,183190,아세아시멘트,10550.0,10128.0,False,EXPIRED,,,,,,,,,,,,,,0.0,False,0.0,B_DIP4_KEEP_1,KOSPI,-5.592417061611377,-1.5692157682531516
2026-08-27,222800,심텍,126900.0,121824.0,True,FILLED,2026-08-28,121824.0,INTRADAY_LIMIT,1,116748.0,157356.0,PARTIAL,2026-10-01,157356.0,,,,50.0,34.520291568163906,False,14.583333333333337,B_DIP4_KEEP_1,KOSDAQ,29.139479905437348,7.256013848265974
2026-08-28,035600,KG이니시스,10640.0,10214.4,False,EXPIRED,,,,,,,,,,,,,,0.0,False,0.0,B_DIP4_KEEP_1,KOSDAQ,-8.176691729323304,7.158788659486404
2026-08-28,096530,씨젠,35650.0,34224.0,True,FILLED,2026-08-31,34224.0,INTRADAY_LIMIT,1,32798.0,44206.0,CLOSED,,,2026-09-02,32100,STOP_LOSS,0.0,-6.206171107994384,False,-6.206171107994384,B_DIP4_KEEP_1,KOSDAQ,-9.957924263674611,7.158788659486404
2026-08-28,204620,글로벌텍스프리,5960.0,5721.599999999999,True,FILLED,2026-08-31,5721.599999999999,INTRADAY_LIMIT,1,5483.2,7390.400000000001,CLOSED,,,2026-09-03,5370,STOP_LOSS,0.0,-6.14513422818791,False,-6.14513422818791,B_DIP4_KEEP_1,KOSDAQ,-9.899328859060407,7.158788659486404
2026-08-28,002790,아모레퍼시픽홀딩스,28000.0,26880.0,False,EXPIRED,,,,,,,,,,,,,,0.0,False,0.0,B_DIP4_KEEP_1,KOSPI,-8.92857142857143,0.22124415220183824
2026-08-28,025000,KPX케미칼,55800.0,53568.0,False,EXPIRED,,,,,,,,,,,,,,0.0,False,0.0,B_DIP4_KEEP_1,KOSPI,5.017921146953408,0.22124415220183824
2026-08-28,044820,코스맥스비티아이,26800.0,25728.0,False,EXPIRED,,,,,,,,,,,,,,0.0,False,0.0,B_DIP4_KEEP_1,KOSPI,-8.208955223880599,0.22124415220183824
2026-08-28,088350,한화생명,5950.0,5712.0,False,EXPIRED,,,,,,,,,,,,,,0.0,False,0.0,B_DIP4_KEEP_1,KOSPI,-10.420168067226887,0.22124415220183824
2026-08-28,090430,아모레퍼시픽,150600.0,144576.0,False,EXPIRED,,,,,,,,,,,,,,0.0,False,0.0,B_DIP4_KEEP_1,KOSPI,-8.16733067729084,0.22124415220183824
2026-08-28,104700,한국철강,10120.0,9715.199999999999,False,EXPIRED,,,,,,,,,,,,,,0.0,False,0.0,B_DIP4_KEEP_1,KOSPI,-8.00395256916996,0.22124415220183824
2026-08-28,161890,한국콜마,161700.0,155232.0,False,EXPIRED,,,,,,,,,,,,,,0.0,False,0.0,B_DIP4_KEEP_1,KOSPI,-9.83302411873841,0.22124415220183824
2026-08-28,192820,코스맥스,303000.0,290880.0,False,EXPIRED,,,,,,,,,,,,,,0.0,False,0.0,B_DIP4_KEEP_1,KOSPI,-8.085808580858089,0.22124415220183824
2026-08-28,278470,에이피알,461500.0,443040.0,False,EXPIRED,,,,,,,,,,,,,,0.0,False,0.0,B_DIP4_KEEP_1,KOSPI,-9.209100758396538,0.22124415220183824
2026-08-28,300720,한일시멘트,16950.0,16272.0,False,EXPIRED,,,,,,,,,,,,,,0.0,False,0.0,B_DIP4_KEEP_1,KOSPI,-4.542772861356936,0.22124415220183824
2026-08-31,068930,디지털대성,8660.0,8313.6,False,EXPIRED,,,,,,,,,,,,,,0.0,False,0.0,B_DIP4_KEEP_1,KOSDAQ,6.235565819861422,7.687974205611958
2026-08-31,353810,이지바이오,6830.0,6556.8,False,EXPIRED,,,,,,,,,,,,,,0.0,False,0.0,B_DIP4_KEEP_1,KOSDAQ,-9.809663250366029,7.687974205611958
2026-08-31,014820,동원시스템즈,23200.0,22272.0,False,EXPIRED,,,,,,,,,,,,,,0.0,False,0.0,B_DIP4_KEEP_1,KOSPI,-8.405172413793105,-0.2363629432171832
2026-08-31,086790,하나금융지주,136300.0,130848.0,False,EXPIRED,,,,,,,,,,,,,,0.0,False,0.0,B_DIP4_KEEP_1,KOSPI,-5.4292002934702825,-0.2363629432171832
2026-08-31,123890,한국자산신탁,2640.0,2534.4,False,EXPIRED,,,,,,,,,,,,,,0.0,False,0.0,B_DIP4_KEEP_1,KOSPI,-8.143939393939393,-0.2363629432171832
2026-08-31,373220,LG에너지솔루션,378000.0,362880.0,False,EXPIRED,,,,,,,,,,,,,,0.0,False,0.0,B_DIP4_KEEP_1,KOSPI,-8.06878306878307,-0.2363629432171832
2026-09-01,001060,JW중외제약,29000.0,27840.0,True,FILLED,2026-09-02,27840.0,INTRADAY_LIMIT,1,26680.0,35960.0,CLOSED,,,2026-09-11,26400,STOP_LOSS_GAP,0.0,-5.1724137931034475,False,-5.1724137931034475,B_DIP4_KEEP_1,KOSPI,-8.965517241379306,-0.46666081512040103
2026-09-01,089860,롯데렌탈,51400.0,49344.0,False,EXPIRED,,,,,,,,,,,,,,0.0,False,0.0,B_DIP4_KEEP_1,KOSPI,-0.1945525291828787,-0.46666081512040103
2026-09-01,126560,현대퓨처넷,3425.0,3288.0,False,EXPIRED,,,,,,,,,,,,,,0.0,False,0.0,B_DIP4_KEEP_1,KOSPI,-1.4598540145985384,-0.46666081512040103
2026-09-02,159010,아스플로,24100.0,23136.0,False,EXPIRED,,,,,,,,,,,,,,0.0,False,0.0,B_DIP4_KEEP_1,KOSDAQ,-8.713692946058094,11.747804671758
2026-09-02,377450,리파인,16800.0,16128.0,False,EXPIRED,,,,,,,,,,,,,,0.0,False,0.0,B_DIP4_KEEP_1,KOSDAQ,-15.17857142857143,11.747804671758
2026-09-02,180640,한진칼,139100.0,133536.0,True,FILLED,2026-09-03,133536.0,INTRADAY_LIMIT,1,127972.0,172484.0,OPEN,,,,,,100.0,0.2725856697819218,False,0,B_DIP4_KEEP_1,KOSPI,-3.738317757009346,3.675000609503365
2026-09-03,008930,한미사이언스,51500.0,49440.0,False,EXPIRED,,,,,,,,,,,,,,0.0,False,0.0,B_DIP4_KEEP_1,KOSPI,12.815533980582527,3.4109078529002357
2026-09-03,088350,한화생명,6110.0,5865.599999999999,True,FILLED,2026-09-04,5865.599999999999,INTRADAY_LIMIT,1,5621.2,7576.400000000001,CLOSED,,,2026-09-30,5330,STOP_LOSS,0.0,-9.131205673758858,False,-9.131205673758858,B_DIP4_KEEP_1,KOSPI,-12.765957446808507,3.4109078529002357
2026-09-03,145990,삼양사,47400.0,45504.0,False,EXPIRED,,,,,,,,,,,,,,0.0,False,0.0,B_DIP4_KEEP_1,KOSPI,-2.742616033755274,3.4109078529002357
2026-09-03,306200,세아제강,147500.0,141600.0,False,EXPIRED,,,,,,,,,,,,,,0.0,False,0.0,B_DIP4_KEEP_1,KOSPI,0.6779661016949046,3.4109078529002357
2026-09-04,031980,피에스케이홀딩스,144000.0,138240.0,False,EXPIRED,,,,,,,,,,,,,,0.0,False,0.0,B_DIP4_KEEP_1,KOSDAQ,32.833333333333336,10.440073755377988
2026-09-04,049430,코메론,22450.0,21552.0,True,FILLED,2026-09-07,21552.0,INTRADAY_LIMIT,1,20654.0,27838.0,OPEN,,,,,,100.0,1.6146993318485459,False,0,B_DIP4_KEEP_1,KOSDAQ,-2.4498886414253906,10.440073755377988
2026-09-04,064290,인텍플러스,40150.0,38544.0,False,EXPIRED,,,,,,,,,,,,,,0.0,False,0.0,B_DIP4_KEEP_1,KOSDAQ,34.85180572851806,10.440073755377988
2026-09-04,377450,리파인,16960.0,16281.599999999999,False,EXPIRED,,,,,,,,,,,,,,0.0,False,0.0,B_DIP4_KEEP_1,KOSDAQ,-15.978773584905658,10.440073755377988
2026-09-04,002310,아세아제지,8840.0,8486.4,False,EXPIRED,,,,,,,,,,,,,,0.0,False,0.0,B_DIP4_KEEP_1,KOSPI,-9.954751131221718,1.7449728661130592
2026-09-04,004690,삼천리,136700.0,131232.0,False,EXPIRED,,,,,,,,,,,,,,0.0,False,0.0,B_DIP4_KEEP_1,KOSPI,-6.144842721287491,1.7449728661130592
2026-09-04,180640,한진칼,146000.0,140160.0,True,FILLED,2026-09-07,140160.0,INTRADAY_LIMIT,1,134320.0,181040.0,CLOSED,,,2026-09-11,131700,STOP_LOSS_GAP,0.0,-6.0359589041095845,False,-6.0359589041095845,B_DIP4_KEEP_1,KOSPI,-9.794520547945208,1.7449728661130592
2026-09-04,272450,진에어,6140.0,5894.4,False,EXPIRED,,,,,,,,,,,,,,0.0,False,0.0,B_DIP4_KEEP_1,KOSPI,-5.048859934853422,1.7449728661130592
2026-09-07,064760,티씨케이,268500.0,257760.0,False,EXPIRED,,,,,,,,,,,,,,0.0,False,0.0,B_DIP4_KEEP_1,KOSDAQ,6.145251396648055,9.272795825782353
2026-09-07,131290,티에스이,261500.0,251040.0,False,EXPIRED,,,,,,,,,,,,,,0.0,False,0.0,B_DIP4_KEEP_1,KOSDAQ,-9.751434034416828,9.272795825782353
2026-09-08,241770,메카로,42350.0,40656.0,False,EXPIRED,,,,,,,,,,,,,,0.0,False,0.0,B_DIP4_KEEP_1,KOSDAQ,-8.500590318772138,10.66044242991575
2026-09-09,00088K,한화3우B,43600.0,41856.0,True,FILLED,2026-09-10,41856.0,INTRADAY_LIMIT,1,40112.0,54064.0,CLOSED,,,2026-09-21,39600,STOP_LOSS,0.0,-5.389908256880737,False,-5.389908256880737,B_DIP4_KEEP_1,KOSPI,-9.174311926605505,-3.5132252922724483
2026-09-09,012630,HDC,24700.0,23712.0,False,EXPIRED,,,,,,,,,,,,,,0.0,False,0.0,B_DIP4_KEEP_1,KOSPI,-8.502024291497978,-3.5132252922724483
2026-09-09,020120,키다리스튜디오,7960.0,7641.599999999999,False,EXPIRED,,,,,,,,,,,,,,0.0,False,0.0,B_DIP4_KEEP_1,KOSPI,-10.301507537688437,-3.5132252922724483
2026-09-09,096770,SK이노베이션,153500.0,147360.0,False,EXPIRED,,,,,,,,,,,,,,0.0,False,0.0,B_DIP4_KEEP_1,KOSPI,-10.94462540716612,-3.5132252922724483
2026-09-10,078340,컴투스,34850.0,33456.0,False,EXPIRED,,,,,,,,,,,,,,0.0,False,0.0,B_DIP4_KEEP_1,KOSDAQ,5.882352941176472,7.349567461645079
2026-09-10,425420,티에프이,58900.0,56544.0,True,FILLED,2026-09-11,56544.0,INTRADAY_LIMIT,1,54188.0,73036.0,CLOSED,,,2026-09-14,53300,STOP_LOSS_GAP,0.0,-5.737125070741367,False,-5.737125070741367,B_DIP4_KEEP_1,KOSDAQ,-9.507640067911716,7.349567461645079
2026-09-10,004690,삼천리,138000.0,132480.0,False,EXPIRED,,,,,,,,,,,,,,0.0,False,0.0,B_DIP4_KEEP_1,KOSPI,-7.028985507246377,-3.2701537691642857
2026-09-10,018670,SK가스,252000.0,241920.0,False,EXPIRED,,,,,,,,,,,,,,0.0,False,0.0,B_DIP4_KEEP_1,KOSPI,7.341269841269837,-3.2701537691642857
2026-09-11,005090,SGC에너지,61200.0,58752.0,True,FILLED,2026-09-14,58752.0,INTRADAY_LIMIT,1,56304.0,75888.0,CLOSED,,,2026-09-15,55300,STOP_LOSS,0.0,-5.875544662309373,False,-5.875544662309373,B_DIP4_KEEP_1,KOSPI,-9.640522875816993,-1.5341733828660553
2026-09-11,030210,다올투자증권,4050.0,3888.0,False,EXPIRED,,,,,,,,,,,,,,0.0,False,0.0,B_DIP4_KEEP_1,KOSPI,-2.0987654320987703,-1.5341733828660553
2026-09-11,294870,IPARK현대산업개발,24850.0,23856.0,False,EXPIRED,,,,,,,,,,,,,,0.0,False,0.0,B_DIP4_KEEP_1,KOSPI,-8.853118712273645,-1.5341733828660553
2026-09-14,068930,디지털대성,8850.0,8496.0,False,EXPIRED,,,,,,,,,,,,,,0.0,False,0.0,B_DIP4_KEEP_1,KOSDAQ,3.9548022598870025,11.358593933985306
2026-09-14,377450,리파인,17160.0,16473.6,True,FILLED,2026-09-15,16473.6,INTRADAY_LIMIT,1,15787.2,21278.399999999998,CLOSED,,,2026-09-15,14250,STOP_LOSS,0.0,-13.49796037296036,False,-13.49796037296036,B_DIP4_KEEP_1,KOSDAQ,-16.95804195804196,11.358593933985306
2026-09-14,094800,맵스리얼티,7420.0,7123.2,False,EXPIRED,,,,,,,,,,,,,,0.0,False,0.0,B_DIP4_KEEP_1,KOSPI,1.0781671159029615,1.7882014310997008
2026-09-15,028100,동아지질,18690.0,17942.399999999998,False,EXPIRED,,,,,,,,,,,,,,0.0,False,0.0,B_DIP4_KEEP_1,KOSPI,5.7784911717496,2.6653549128900833
2026-09-15,453340,현대그린푸드,19400.0,18624.0,False,EXPIRED,,,,,,,,,,,,,,0.0,False,0.0,B_DIP4_KEEP_1,KOSPI,-2.1134020618556737,2.6653549128900833
2026-09-16,219130,타이거일렉,74800.0,71808.0,True,FILLED,2026-09-17,71800,OPEN_BETTER_THAN_LIMIT,1,68816.0,92752.0,PARTIAL,2026-09-30,92752.0,,,,50.0,32.835654596100284,False,14.590529247910865,B_DIP4_KEEP_1,KOSDAQ,27.508021390374328,10.104414323880473
2026-09-16,001120,LX인터내셔널,41650.0,39984.0,False,EXPIRED,,,,,,,,,,,,,,0.0,False,0.0,B_DIP4_KEEP_1,KOSPI,5.522208883553414,1.2791066348911917
2026-09-18,045100,한양이엔지,32100.0,30816.0,False,EXPIRED,,,,,,,,,,,,,,0.0,False,0.0,B_DIP4_KEEP_1,KOSDAQ,4.672897196261672,8.621481768062678
2026-09-18,013580,계룡건설,23500.0,22560.0,False,EXPIRED,,,,,,,,,,,,,,0.0,False,0.0,B_DIP4_KEEP_1,KOSPI,-8.723404255319146,-1.3102260876123983
2026-09-21,098120,마이크로컨텍솔,57600.0,55296.0,False,EXPIRED,,,,,,,,,,,,,,0.0,False,0.0,B_DIP4_KEEP_1,KOSDAQ,5.034722222222232,7.433006086550997
2026-09-21,252990,샘씨엔에스,18090.0,17366.399999999998,True,FILLED,2026-09-22,17366.399999999998,INTRADAY_LIMIT,1,16642.8,22431.600000000002,OPEN,,,,,,100.0,9.69458264234384,False,0,B_DIP4_KEEP_1,KOSDAQ,5.306799336650081,7.433006086550997
2026-09-21,000430,대원강업,5040.0,4838.4,False,EXPIRED,,,,,,,,,,,,,,0.0,False,0.0,B_DIP4_KEEP_1,KOSPI,-9.126984126984128,-2.90850661841513
2026-09-21,003160,디아이,35400.0,33984.0,False,EXPIRED,,,,,,,,,,,,,,0.0,False,0.0,B_DIP4_KEEP_1,KOSPI,20.6864406779661,-2.90850661841513
2026-09-21,029460,케이씨,44600.0,42816.0,True,FILLED,2026-09-22,42816.0,INTRADAY_LIMIT,1,41032.0,55304.0,OPEN,,,,,,100.0,10.355941704035864,False,0,B_DIP4_KEEP_1,KOSPI,5.94170403587444,-2.90850661841513
2026-09-22,059090,미코,22600.0,21696.0,False,EXPIRED,,,,,,,,,,,,,,0.0,False,0.0,B_DIP4_KEEP_1,KOSDAQ,1.106194690265494,7.676358493731872
2026-09-22,095340,ISC,208000.0,199680.0,False,EXPIRED,,,,,,,,,,,,,,0.0,False,0.0,B_DIP4_KEEP_1,KOSDAQ,-2.644230769230771,7.676358493731872
2026-09-22,222800,심텍,148100.0,142176.0,False,EXPIRED,,,,,,,,,,,,,,0.0,False,0.0,B_DIP4_KEEP_1,KOSDAQ,15.057393652937211,7.676358493731872
2026-09-22,425420,티에프이,64400.0,61824.0,False,EXPIRED,,,,,,,,,,,,,,0.0,False,0.0,B_DIP4_KEEP_1,KOSDAQ,0.6211180124223503,7.676358493731872
2026-09-22,003490,대한항공,31400.0,30144.0,False,EXPIRED,,,,,,,,,,,,,,0.0,False,0.0,B_DIP4_KEEP_1,KOSPI,-1.7515923566879033,-3.0494833932039667
2026-09-22,020560,아시아나항공,8370.0,8035.2,False,EXPIRED,,,,,,,,,,,,,,0.0,False,0.0,B_DIP4_KEEP_1,KOSPI,-1.5531660692950977,-3.0494833932039667
2026-09-23,017890,한국알콜,15390.0,14774.4,False,EXPIRED,,,,,,,,,,,,,,0.0,False,0.0,B_DIP4_KEEP_1,KOSDAQ,4.483430799220267,6.388546798029537
2026-09-23,084370,유진테크,163600.0,157056.0,True,FILLED,2026-09-28,157056.0,INTRADAY_LIMIT,1,150512.0,202864.0,OPEN,,,,,,100.0,7.604930725346382,False,0,B_DIP4_KEEP_1,KOSDAQ,3.3007334963325086,6.388546798029537
2026-09-23,114810,한솔아이원스,14770.0,14179.199999999999,False,EXPIRED,,,,,,,,,,,,,,0.0,False,0.0,B_DIP4_KEEP_1,KOSDAQ,-0.9478672985781977,6.388546798029537
2026-09-23,417840,저스템,17080.0,16396.8,False,EXPIRED,,,,,,,,,,,,,,0.0,False,0.0,B_DIP4_KEEP_1,KOSDAQ,10.070257611241207,6.388546798029537
2026-09-23,446540,메가터치,10900.0,10464.0,True,FILLED,2026-09-28,10464.0,INTRADAY_LIMIT,1,10028.0,13516.0,OPEN,,,,,,100.0,5.026758409785925,False,0,B_DIP4_KEEP_1,KOSDAQ,0.8256880733944927,6.388546798029537
2026-09-23,006120,SK디스커버리,60300.0,57888.0,False,EXPIRED,,,,,,,,,,,,,,0.0,False,0.0,B_DIP4_KEEP_1,KOSPI,19.237147595356554,-3.91220349898036
2026-09-23,010955,S-Oil우,84000.0,80640.0,False,EXPIRED,,,,,,,,,,,,,,0.0,False,0.0,B_DIP4_KEEP_1,KOSPI,7.499999999999996,-3.91220349898036
2026-09-28,009240,한샘,40750.0,39120.0,False,EXPIRED,,,,,,,,,,,,,,0.0,False,0.0,B_DIP4_KEEP_1,KOSPI,-0.6134969325153339,-1.245910585885679
2026-09-28,025000,KPX케미칼,57700.0,55392.0,False,EXPIRED,,,,,,,,,,,,,,0.0,False,0.0,B_DIP4_KEEP_1,KOSPI,1.559792027729645,-1.245910585885679
2026-09-28,284740,쿠쿠홈시스,24300.0,23328.0,False,EXPIRED,,,,,,,,,,,,,,0.0,False,0.0,B_DIP4_KEEP_1,KOSPI,2.4691358024691468,-1.245910585885679
2026-09-29,031980,피에스케이홀딩스,180800.0,173568.0,False,EXPIRED,,,,,,,,,,,,,,0.0,False,0.0,B_DIP4_KEEP_1,KOSDAQ,12.831858407079654,5.72252294657567
2026-09-29,064760,티씨케이,300000.0,288000.0,False,EXPIRED,,,,,,,,,,,,,,0.0,False,0.0,B_DIP4_KEEP_1,KOSDAQ,-5.000000000000004,5.72252294657567
2026-09-29,101160,월덱스,32250.0,30960.0,False,EXPIRED,,,,,,,,,,,,,,0.0,False,0.0,B_DIP4_KEEP_1,KOSDAQ,-0.15503875968991832,5.72252294657567
2026-09-29,219130,타이거일렉,91000.0,87360.0,False,EXPIRED,,,,,,,,,,,,,,0.0,False,0.0,B_DIP4_KEEP_1,KOSDAQ,7.692307692307687,5.72252294657567
2026-09-29,252990,샘씨엔에스,19950.0,19152.0,False,EXPIRED,,,,,,,,,,,,,,0.0,False,0.0,B_DIP4_KEEP_1,KOSDAQ,-4.511278195488721,5.72252294657567
2026-09-29,029460,케이씨,46250.0,44400.0,True,FILLED,2026-09-30,44400.0,INTRADAY_LIMIT,1,42550.0,57350.0,OPEN,,,,,,100.0,6.4189189189189255,False,0,B_DIP4_KEEP_1,KOSPI,2.1621621621621623,-0.9738298686763347
2026-09-30,036930,주성엔지니어링,232500.0,223200.0,False,EXPIRED,,,,,,,,,,,,,,0.0,False,0.0,B_DIP4_KEEP_1,KOSDAQ,6.451612903225801,4.967812036312225
2026-09-30,059090,미코,23200.0,22272.0,False,EXPIRED,,,,,,,,,,,,,,0.0,False,0.0,B_DIP4_KEEP_1,KOSDAQ,-1.5086206896551713,4.967812036312225
2026-09-30,078350,한양디지텍,31950.0,30672.0,False,EXPIRED,,,,,,,,,,,,,,0.0,False,0.0,B_DIP4_KEEP_1,KOSDAQ,13.928012519561817,4.967812036312225
2026-09-30,122640,예스티,33600.0,32256.0,False,EXPIRED,,,,,,,,,,,,,,0.0,False,0.0,B_DIP4_KEEP_1,KOSDAQ,-5.35714285714286,4.967812036312225
2026-09-30,001120,LX인터내셔널,43300.0,41568.0,False,EXPIRED,,,,,,,,,,,,,,0.0,False,0.0,B_DIP4_KEEP_1,KOSPI,1.501154734411081,-0.4992658715070486
2026-09-30,020000,한섬,21000.0,20160.0,False,EXPIRED,,,,,,,,,,,,,,0.0,False,0.0,B_DIP4_KEEP_1,KOSPI,3.3333333333333437,-0.4992658715070486
2026-09-30,306200,세아제강,153200.0,147072.0,False,EXPIRED,,,,,,,,,,,,,,0.0,False,0.0,B_DIP4_KEEP_1,KOSPI,-3.067885117493474,-0.4992658715070486
2026-10-02,005160,동국산업,3970.0,3811.2,False,EXPIRED,,,,,,,,,,,,,,0.0,False,0.0,B_DIP4_KEEP_1,KOSDAQ,-3.0226700251889116,0.5754010455730985
2026-10-02,036710,심텍홀딩스,4960.0,4761.599999999999,False,EXPIRED,,,,,,,,,,,,,,0.0,False,0.0,B_DIP4_KEEP_1,KOSDAQ,2.4193548387096753,0.5754010455730985
2026-10-02,064290,인텍플러스,59100.0,56736.0,False,EXPIRED,,,,,,,,,,,,,,0.0,False,0.0,B_DIP4_KEEP_1,KOSDAQ,-1.0152284263959421,0.5754010455730985
2026-10-06,031980,피에스케이홀딩스,197000.0,189120.0,True,FILLED,2026-10-07,189120.0,INTRADAY_LIMIT,1,181240.0,244280.0,OPEN,,,,,,100.0,7.868020304568524,False,0,B_DIP4_KEEP_1,KOSDAQ,3.5532994923857864,-2.33607270197409
2026-10-06,091580,상신이디피,24850.0,23856.0,False,EXPIRED,,,,,,,,,,,,,,0.0,False,0.0,B_DIP4_KEEP_1,KOSDAQ,-1.2072434607645843,-2.33607270197409
2026-10-06,236200,슈프리마,60400.0,57984.0,True,FILLED,2026-10-07,57984.0,INTRADAY_LIMIT,1,55568.0,74896.0,CLOSED,,,2026-10-07,54800,STOP_LOSS,0.0,-5.491169977924947,False,-5.491169977924947,B_DIP4_KEEP_1,KOSDAQ,-9.27152317880795,-2.33607270197409
2026-10-06,006400,삼성SDI,575000.0,552000.0,False,EXPIRED,,,,,,,,,,,,,,0.0,False,0.0,B_DIP4_KEEP_1,KOSPI,-2.260869565217394,-1.980727203053001
2026-10-06,007660,이수페타시스,131900.0,126624.0,True,FILLED,2026-10-07,126624.0,INTRADAY_LIMIT,1,121348.0,163556.0,OPEN,,,,,,100.0,-3.6517563810967935,False,0,B_DIP4_KEEP_1,KOSPI,-7.505686125852917,-1.980727203053001
2026-10-06,192820,코스맥스,298000.0,286080.0,False,EXPIRED,,,,,,,,,,,,,,0.0,False,0.0,B_DIP4_KEEP_1,KOSPI,3.523489932885915,-1.980727203053001
2026-10-06,226320,잇츠한불,11260.0,10809.6,False,EXPIRED,,,,,,,,,,,,,,0.0,False,0.0,B_DIP4_KEEP_1,KOSPI,4.440497335701599,-1.980727203053001
2026-10-06,373220,LG에너지솔루션,390000.0,374400.0,False,EXPIRED,,,,,,,,,,,,,,0.0,False,0.0,B_DIP4_KEEP_1,KOSPI,0.2564102564102555,-1.980727203053001
2026-10-07,041960,코미팜,11000.0,10560.0,False,NO_FUTURE_BAR,,,,,,,,,,,,,,0.0,False,0.0,B_DIP4_KEEP_1,KOSDAQ,0.0,0.0
2026-10-07,131290,티에스이,316000.0,303360.0,False,NO_FUTURE_BAR,,,,,,,,,,,,,,0.0,False,0.0,B_DIP4_KEEP_1,KOSDAQ,0.0,0.0
2026-10-07,219130,타이거일렉,98000.0,94080.0,False,NO_FUTURE_BAR,,,,,,,,,,,,,,0.0,False,0.0,B_DIP4_KEEP_1,KOSDAQ,0.0,0.0
2026-10-07,002320,한진,16860.0,16185.599999999999,False,NO_FUTURE_BAR,,,,,,,,,,,,,,0.0,False,0.0,B_DIP4_KEEP_1,KOSPI,0.0,0.0
2026-10-07,002960,한국쉘석유,541000.0,519360.0,False,NO_FUTURE_BAR,,,,,,,,,,,,,,0.0,False,0.0,B_DIP4_KEEP_1,KOSPI,0.0,0.0
2026-10-07,008930,한미사이언스,58100.0,55776.0,False,NO_FUTURE_BAR,,,,,,,,,,,,,,0.0,False,0.0,B_DIP4_KEEP_1,KOSPI,0.0,0.0
2026-10-07,078520,에이블씨엔씨,11880.0,11404.8,False,NO_FUTURE_BAR,,,,,,,,,,,,,,0.0,False,0.0,B_DIP4_KEEP_1,KOSPI,0.0,0.0
2026-10-07,383220,F&F,74100.0,71136.0,False,NO_FUTURE_BAR,,,,,,,,,,,,,,0.0,False,0.0,B_DIP4_KEEP_1,KOSPI,0.0,0.0
2026-08-24,002840,미원상사,131800.0,126528.0,False,EXPIRED,,,,,,,,,,,,,,0.0,False,0.0,B_DIP4_KEEP_3,KOSPI,5.993930197268593,1.5968439411314872
2026-08-24,028670,팬오션,6320.0,6067.2,True,FILLED,2026-08-26,6067.2,INTRADAY_LIMIT,2,5814.400000000001,7836.799999999998,CLOSED,,,2026-08-26,5610,STOP_LOSS,0.0,-7.535601265822778,False,-7.535601265822778,B_DIP4_KEEP_3,KOSPI,-11.234177215189877,1.5968439411314872
2026-08-24,058650,세아홀딩스,132600.0,127296.0,False,EXPIRED,,,,,,,,,,,,,,0.0,False,0.0,B_DIP4_KEEP_3,KOSPI,-4.751131221719462,1.5968439411314872
2026-08-25,002310,아세아제지,8560.0,8217.6,True,FILLED,2026-08-27,8217.6,INTRADAY_LIMIT,2,7875.200000000001,10614.399999999998,CLOSED,,,2026-09-30,7850,STOP_LOSS,0.0,-4.473325545171347,False,-4.473325545171347,B_DIP4_KEEP_3,KOSPI,-8.294392523364492,0.9070496563711394
2026-08-25,078930,GS,121800.0,116928.0,True,FILLED,2026-08-26,116928.0,INTRADAY_LIMIT,1,112056.0,151032.0,CLOSED,,,2026-09-16,112000,STOP_LOSS,0.0,-4.214559386973182,False,-4.214559386973182,B_DIP4_KEEP_3,KOSPI,-8.045977011494255,0.9070496563711394
2026-08-25,080580,오킨스전자,19400.0,18624.0,True,FILLED,2026-08-26,18624.0,INTRADAY_LIMIT,1,17848.0,24056.0,PARTIAL,2026-09-21,24056.0,,,,50.0,40.15786082474227,False,14.583333333333337,B_DIP4_KEEP_3,KOSDAQ,34.551546391752574,8.617542162848334
2026-08-25,090430,아모레퍼시픽,143300.0,137568.0,False,EXPIRED,,,,,,,,,,,,,,0.0,False,0.0,B_DIP4_KEEP_3,KOSPI,-3.3496161898115884,0.9070496563711394
2026-08-25,122900,아이마켓코리아,8350.0,8016.0,False,EXPIRED,,,,,,,,,,,,,,0.0,False,0.0,B_DIP4_KEEP_3,KOSPI,-1.4371257485029987,0.9070496563711394
2026-08-25,123330,제닉,32200.0,30912.0,False,EXPIRED,,,,,,,,,,,,,,0.0,False,0.0,B_DIP4_KEEP_3,KOSDAQ,-11.956521739130432,8.617542162848334
2026-08-25,161890,한국콜마,150000.0,144000.0,True,FILLED,2026-08-27,144000.0,INTRADAY_LIMIT,2,138000.0,186000.0,CLOSED,,,2026-09-11,137200,STOP_LOSS_GAP,0.0,-4.722222222222228,False,-4.722222222222228,B_DIP4_KEEP_3,KOSPI,-8.533333333333337,0.9070496563711394
2026-08-25,257720,실리콘투,51900.0,49824.0,True,FILLED,2026-08-27,48250,OPEN_BETTER_THAN_LIMIT,2,47748.0,64356.0,CLOSED,,,2026-09-07,47150,STOP_LOSS,0.0,-2.2797927461139844,False,-2.2797927461139844,B_DIP4_KEEP_3,KOSDAQ,-9.152215799614638,8.617542162848334
2026-08-25,278470,에이피알,440500.0,422880.0,False,EXPIRED,,,,,,,,,,,,,,0.0,False,0.0,B_DIP4_KEEP_3,KOSPI,-10.556186152099889,0.9070496563711394
2026-08-25,280360,롯데웰푸드,135200.0,129792.0,False,EXPIRED,,,,,,,,,,,,,,0.0,False,0.0,B_DIP4_KEEP_3,KOSPI,-8.357988165680474,0.9070496563711394
2026-08-26,000815,삼성화재우,425000.0,408000.0,False,EXPIRED,,,,,,,,,,,,,,0.0,False,0.0,B_DIP4_KEEP_3,KOSPI,-7.9999999999999964,-0.06330592035205251
2026-08-26,003230,삼양식품,1507000.0,1446720.0,False,EXPIRED,,,,,,,,,,,,,,0.0,False,0.0,B_DIP4_KEEP_3,KOSPI,-11.745189117451893,-0.06330592035205251
2026-08-26,003300,한일홀딩스,18350.0,17616.0,False,EXPIRED,,,,,,,,,,,,,,0.0,False,0.0,B_DIP4_KEEP_3,KOSPI,-6.975476839237061,-0.06330592035205251
2026-08-26,004490,세방전지,59800.0,57408.0,False,EXPIRED,,,,,,,,,,,,,,0.0,False,0.0,B_DIP4_KEEP_3,KOSPI,4.849498327759205,-0.06330592035205251
2026-08-26,006360,GS건설,37800.0,36288.0,True,FILLED,2026-08-28,36288.0,INTRADAY_LIMIT,2,34776.0,46872.0,CLOSED,,,2026-09-01,33300,STOP_LOSS,0.0,-8.234126984126988,False,-8.234126984126988,B_DIP4_KEEP_3,KOSPI,-11.904761904761907,-0.06330592035205251
2026-08-26,017940,E1,97700.0,93792.0,False,EXPIRED,,,,,,,,,,,,,,0.0,False,0.0,B_DIP4_KEEP_3,KOSPI,-9.621289662231325,-0.06330592035205251
2026-08-27,006400,삼성SDI,569000.0,546240.0,False,EXPIRED,,,,,,,,,,,,,,0.0,False,0.0,B_DIP4_KEEP_3,KOSPI,-8.435852372583474,-1.5692157682531516
2026-08-27,012750,에스원,85500.0,82080.0,True,FILLED,2026-08-28,82080.0,INTRADAY_LIMIT,1,78660.0,106020.0,OPEN,,,,,,100.0,2.0955165692007727,False,0,B_DIP4_KEEP_3,KOSPI,-1.9883040935672502,-1.5692157682531516
2026-08-27,029460,케이씨,38650.0,37104.0,True,FILLED,2026-08-28,37104.0,INTRADAY_LIMIT,1,35558.0,47926.0,OPEN,,,,,,100.0,27.34476067270375,False,0,B_DIP4_KEEP_3,KOSPI,22.25097024579561,-1.5692157682531516
2026-08-27,183190,아세아시멘트,10550.0,10128.0,False,EXPIRED,,,,,,,,,,,,,,0.0,False,0.0,B_DIP4_KEEP_3,KOSPI,-5.592417061611377,-1.5692157682531516
2026-08-27,222800,심텍,126900.0,121824.0,True,FILLED,2026-08-28,121824.0,INTRADAY_LIMIT,1,116748.0,157356.0,PARTIAL,2026-10-01,157356.0,,,,50.0,34.520291568163906,False,14.583333333333337,B_DIP4_KEEP_3,KOSDAQ,29.139479905437348,7.256013848265974
2026-08-28,035600,KG이니시스,10640.0,10214.4,False,EXPIRED,,,,,,,,,,,,,,0.0,False,0.0,B_DIP4_KEEP_3,KOSDAQ,-8.176691729323304,7.158788659486404
2026-08-28,096530,씨젠,35650.0,34224.0,True,FILLED,2026-08-31,34224.0,INTRADAY_LIMIT,1,32798.0,44206.0,CLOSED,,,2026-09-02,32100,STOP_LOSS,0.0,-6.206171107994384,False,-6.206171107994384,B_DIP4_KEEP_3,KOSDAQ,-9.957924263674611,7.158788659486404
2026-08-28,204620,글로벌텍스프리,5960.0,5721.599999999999,True,FILLED,2026-08-31,5721.599999999999,INTRADAY_LIMIT,1,5483.2,7390.400000000001,CLOSED,,,2026-09-03,5370,STOP_LOSS,0.0,-6.14513422818791,False,-6.14513422818791,B_DIP4_KEEP_3,KOSDAQ,-9.899328859060407,7.158788659486404
2026-08-28,002790,아모레퍼시픽홀딩스,28000.0,26880.0,True,FILLED,2026-09-01,26880.0,INTRADAY_LIMIT,2,25760.0,34720.0,CLOSED,,,2026-09-09,25500,STOP_LOSS,0.0,-5.133928571428569,False,-5.133928571428569,B_DIP4_KEEP_3,KOSPI,-8.92857142857143,0.22124415220183824
2026-08-28,025000,KPX케미칼,55800.0,53568.0,False,EXPIRED,,,,,,,,,,,,,,0.0,False,0.0,B_DIP4_KEEP_3,KOSPI,5.017921146953408,0.22124415220183824
2026-08-28,044820,코스맥스비티아이,26800.0,25728.0,True,FILLED,2026-09-01,25728.0,INTRADAY_LIMIT,2,24656.0,33232.0,CLOSED,,,2026-09-03,24600,STOP_LOSS_GAP,0.0,-4.384328358208956,False,-4.384328358208956,B_DIP4_KEEP_3,KOSPI,-8.208955223880599,0.22124415220183824
2026-08-28,088350,한화생명,5950.0,5712.0,False,EXPIRED,,,,,,,,,,,,,,0.0,False,0.0,B_DIP4_KEEP_3,KOSPI,-10.420168067226887,0.22124415220183824
2026-08-28,090430,아모레퍼시픽,150600.0,144576.0,True,FILLED,2026-09-01,144576.0,INTRADAY_LIMIT,2,138552.0,186744.0,CLOSED,,,2026-09-09,138300,STOP_LOSS,0.0,-4.34096945551129,False,-4.34096945551129,B_DIP4_KEEP_3,KOSPI,-8.16733067729084,0.22124415220183824
2026-08-28,104700,한국철강,10120.0,9715.199999999999,True,FILLED,2026-09-02,9715.199999999999,INTRADAY_LIMIT,3,9310.4,12548.800000000001,CLOSED,,,2026-09-30,9310,STOP_LOSS,0.0,-4.170783926218702,False,-4.170783926218702,B_DIP4_KEEP_3,KOSPI,-8.00395256916996,0.22124415220183824
2026-08-28,161890,한국콜마,161700.0,155232.0,True,FILLED,2026-09-01,155232.0,INTRADAY_LIMIT,2,148764.0,200508.0,CLOSED,,,2026-09-04,145800,STOP_LOSS,0.0,-6.076066790352508,False,-6.076066790352508,B_DIP4_KEEP_3,KOSPI,-9.83302411873841,0.22124415220183824
2026-08-28,192820,코스맥스,303000.0,290880.0,True,FILLED,2026-09-01,290880.0,INTRADAY_LIMIT,2,278760.0,375720.0,CLOSED,,,2026-09-02,278500,STOP_LOSS_GAP,0.0,-4.256050605060501,False,-4.256050605060501,B_DIP4_KEEP_3,KOSPI,-8.085808580858089,0.22124415220183824
2026-08-28,278470,에이피알,461500.0,443040.0,True,FILLED,2026-09-01,443040.0,INTRADAY_LIMIT,2,424580.0,572260.0,CLOSED,,,2026-09-02,419000,STOP_LOSS,0.0,-5.4261466233297195,False,-5.4261466233297195,B_DIP4_KEEP_3,KOSPI,-9.209100758396538,0.22124415220183824
2026-08-28,300720,한일시멘트,16950.0,16272.0,True,FILLED,2026-09-02,16272.0,INTRADAY_LIMIT,3,15594.0,21018.0,OPEN,,,,,,100.0,-0.5653883972468021,False,0,B_DIP4_KEEP_3,KOSPI,-4.542772861356936,0.22124415220183824
2026-08-31,068930,디지털대성,8660.0,8313.6,False,EXPIRED,,,,,,,,,,,,,,0.0,False,0.0,B_DIP4_KEEP_3,KOSDAQ,6.235565819861422,7.687974205611958
2026-08-31,353810,이지바이오,6830.0,6556.8,True,FILLED,2026-09-02,6556.8,INTRADAY_LIMIT,2,6283.6,8469.199999999999,CLOSED,,,2026-09-07,6160,STOP_LOSS,0.0,-6.0517325524646175,False,-6.0517325524646175,B_DIP4_KEEP_3,KOSDAQ,-9.809663250366029,7.687974205611958
2026-08-31,014820,동원시스템즈,23200.0,22272.0,True,FILLED,2026-09-02,22272.0,INTRADAY_LIMIT,2,21344.0,28768.0,CLOSED,,,2026-09-09,21250,STOP_LOSS_GAP,0.0,-4.588721264367813,False,-4.588721264367813,B_DIP4_KEEP_3,KOSPI,-8.405172413793105,-0.2363629432171832
2026-08-31,086790,하나금융지주,136300.0,130848.0,False,EXPIRED,,,,,,,,,,,,,,0.0,False,0.0,B_DIP4_KEEP_3,KOSPI,-5.4292002934702825,-0.2363629432171832
2026-08-31,123890,한국자산신탁,2640.0,2534.4,False,EXPIRED,,,,,,,,,,,,,,0.0,False,0.0,B_DIP4_KEEP_3,KOSPI,-8.143939393939393,-0.2363629432171832
2026-08-31,373220,LG에너지솔루션,378000.0,362880.0,True,FILLED,2026-09-02,359500,OPEN_BETTER_THAN_LIMIT,2,347760.0,468720.0,CLOSED,,,2026-09-02,347500,STOP_LOSS,0.0,-3.3379694019471495,False,-3.3379694019471495,B_DIP4_KEEP_3,KOSPI,-8.06878306878307,-0.2363629432171832
2026-09-01,001060,JW중외제약,29000.0,27840.0,True,FILLED,2026-09-02,27840.0,INTRADAY_LIMIT,1,26680.0,35960.0,CLOSED,,,2026-09-11,26400,STOP_LOSS_GAP,0.0,-5.1724137931034475,False,-5.1724137931034475,B_DIP4_KEEP_3,KOSPI,-8.965517241379306,-0.46666081512040103
2026-09-01,089860,롯데렌탈,51400.0,49344.0,False,EXPIRED,,,,,,,,,,,,,,0.0,False,0.0,B_DIP4_KEEP_3,KOSPI,-0.1945525291828787,-0.46666081512040103
2026-09-01,126560,현대퓨처넷,3425.0,3288.0,False,EXPIRED,,,,,,,,,,,,,,0.0,False,0.0,B_DIP4_KEEP_3,KOSPI,-1.4598540145985384,-0.46666081512040103
2026-09-02,159010,아스플로,24100.0,23136.0,False,EXPIRED,,,,,,,,,,,,,,0.0,False,0.0,B_DIP4_KEEP_3,KOSDAQ,-8.713692946058094,11.747804671758
2026-09-02,377450,리파인,16800.0,16128.0,False,EXPIRED,,,,,,,,,,,,,,0.0,False,0.0,B_DIP4_KEEP_3,KOSDAQ,-15.17857142857143,11.747804671758
2026-09-02,180640,한진칼,139100.0,133536.0,True,FILLED,2026-09-03,133536.0,INTRADAY_LIMIT,1,127972.0,172484.0,OPEN,,,,,,100.0,0.2725856697819218,False,0,B_DIP4_KEEP_3,KOSPI,-3.738317757009346,3.675000609503365
2026-09-03,008930,한미사이언스,51500.0,49440.0,False,EXPIRED,,,,,,,,,,,,,,0.0,False,0.0,B_DIP4_KEEP_3,KOSPI,12.815533980582527,3.4109078529002357
2026-09-03,088350,한화생명,6110.0,5865.599999999999,True,FILLED,2026-09-04,5865.599999999999,INTRADAY_LIMIT,1,5621.2,7576.400000000001,CLOSED,,,2026-09-30,5330,STOP_LOSS,0.0,-9.131205673758858,False,-9.131205673758858,B_DIP4_KEEP_3,KOSPI,-12.765957446808507,3.4109078529002357
2026-09-03,145990,삼양사,47400.0,45504.0,False,EXPIRED,,,,,,,,,,,,,,0.0,False,0.0,B_DIP4_KEEP_3,KOSPI,-2.742616033755274,3.4109078529002357
2026-09-03,306200,세아제강,147500.0,141600.0,False,EXPIRED,,,,,,,,,,,,,,0.0,False,0.0,B_DIP4_KEEP_3,KOSPI,0.6779661016949046,3.4109078529002357
2026-09-04,031980,피에스케이홀딩스,144000.0,138240.0,False,EXPIRED,,,,,,,,,,,,,,0.0,False,0.0,B_DIP4_KEEP_3,KOSDAQ,32.833333333333336,10.440073755377988
2026-09-04,049430,코메론,22450.0,21552.0,True,FILLED,2026-09-07,21552.0,INTRADAY_LIMIT,1,20654.0,27838.0,OPEN,,,,,,100.0,1.6146993318485459,False,0,B_DIP4_KEEP_3,KOSDAQ,-2.4498886414253906,10.440073755377988
2026-09-04,064290,인텍플러스,40150.0,38544.0,False,EXPIRED,,,,,,,,,,,,,,0.0,False,0.0,B_DIP4_KEEP_3,KOSDAQ,34.85180572851806,10.440073755377988
2026-09-04,377450,리파인,16960.0,16281.599999999999,False,EXPIRED,,,,,,,,,,,,,,0.0,False,0.0,B_DIP4_KEEP_3,KOSDAQ,-15.978773584905658,10.440073755377988
2026-09-04,002310,아세아제지,8840.0,8486.4,False,EXPIRED,,,,,,,,,,,,,,0.0,False,0.0,B_DIP4_KEEP_3,KOSPI,-9.954751131221718,1.7449728661130592
2026-09-04,004690,삼천리,136700.0,131232.0,False,EXPIRED,,,,,,,,,,,,,,0.0,False,0.0,B_DIP4_KEEP_3,KOSPI,-6.144842721287491,1.7449728661130592
2026-09-04,180640,한진칼,146000.0,140160.0,True,FILLED,2026-09-07,140160.0,INTRADAY_LIMIT,1,134320.0,181040.0,CLOSED,,,2026-09-11,131700,STOP_LOSS_GAP,0.0,-6.0359589041095845,False,-6.0359589041095845,B_DIP4_KEEP_3,KOSPI,-9.794520547945208,1.7449728661130592
2026-09-04,272450,진에어,6140.0,5894.4,False,EXPIRED,,,,,,,,,,,,,,0.0,False,0.0,B_DIP4_KEEP_3,KOSPI,-5.048859934853422,1.7449728661130592
2026-09-07,064760,티씨케이,268500.0,257760.0,True,FILLED,2026-09-09,257760.0,INTRADAY_LIMIT,2,247020.0,332940.0,OPEN,,,,,,100.0,10.567970204841703,False,0,B_DIP4_KEEP_3,KOSDAQ,6.145251396648055,9.272795825782353
2026-09-07,131290,티에스이,261500.0,251040.0,False,EXPIRED,,,,,,,,,,,,,,0.0,False,0.0,B_DIP4_KEEP_3,KOSDAQ,-9.751434034416828,9.272795825782353
2026-09-08,241770,메카로,42350.0,40656.0,False,EXPIRED,,,,,,,,,,,,,,0.0,False,0.0,B_DIP4_KEEP_3,KOSDAQ,-8.500590318772138,10.66044242991575
2026-09-09,00088K,한화3우B,43600.0,41856.0,True,FILLED,2026-09-10,41856.0,INTRADAY_LIMIT,1,40112.0,54064.0,CLOSED,,,2026-09-21,39600,STOP_LOSS,0.0,-5.389908256880737,False,-5.389908256880737,B_DIP4_KEEP_3,KOSPI,-9.174311926605505,-3.5132252922724483
2026-09-09,012630,HDC,24700.0,23712.0,False,EXPIRED,,,,,,,,,,,,,,0.0,False,0.0,B_DIP4_KEEP_3,KOSPI,-8.502024291497978,-3.5132252922724483
2026-09-09,020120,키다리스튜디오,7960.0,7641.599999999999,False,EXPIRED,,,,,,,,,,,,,,0.0,False,0.0,B_DIP4_KEEP_3,KOSPI,-10.301507537688437,-3.5132252922724483
2026-09-09,096770,SK이노베이션,153500.0,147360.0,True,FILLED,2026-09-11,147360.0,INTRADAY_LIMIT,2,141220.0,190340.0,CLOSED,,,2026-09-14,136700,STOP_LOSS,0.0,-7.233984799131377,False,-7.233984799131377,B_DIP4_KEEP_3,KOSPI,-10.94462540716612,-3.5132252922724483
2026-09-10,078340,컴투스,34850.0,33456.0,False,EXPIRED,,,,,,,,,,,,,,0.0,False,0.0,B_DIP4_KEEP_3,KOSDAQ,5.882352941176472,7.349567461645079
2026-09-10,425420,티에프이,58900.0,56544.0,True,FILLED,2026-09-11,56544.0,INTRADAY_LIMIT,1,54188.0,73036.0,CLOSED,,,2026-09-14,53300,STOP_LOSS_GAP,0.0,-5.737125070741367,False,-5.737125070741367,B_DIP4_KEEP_3,KOSDAQ,-9.507640067911716,7.349567461645079
2026-09-10,004690,삼천리,138000.0,132480.0,False,EXPIRED,,,,,,,,,,,,,,0.0,False,0.0,B_DIP4_KEEP_3,KOSPI,-7.028985507246377,-3.2701537691642857
2026-09-10,018670,SK가스,252000.0,241920.0,True,FILLED,2026-09-14,241920.0,INTRADAY_LIMIT,2,231840.0,312480.0,OPEN,,,,,,100.0,11.813822751322745,False,0,B_DIP4_KEEP_3,KOSPI,7.341269841269837,-3.2701537691642857
2026-09-11,005090,SGC에너지,61200.0,58752.0,True,FILLED,2026-09-14,58752.0,INTRADAY_LIMIT,1,56304.0,75888.0,CLOSED,,,2026-09-15,55300,STOP_LOSS,0.0,-5.875544662309373,False,-5.875544662309373,B_DIP4_KEEP_3,KOSPI,-9.640522875816993,-1.5341733828660553
2026-09-11,030210,다올투자증권,4050.0,3888.0,True,FILLED,2026-09-16,3888.0,INTRADAY_LIMIT,3,3726.0,5022.0,OPEN,,,,,,100.0,1.9804526748971263,False,0,B_DIP4_KEEP_3,KOSPI,-2.0987654320987703,-1.5341733828660553
2026-09-11,294870,IPARK현대산업개발,24850.0,23856.0,True,FILLED,2026-09-16,23856.0,INTRADAY_LIMIT,3,22862.0,30814.0,CLOSED,,,2026-10-01,22650,STOP_LOSS,0.0,-5.0553319919517055,False,-5.0553319919517055,B_DIP4_KEEP_3,KOSPI,-8.853118712273645,-1.5341733828660553
2026-09-14,068930,디지털대성,8850.0,8496.0,False,EXPIRED,,,,,,,,,,,,,,0.0,False,0.0,B_DIP4_KEEP_3,KOSDAQ,3.9548022598870025,11.358593933985306
2026-09-14,377450,리파인,17160.0,16473.6,True,FILLED,2026-09-15,16473.6,INTRADAY_LIMIT,1,15787.2,21278.399999999998,CLOSED,,,2026-09-15,14250,STOP_LOSS,0.0,-13.49796037296036,False,-13.49796037296036,B_DIP4_KEEP_3,KOSDAQ,-16.95804195804196,11.358593933985306
2026-09-14,094800,맵스리얼티,7420.0,7123.2,False,EXPIRED,,,,,,,,,,,,,,0.0,False,0.0,B_DIP4_KEEP_3,KOSPI,1.0781671159029615,1.7882014310997008
2026-09-15,028100,동아지질,18690.0,17942.399999999998,False,EXPIRED,,,,,,,,,,,,,,0.0,False,0.0,B_DIP4_KEEP_3,KOSPI,5.7784911717496,2.6653549128900833
2026-09-15,453340,현대그린푸드,19400.0,18624.0,True,FILLED,2026-09-18,18624.0,INTRADAY_LIMIT,3,17848.0,24056.0,OPEN,,,,,,100.0,1.9652061855670144,False,0,B_DIP4_KEEP_3,KOSPI,-2.1134020618556737,2.6653549128900833
2026-09-16,219130,타이거일렉,74800.0,71808.0,True,FILLED,2026-09-17,71800,OPEN_BETTER_THAN_LIMIT,1,68816.0,92752.0,PARTIAL,2026-09-30,92752.0,,,,50.0,32.835654596100284,False,14.590529247910865,B_DIP4_KEEP_3,KOSDAQ,27.508021390374328,10.104414323880473
2026-09-16,001120,LX인터내셔널,41650.0,39984.0,False,EXPIRED,,,,,,,,,,,,,,0.0,False,0.0,B_DIP4_KEEP_3,KOSPI,5.522208883553414,1.2791066348911917
2026-09-18,045100,한양이엔지,32100.0,30816.0,False,EXPIRED,,,,,,,,,,,,,,0.0,False,0.0,B_DIP4_KEEP_3,KOSDAQ,4.672897196261672,8.621481768062678
2026-09-18,013580,계룡건설,23500.0,22560.0,True,FILLED,2026-09-22,22560.0,INTRADAY_LIMIT,2,21620.0,29140.0,CLOSED,,,2026-10-01,21450,STOP_LOSS,0.0,-4.9202127659574435,False,-4.9202127659574435,B_DIP4_KEEP_3,KOSPI,-8.723404255319146,-1.3102260876123983
2026-09-21,098120,마이크로컨텍솔,57600.0,55296.0,False,EXPIRED,,,,,,,,,,,,,,0.0,False,0.0,B_DIP4_KEEP_3,KOSDAQ,5.034722222222232,7.433006086550997
2026-09-21,252990,샘씨엔에스,18090.0,17366.399999999998,True,FILLED,2026-09-22,17366.399999999998,INTRADAY_LIMIT,1,16642.8,22431.600000000002,OPEN,,,,,,100.0,9.69458264234384,False,0,B_DIP4_KEEP_3,KOSDAQ,5.306799336650081,7.433006086550997
2026-09-21,000430,대원강업,5040.0,4838.4,True,FILLED,2026-09-23,4838.4,INTRADAY_LIMIT,2,4636.8,6249.599999999999,CLOSED,,,2026-09-29,4580,STOP_LOSS,0.0,-5.3406084656084545,False,-5.3406084656084545,B_DIP4_KEEP_3,KOSPI,-9.126984126984128,-2.90850661841513
2026-09-21,003160,디아이,35400.0,33984.0,False,EXPIRED,,,,,,,,,,,,,,0.0,False,0.0,B_DIP4_KEEP_3,KOSPI,20.6864406779661,-2.90850661841513
2026-09-21,029460,케이씨,44600.0,42816.0,True,FILLED,2026-09-22,42816.0,INTRADAY_LIMIT,1,41032.0,55304.0,OPEN,,,,,,100.0,10.355941704035864,False,0,B_DIP4_KEEP_3,KOSPI,5.94170403587444,-2.90850661841513
2026-09-22,059090,미코,22600.0,21696.0,True,FILLED,2026-09-29,21500,OPEN_BETTER_THAN_LIMIT,3,20792.0,28024.0,OPEN,,,,,,100.0,6.279069767441858,False,0,B_DIP4_KEEP_3,KOSDAQ,1.106194690265494,7.676358493731872
2026-09-22,095340,ISC,208000.0,199680.0,False,EXPIRED,,,,,,,,,,,,,,0.0,False,0.0,B_DIP4_KEEP_3,KOSDAQ,-2.644230769230771,7.676358493731872
2026-09-22,222800,심텍,148100.0,142176.0,False,EXPIRED,,,,,,,,,,,,,,0.0,False,0.0,B_DIP4_KEEP_3,KOSDAQ,15.057393652937211,7.676358493731872
2026-09-22,425420,티에프이,64400.0,61824.0,True,FILLED,2026-09-29,61824.0,INTRADAY_LIMIT,3,59248.0,79856.0,OPEN,,,,,,100.0,4.813664596273282,False,0,B_DIP4_KEEP_3,KOSDAQ,0.6211180124223503,7.676358493731872
2026-09-22,003490,대한항공,31400.0,30144.0,False,EXPIRED,,,,,,,,,,,,,,0.0,False,0.0,B_DIP4_KEEP_3,KOSPI,-1.7515923566879033,-3.0494833932039667
2026-09-22,020560,아시아나항공,8370.0,8035.2,False,EXPIRED,,,,,,,,,,,,,,0.0,False,0.0,B_DIP4_KEEP_3,KOSPI,-1.5531660692950977,-3.0494833932039667
2026-09-23,017890,한국알콜,15390.0,14774.4,False,EXPIRED,,,,,,,,,,,,,,0.0,False,0.0,B_DIP4_KEEP_3,KOSDAQ,4.483430799220267,6.388546798029537
2026-09-23,084370,유진테크,163600.0,157056.0,True,FILLED,2026-09-28,157056.0,INTRADAY_LIMIT,1,150512.0,202864.0,OPEN,,,,,,100.0,7.604930725346382,False,0,B_DIP4_KEEP_3,KOSDAQ,3.3007334963325086,6.388546798029537
2026-09-23,114810,한솔아이원스,14770.0,14179.199999999999,False,EXPIRED,,,,,,,,,,,,,,0.0,False,0.0,B_DIP4_KEEP_3,KOSDAQ,-0.9478672985781977,6.388546798029537
2026-09-23,417840,저스템,17080.0,16396.8,False,EXPIRED,,,,,,,,,,,,,,0.0,False,0.0,B_DIP4_KEEP_3,KOSDAQ,10.070257611241207,6.388546798029537
2026-09-23,446540,메가터치,10900.0,10464.0,True,FILLED,2026-09-28,10464.0,INTRADAY_LIMIT,1,10028.0,13516.0,OPEN,,,,,,100.0,5.026758409785925,False,0,B_DIP4_KEEP_3,KOSDAQ,0.8256880733944927,6.388546798029537
2026-09-23,006120,SK디스커버리,60300.0,57888.0,False,EXPIRED,,,,,,,,,,,,,,0.0,False,0.0,B_DIP4_KEEP_3,KOSPI,19.237147595356554,-3.91220349898036
2026-09-23,010955,S-Oil우,84000.0,80640.0,False,EXPIRED,,,,,,,,,,,,,,0.0,False,0.0,B_DIP4_KEEP_3,KOSPI,7.499999999999996,-3.91220349898036
2026-09-28,009240,한샘,40750.0,39120.0,True,FILLED,2026-09-30,39120.0,INTRADAY_LIMIT,2,37490.0,50530.0,OPEN,,,,,,100.0,3.527607361963181,False,0,B_DIP4_KEEP_3,KOSPI,-0.6134969325153339,-1.245910585885679
2026-09-28,025000,KPX케미칼,57700.0,55392.0,False,EXPIRED,,,,,,,,,,,,,,0.0,False,0.0,B_DIP4_KEEP_3,KOSPI,1.559792027729645,-1.245910585885679
2026-09-28,284740,쿠쿠홈시스,24300.0,23328.0,False,EXPIRED,,,,,,,,,,,,,,0.0,False,0.0,B_DIP4_KEEP_3,KOSPI,2.4691358024691468,-1.245910585885679
2026-09-29,031980,피에스케이홀딩스,180800.0,173568.0,False,EXPIRED,,,,,,,,,,,,,,0.0,False,0.0,B_DIP4_KEEP_3,KOSDAQ,12.831858407079654,5.72252294657567
2026-09-29,064760,티씨케이,300000.0,288000.0,False,EXPIRED,,,,,,,,,,,,,,0.0,False,0.0,B_DIP4_KEEP_3,KOSDAQ,-5.000000000000004,5.72252294657567
2026-09-29,101160,월덱스,32250.0,30960.0,False,EXPIRED,,,,,,,,,,,,,,0.0,False,0.0,B_DIP4_KEEP_3,KOSDAQ,-0.15503875968991832,5.72252294657567
2026-09-29,219130,타이거일렉,91000.0,87360.0,False,EXPIRED,,,,,,,,,,,,,,0.0,False,0.0,B_DIP4_KEEP_3,KOSDAQ,7.692307692307687,5.72252294657567
2026-09-29,252990,샘씨엔에스,19950.0,19152.0,False,EXPIRED,,,,,,,,,,,,,,0.0,False,0.0,B_DIP4_KEEP_3,KOSDAQ,-4.511278195488721,5.72252294657567
2026-09-29,029460,케이씨,46250.0,44400.0,True,FILLED,2026-09-30,44400.0,INTRADAY_LIMIT,1,42550.0,57350.0,OPEN,,,,,,100.0,6.4189189189189255,False,0,B_DIP4_KEEP_3,KOSPI,2.1621621621621623,-0.9738298686763347
2026-09-30,036930,주성엔지니어링,232500.0,223200.0,False,EXPIRED,,,,,,,,,,,,,,0.0,False,0.0,B_DIP4_KEEP_3,KOSDAQ,6.451612903225801,4.967812036312225
2026-09-30,059090,미코,23200.0,22272.0,False,EXPIRED,,,,,,,,,,,,,,0.0,False,0.0,B_DIP4_KEEP_3,KOSDAQ,-1.5086206896551713,4.967812036312225
2026-09-30,078350,한양디지텍,31950.0,30672.0,False,EXPIRED,,,,,,,,,,,,,,0.0,False,0.0,B_DIP4_KEEP_3,KOSDAQ,13.928012519561817,4.967812036312225
2026-09-30,122640,예스티,33600.0,32256.0,False,EXPIRED,,,,,,,,,,,,,,0.0,False,0.0,B_DIP4_KEEP_3,KOSDAQ,-5.35714285714286,4.967812036312225
2026-09-30,001120,LX인터내셔널,43300.0,41568.0,False,EXPIRED,,,,,,,,,,,,,,0.0,False,0.0,B_DIP4_KEEP_3,KOSPI,1.501154734411081,-0.4992658715070486
2026-09-30,020000,한섬,21000.0,20160.0,False,EXPIRED,,,,,,,,,,,,,,0.0,False,0.0,B_DIP4_KEEP_3,KOSPI,3.3333333333333437,-0.4992658715070486
2026-09-30,306200,세아제강,153200.0,147072.0,True,FILLED,2026-10-02,147072.0,INTRADAY_LIMIT,2,140944.0,189968.0,OPEN,,,,,,100.0,0.9709530026109636,False,0,B_DIP4_KEEP_3,KOSPI,-3.067885117493474,-0.4992658715070486
2026-10-02,005160,동국산업,3970.0,3811.2,False,NOT_REACHED,,,,,,,,,,,,,,0.0,False,0.0,B_DIP4_KEEP_3,KOSDAQ,-3.0226700251889116,0.5754010455730985
2026-10-02,036710,심텍홀딩스,4960.0,4761.599999999999,False,NOT_REACHED,,,,,,,,,,,,,,0.0,False,0.0,B_DIP4_KEEP_3,KOSDAQ,2.4193548387096753,0.5754010455730985
2026-10-02,064290,인텍플러스,59100.0,56736.0,False,NOT_REACHED,,,,,,,,,,,,,,0.0,False,0.0,B_DIP4_KEEP_3,KOSDAQ,-1.0152284263959421,0.5754010455730985
2026-10-06,031980,피에스케이홀딩스,197000.0,189120.0,True,FILLED,2026-10-07,189120.0,INTRADAY_LIMIT,1,181240.0,244280.0,OPEN,,,,,,100.0,7.868020304568524,False,0,B_DIP4_KEEP_3,KOSDAQ,3.5532994923857864,-2.33607270197409
2026-10-06,091580,상신이디피,24850.0,23856.0,False,NOT_REACHED,,,,,,,,,,,,,,0.0,False,0.0,B_DIP4_KEEP_3,KOSDAQ,-1.2072434607645843,-2.33607270197409
2026-10-06,236200,슈프리마,60400.0,57984.0,True,FILLED,2026-10-07,57984.0,INTRADAY_LIMIT,1,55568.0,74896.0,CLOSED,,,2026-10-07,54800,STOP_LOSS,0.0,-5.491169977924947,False,-5.491169977924947,B_DIP4_KEEP_3,KOSDAQ,-9.27152317880795,-2.33607270197409
2026-10-06,006400,삼성SDI,575000.0,552000.0,False,NOT_REACHED,,,,,,,,,,,,,,0.0,False,0.0,B_DIP4_KEEP_3,KOSPI,-2.260869565217394,-1.980727203053001
2026-10-06,007660,이수페타시스,131900.0,126624.0,True,FILLED,2026-10-07,126624.0,INTRADAY_LIMIT,1,121348.0,163556.0,OPEN,,,,,,100.0,-3.6517563810967935,False,0,B_DIP4_KEEP_3,KOSPI,-7.505686125852917,-1.980727203053001
2026-10-06,192820,코스맥스,298000.0,286080.0,False,NOT_REACHED,,,,,,,,,,,,,,0.0,False,0.0,B_DIP4_KEEP_3,KOSPI,3.523489932885915,-1.980727203053001
2026-10-06,226320,잇츠한불,11260.0,10809.6,False,NOT_REACHED,,,,,,,,,,,,,,0.0,False,0.0,B_DIP4_KEEP_3,KOSPI,4.440497335701599,-1.980727203053001
2026-10-06,373220,LG에너지솔루션,390000.0,374400.0,False,NOT_REACHED,,,,,,,,,,,,,,0.0,False,0.0,B_DIP4_KEEP_3,KOSPI,0.2564102564102555,-1.980727203053001
2026-10-07,041960,코미팜,11000.0,10560.0,False,NO_FUTURE_BAR,,,,,,,,,,,,,,0.0,False,0.0,B_DIP4_KEEP_3,KOSDAQ,0.0,0.0
2026-10-07,131290,티에스이,316000.0,303360.0,False,NO_FUTURE_BAR,,,,,,,,,,,,,,0.0,False,0.0,B_DIP4_KEEP_3,KOSDAQ,0.0,0.0
2026-10-07,219130,타이거일렉,98000.0,94080.0,False,NO_FUTURE_BAR,,,,,,,,,,,,,,0.0,False,0.0,B_DIP4_KEEP_3,KOSDAQ,0.0,0.0
2026-10-07,002320,한진,16860.0,16185.599999999999,False,NO_FUTURE_BAR,,,,,,,,,,,,,,0.0,False,0.0,B_DIP4_KEEP_3,KOSPI,0.0,0.0
2026-10-07,002960,한국쉘석유,541000.0,519360.0,False,NO_FUTURE_BAR,,,,,,,,,,,,,,0.0,False,0.0,B_DIP4_KEEP_3,KOSPI,0.0,0.0
2026-10-07,008930,한미사이언스,58100.0,55776.0,False,NO_FUTURE_BAR,,,,,,,,,,,,,,0.0,False,0.0,B_DIP4_KEEP_3,KOSPI,0.0,0.0
2026-10-07,078520,에이블씨엔씨,11880.0,11404.8,False,NO_FUTURE_BAR,,,,,,,,,,,,,,0.0,False,0.0,B_DIP4_KEEP_3,KOSPI,0.0,0.0
2026-10-07,383220,F&F,74100.0,71136.0,False,NO_FUTURE_BAR,,,,,,,,,,,,,,0.0,False,0.0,B_DIP4_KEEP_3,KOSPI,0.0,0.0
2026-08-24,002840,미원상사,131800.0,126528.0,False,EXPIRED,,,,,,,,,,,,,,0.0,False,0.0,B_DIP4_KEEP_10,KOSPI,5.993930197268593,1.5968439411314872
2026-08-24,028670,팬오션,6320.0,6067.2,True,FILLED,2026-08-26,6067.2,INTRADAY_LIMIT,2,5814.400000000001,7836.799999999998,CLOSED,,,2026-08-26,5610,STOP_LOSS,0.0,-7.535601265822778,False,-7.535601265822778,B_DIP4_KEEP_10,KOSPI,-11.234177215189877,1.5968439411314872
2026-08-24,058650,세아홀딩스,132600.0,127296.0,False,EXPIRED,,,,,,,,,,,,,,0.0,False,0.0,B_DIP4_KEEP_10,KOSPI,-4.751131221719462,1.5968439411314872
2026-08-25,002310,아세아제지,8560.0,8217.6,True,FILLED,2026-08-27,8217.6,INTRADAY_LIMIT,2,7875.200000000001,10614.399999999998,CLOSED,,,2026-09-30,7850,STOP_LOSS,0.0,-4.473325545171347,False,-4.473325545171347,B_DIP4_KEEP_10,KOSPI,-8.294392523364492,0.9070496563711394
2026-08-25,078930,GS,121800.0,116928.0,True,FILLED,2026-08-26,116928.0,INTRADAY_LIMIT,1,112056.0,151032.0,CLOSED,,,2026-09-16,112000,STOP_LOSS,0.0,-4.214559386973182,False,-4.214559386973182,B_DIP4_KEEP_10,KOSPI,-8.045977011494255,0.9070496563711394
2026-08-25,080580,오킨스전자,19400.0,18624.0,True,FILLED,2026-08-26,18624.0,INTRADAY_LIMIT,1,17848.0,24056.0,PARTIAL,2026-09-21,24056.0,,,,50.0,40.15786082474227,False,14.583333333333337,B_DIP4_KEEP_10,KOSDAQ,34.551546391752574,8.617542162848334
2026-08-25,090430,아모레퍼시픽,143300.0,137568.0,False,EXPIRED,,,,,,,,,,,,,,0.0,False,0.0,B_DIP4_KEEP_10,KOSPI,-3.3496161898115884,0.9070496563711394
2026-08-25,122900,아이마켓코리아,8350.0,8016.0,False,EXPIRED,,,,,,,,,,,,,,0.0,False,0.0,B_DIP4_KEEP_10,KOSPI,-1.4371257485029987,0.9070496563711394
2026-08-25,123330,제닉,32200.0,30912.0,True,FILLED,2026-09-07,30912.0,INTRADAY_LIMIT,9,29624.0,39928.0,CLOSED,,,2026-09-07,28350,STOP_LOSS,0.0,-8.288043478260864,False,-8.288043478260864,B_DIP4_KEEP_10,KOSDAQ,-11.956521739130432,8.617542162848334
2026-08-25,161890,한국콜마,150000.0,144000.0,True,FILLED,2026-08-27,144000.0,INTRADAY_LIMIT,2,138000.0,186000.0,CLOSED,,,2026-09-11,137200,STOP_LOSS_GAP,0.0,-4.722222222222228,False,-4.722222222222228,B_DIP4_KEEP_10,KOSPI,-8.533333333333337,0.9070496563711394
2026-08-25,257720,실리콘투,51900.0,49824.0,True,FILLED,2026-08-27,48250,OPEN_BETTER_THAN_LIMIT,2,47748.0,64356.0,CLOSED,,,2026-09-07,47150,STOP_LOSS,0.0,-2.2797927461139844,False,-2.2797927461139844,B_DIP4_KEEP_10,KOSDAQ,-9.152215799614638,8.617542162848334
2026-08-25,278470,에이피알,440500.0,422880.0,True,FILLED,2026-09-02,422880.0,INTRADAY_LIMIT,6,405260.0,546220.0,CLOSED,,,2026-09-04,394000,STOP_LOSS,0.0,-6.829360575104049,False,-6.829360575104049,B_DIP4_KEEP_10,KOSPI,-10.556186152099889,0.9070496563711394
2026-08-25,280360,롯데웰푸드,135200.0,129792.0,False,EXPIRED,,,,,,,,,,,,,,0.0,False,0.0,B_DIP4_KEEP_10,KOSPI,-8.357988165680474,0.9070496563711394
2026-08-26,000815,삼성화재우,425000.0,408000.0,False,EXPIRED,,,,,,,,,,,,,,0.0,False,0.0,B_DIP4_KEEP_10,KOSPI,-7.9999999999999964,-0.06330592035205251
2026-08-26,003230,삼양식품,1507000.0,1446720.0,True,FILLED,2026-09-03,1446720.0,INTRADAY_LIMIT,6,1386440.0,1868680.0,CLOSED,,,2026-09-07,1330000,STOP_LOSS,0.0,-8.067905330679048,False,-8.067905330679048,B_DIP4_KEEP_10,KOSPI,-11.745189117451893,-0.06330592035205251
2026-08-26,003300,한일홀딩스,18350.0,17616.0,False,EXPIRED,,,,,,,,,,,,,,0.0,False,0.0,B_DIP4_KEEP_10,KOSPI,-6.975476839237061,-0.06330592035205251
2026-08-26,004490,세방전지,59800.0,57408.0,False,EXPIRED,,,,,,,,,,,,,,0.0,False,0.0,B_DIP4_KEEP_10,KOSPI,4.849498327759205,-0.06330592035205251
2026-08-26,006360,GS건설,37800.0,36288.0,True,FILLED,2026-08-28,36288.0,INTRADAY_LIMIT,2,34776.0,46872.0,CLOSED,,,2026-09-01,33300,STOP_LOSS,0.0,-8.234126984126988,False,-8.234126984126988,B_DIP4_KEEP_10,KOSPI,-11.904761904761907,-0.06330592035205251
2026-08-26,017940,E1,97700.0,93792.0,False,EXPIRED,,,,,,,,,,,,,,0.0,False,0.0,B_DIP4_KEEP_10,KOSPI,-9.621289662231325,-0.06330592035205251
2026-08-27,006400,삼성SDI,569000.0,546240.0,True,FILLED,2026-09-02,546240.0,INTRADAY_LIMIT,4,523480.0,705560.0,CLOSED,,,2026-09-23,521000,STOP_LOSS,0.0,-4.620679554774454,False,-4.620679554774454,B_DIP4_KEEP_10,KOSPI,-8.435852372583474,-1.5692157682531516
2026-08-27,012750,에스원,85500.0,82080.0,True,FILLED,2026-08-28,82080.0,INTRADAY_LIMIT,1,78660.0,106020.0,OPEN,,,,,,100.0,2.0955165692007727,False,0,B_DIP4_KEEP_10,KOSPI,-1.9883040935672502,-1.5692157682531516
2026-08-27,029460,케이씨,38650.0,37104.0,True,FILLED,2026-08-28,37104.0,INTRADAY_LIMIT,1,35558.0,47926.0,OPEN,,,,,,100.0,27.34476067270375,False,0,B_DIP4_KEEP_10,KOSPI,22.25097024579561,-1.5692157682531516
2026-08-27,183190,아세아시멘트,10550.0,10128.0,False,EXPIRED,,,,,,,,,,,,,,0.0,False,0.0,B_DIP4_KEEP_10,KOSPI,-5.592417061611377,-1.5692157682531516
2026-08-27,222800,심텍,126900.0,121824.0,True,FILLED,2026-08-28,121824.0,INTRADAY_LIMIT,1,116748.0,157356.0,PARTIAL,2026-10-01,157356.0,,,,50.0,34.520291568163906,False,14.583333333333337,B_DIP4_KEEP_10,KOSDAQ,29.139479905437348,7.256013848265974
2026-08-28,035600,KG이니시스,10640.0,10214.4,True,FILLED,2026-09-07,10214.4,INTRADAY_LIMIT,6,9788.800000000001,13193.599999999997,CLOSED,,,2026-09-30,9770,STOP_LOSS,0.0,-4.35072055137844,False,-4.35072055137844,B_DIP4_KEEP_10,KOSDAQ,-8.176691729323304,7.158788659486404
2026-08-28,096530,씨젠,35650.0,34224.0,True,FILLED,2026-08-31,34224.0,INTRADAY_LIMIT,1,32798.0,44206.0,CLOSED,,,2026-09-02,32100,STOP_LOSS,0.0,-6.206171107994384,False,-6.206171107994384,B_DIP4_KEEP_10,KOSDAQ,-9.957924263674611,7.158788659486404
2026-08-28,204620,글로벌텍스프리,5960.0,5721.599999999999,True,FILLED,2026-08-31,5721.599999999999,INTRADAY_LIMIT,1,5483.2,7390.400000000001,CLOSED,,,2026-09-03,5370,STOP_LOSS,0.0,-6.14513422818791,False,-6.14513422818791,B_DIP4_KEEP_10,KOSDAQ,-9.899328859060407,7.158788659486404
2026-08-28,002790,아모레퍼시픽홀딩스,28000.0,26880.0,True,FILLED,2026-09-01,26880.0,INTRADAY_LIMIT,2,25760.0,34720.0,CLOSED,,,2026-09-09,25500,STOP_LOSS,0.0,-5.133928571428569,False,-5.133928571428569,B_DIP4_KEEP_10,KOSPI,-8.92857142857143,0.22124415220183824
2026-08-28,025000,KPX케미칼,55800.0,53568.0,True,FILLED,2026-09-10,53568.0,INTRADAY_LIMIT,9,51336.0,69192.0,OPEN,,,,,,100.0,9.393667861409805,False,0,B_DIP4_KEEP_10,KOSPI,5.017921146953408,0.22124415220183824
2026-08-28,044820,코스맥스비티아이,26800.0,25728.0,True,FILLED,2026-09-01,25728.0,INTRADAY_LIMIT,2,24656.0,33232.0,CLOSED,,,2026-09-03,24600,STOP_LOSS_GAP,0.0,-4.384328358208956,False,-4.384328358208956,B_DIP4_KEEP_10,KOSPI,-8.208955223880599,0.22124415220183824
2026-08-28,088350,한화생명,5950.0,5712.0,True,FILLED,2026-09-04,5712.0,INTRADAY_LIMIT,5,5474.0,7378.0,CLOSED,,,2026-09-30,5330,STOP_LOSS,0.0,-6.68767507002801,False,-6.68767507002801,B_DIP4_KEEP_10,KOSPI,-10.420168067226887,0.22124415220183824
2026-08-28,090430,아모레퍼시픽,150600.0,144576.0,True,FILLED,2026-09-01,144576.0,INTRADAY_LIMIT,2,138552.0,186744.0,CLOSED,,,2026-09-09,138300,STOP_LOSS,0.0,-4.34096945551129,False,-4.34096945551129,B_DIP4_KEEP_10,KOSPI,-8.16733067729084,0.22124415220183824
2026-08-28,104700,한국철강,10120.0,9715.199999999999,True,FILLED,2026-09-02,9715.199999999999,INTRADAY_LIMIT,3,9310.4,12548.800000000001,CLOSED,,,2026-09-30,9310,STOP_LOSS,0.0,-4.170783926218702,False,-4.170783926218702,B_DIP4_KEEP_10,KOSPI,-8.00395256916996,0.22124415220183824
2026-08-28,161890,한국콜마,161700.0,155232.0,True,FILLED,2026-09-01,155232.0,INTRADAY_LIMIT,2,148764.0,200508.0,CLOSED,,,2026-09-04,145800,STOP_LOSS,0.0,-6.076066790352508,False,-6.076066790352508,B_DIP4_KEEP_10,KOSPI,-9.83302411873841,0.22124415220183824
2026-08-28,192820,코스맥스,303000.0,290880.0,True,FILLED,2026-09-01,290880.0,INTRADAY_LIMIT,2,278760.0,375720.0,CLOSED,,,2026-09-02,278500,STOP_LOSS_GAP,0.0,-4.256050605060501,False,-4.256050605060501,B_DIP4_KEEP_10,KOSPI,-8.085808580858089,0.22124415220183824
2026-08-28,278470,에이피알,461500.0,443040.0,True,FILLED,2026-09-01,443040.0,INTRADAY_LIMIT,2,424580.0,572260.0,CLOSED,,,2026-09-02,419000,STOP_LOSS,0.0,-5.4261466233297195,False,-5.4261466233297195,B_DIP4_KEEP_10,KOSPI,-9.209100758396538,0.22124415220183824
2026-08-28,300720,한일시멘트,16950.0,16272.0,True,FILLED,2026-09-02,16272.0,INTRADAY_LIMIT,3,15594.0,21018.0,OPEN,,,,,,100.0,-0.5653883972468021,False,0,B_DIP4_KEEP_10,KOSPI,-4.542772861356936,0.22124415220183824
2026-08-31,068930,디지털대성,8660.0,8313.6,False,EXPIRED,,,,,,,,,,,,,,0.0,False,0.0,B_DIP4_KEEP_10,KOSDAQ,6.235565819861422,7.687974205611958
2026-08-31,353810,이지바이오,6830.0,6556.8,True,FILLED,2026-09-02,6556.8,INTRADAY_LIMIT,2,6283.6,8469.199999999999,CLOSED,,,2026-09-07,6160,STOP_LOSS,0.0,-6.0517325524646175,False,-6.0517325524646175,B_DIP4_KEEP_10,KOSDAQ,-9.809663250366029,7.687974205611958
2026-08-31,014820,동원시스템즈,23200.0,22272.0,True,FILLED,2026-09-02,22272.0,INTRADAY_LIMIT,2,21344.0,28768.0,CLOSED,,,2026-09-09,21250,STOP_LOSS_GAP,0.0,-4.588721264367813,False,-4.588721264367813,B_DIP4_KEEP_10,KOSPI,-8.405172413793105,-0.2363629432171832
2026-08-31,086790,하나금융지주,136300.0,130848.0,False,EXPIRED,,,,,,,,,,,,,,0.0,False,0.0,B_DIP4_KEEP_10,KOSPI,-5.4292002934702825,-0.2363629432171832
2026-08-31,123890,한국자산신탁,2640.0,2534.4,True,FILLED,2026-09-08,2534.4,INTRADAY_LIMIT,6,2428.8,3273.5999999999995,CLOSED,,,2026-09-23,2425,STOP_LOSS,0.0,-4.316603535353536,False,-4.316603535353536,B_DIP4_KEEP_10,KOSPI,-8.143939393939393,-0.2363629432171832
2026-08-31,373220,LG에너지솔루션,378000.0,362880.0,True,FILLED,2026-09-02,359500,OPEN_BETTER_THAN_LIMIT,2,347760.0,468720.0,CLOSED,,,2026-09-02,347500,STOP_LOSS,0.0,-3.3379694019471495,False,-3.3379694019471495,B_DIP4_KEEP_10,KOSPI,-8.06878306878307,-0.2363629432171832
2026-09-01,001060,JW중외제약,29000.0,27840.0,True,FILLED,2026-09-02,27840.0,INTRADAY_LIMIT,1,26680.0,35960.0,CLOSED,,,2026-09-11,26400,STOP_LOSS_GAP,0.0,-5.1724137931034475,False,-5.1724137931034475,B_DIP4_KEEP_10,KOSPI,-8.965517241379306,-0.46666081512040103
2026-09-01,089860,롯데렌탈,51400.0,49344.0,True,FILLED,2026-09-08,49344.0,INTRADAY_LIMIT,5,47288.0,63736.0,OPEN,,,,,,100.0,3.9640077821011754,False,0,B_DIP4_KEEP_10,KOSPI,-0.1945525291828787,-0.46666081512040103
2026-09-01,126560,현대퓨처넷,3425.0,3288.0,False,EXPIRED,,,,,,,,,,,,,,0.0,False,0.0,B_DIP4_KEEP_10,KOSPI,-1.4598540145985384,-0.46666081512040103
2026-09-02,159010,아스플로,24100.0,23136.0,True,FILLED,2026-09-08,23136.0,INTRADAY_LIMIT,4,22172.0,29884.0,CLOSED,,,2026-09-15,22000,STOP_LOSS_GAP,0.0,-4.9100968188105165,False,-4.9100968188105165,B_DIP4_KEEP_10,KOSDAQ,-8.713692946058094,11.747804671758
2026-09-02,377450,리파인,16800.0,16128.0,True,FILLED,2026-09-15,16128.0,INTRADAY_LIMIT,9,15456.0,20832.0,CLOSED,,,2026-09-15,14250,STOP_LOSS,0.0,-11.644345238095234,False,-11.644345238095234,B_DIP4_KEEP_10,KOSDAQ,-15.17857142857143,11.747804671758
2026-09-02,180640,한진칼,139100.0,133536.0,True,FILLED,2026-09-03,133536.0,INTRADAY_LIMIT,1,127972.0,172484.0,OPEN,,,,,,100.0,0.2725856697819218,False,0,B_DIP4_KEEP_10,KOSPI,-3.738317757009346,3.675000609503365
2026-09-03,008930,한미사이언스,51500.0,49440.0,True,FILLED,2026-09-14,49100,OPEN_BETTER_THAN_LIMIT,7,47380.0,63860.0,OPEN,,,,,,100.0,18.32993890020367,False,0,B_DIP4_KEEP_10,KOSPI,12.815533980582527,3.4109078529002357
2026-09-03,088350,한화생명,6110.0,5865.599999999999,True,FILLED,2026-09-04,5865.599999999999,INTRADAY_LIMIT,1,5621.2,7576.400000000001,CLOSED,,,2026-09-30,5330,STOP_LOSS,0.0,-9.131205673758858,False,-9.131205673758858,B_DIP4_KEEP_10,KOSPI,-12.765957446808507,3.4109078529002357
2026-09-03,145990,삼양사,47400.0,45504.0,False,EXPIRED,,,,,,,,,,,,,,0.0,False,0.0,B_DIP4_KEEP_10,KOSPI,-2.742616033755274,3.4109078529002357
2026-09-03,306200,세아제강,147500.0,141600.0,True,FILLED,2026-09-16,141600.0,INTRADAY_LIMIT,9,135700.0,182900.0,OPEN,,,,,,100.0,4.8728813559322015,False,0,B_DIP4_KEEP_10,KOSPI,0.6779661016949046,3.4109078529002357
2026-09-04,031980,피에스케이홀딩스,144000.0,138240.0,False,EXPIRED,,,,,,,,,,,,,,0.0,False,0.0,B_DIP4_KEEP_10,KOSDAQ,32.833333333333336,10.440073755377988
2026-09-04,049430,코메론,22450.0,21552.0,True,FILLED,2026-09-07,21552.0,INTRADAY_LIMIT,1,20654.0,27838.0,OPEN,,,,,,100.0,1.6146993318485459,False,0,B_DIP4_KEEP_10,KOSDAQ,-2.4498886414253906,10.440073755377988
2026-09-04,064290,인텍플러스,40150.0,38544.0,False,EXPIRED,,,,,,,,,,,,,,0.0,False,0.0,B_DIP4_KEEP_10,KOSDAQ,34.85180572851806,10.440073755377988
2026-09-04,377450,리파인,16960.0,16281.599999999999,True,FILLED,2026-09-15,16281.599999999999,INTRADAY_LIMIT,7,15603.2,21030.399999999998,CLOSED,,,2026-09-15,14250,STOP_LOSS,0.0,-12.477889150943389,False,-12.477889150943389,B_DIP4_KEEP_10,KOSDAQ,-15.978773584905658,10.440073755377988
2026-09-04,002310,아세아제지,8840.0,8486.4,True,FILLED,2026-09-15,8486.4,INTRADAY_LIMIT,7,8132.8,10961.599999999999,CLOSED,,,2026-09-29,7960,STOP_LOSS,0.0,-6.202865761689291,False,-6.202865761689291,B_DIP4_KEEP_10,KOSPI,-9.954751131221718,1.7449728661130592
2026-09-04,004690,삼천리,136700.0,131232.0,True,FILLED,2026-09-16,131232.0,INTRADAY_LIMIT,8,125764.0,169508.0,OPEN,,,,,,100.0,-2.2342111680078047,False,0,B_DIP4_KEEP_10,KOSPI,-6.144842721287491,1.7449728661130592
2026-09-04,180640,한진칼,146000.0,140160.0,True,FILLED,2026-09-07,140160.0,INTRADAY_LIMIT,1,134320.0,181040.0,CLOSED,,,2026-09-11,131700,STOP_LOSS_GAP,0.0,-6.0359589041095845,False,-6.0359589041095845,B_DIP4_KEEP_10,KOSPI,-9.794520547945208,1.7449728661130592
2026-09-04,272450,진에어,6140.0,5894.4,True,FILLED,2026-09-14,5894.4,INTRADAY_LIMIT,6,5648.8,7613.599999999999,OPEN,,,,,,100.0,-1.092562432138977,False,0,B_DIP4_KEEP_10,KOSPI,-5.048859934853422,1.7449728661130592
2026-09-07,064760,티씨케이,268500.0,257760.0,True,FILLED,2026-09-09,257760.0,INTRADAY_LIMIT,2,247020.0,332940.0,OPEN,,,,,,100.0,10.567970204841703,False,0,B_DIP4_KEEP_10,KOSDAQ,6.145251396648055,9.272795825782353
2026-09-07,131290,티에스이,261500.0,251040.0,True,FILLED,2026-09-14,251000,OPEN_BETTER_THAN_LIMIT,5,240580.0,324260.0,CLOSED,,,2026-09-14,236000,STOP_LOSS,0.0,-5.976095617529875,False,-5.976095617529875,B_DIP4_KEEP_10,KOSDAQ,-9.751434034416828,9.272795825782353
2026-09-08,241770,메카로,42350.0,40656.0,True,FILLED,2026-09-14,40656.0,INTRADAY_LIMIT,4,38962.0,52514.0,CLOSED,,,2026-09-15,38750,STOP_LOSS,0.0,-4.688114915387642,False,-4.688114915387642,B_DIP4_KEEP_10,KOSDAQ,-8.500590318772138,10.66044242991575
2026-09-09,00088K,한화3우B,43600.0,41856.0,True,FILLED,2026-09-10,41856.0,INTRADAY_LIMIT,1,40112.0,54064.0,CLOSED,,,2026-09-21,39600,STOP_LOSS,0.0,-5.389908256880737,False,-5.389908256880737,B_DIP4_KEEP_10,KOSPI,-9.174311926605505,-3.5132252922724483
2026-09-09,012630,HDC,24700.0,23712.0,False,EXPIRED,,,,,,,,,,,,,,0.0,False,0.0,B_DIP4_KEEP_10,KOSPI,-8.502024291497978,-3.5132252922724483
2026-09-09,020120,키다리스튜디오,7960.0,7641.599999999999,True,FILLED,2026-09-21,7641.599999999999,INTRADAY_LIMIT,8,7323.200000000001,9870.399999999998,CLOSED,,,2026-10-06,7140,STOP_LOSS,0.0,-6.564070351758788,False,-6.564070351758788,B_DIP4_KEEP_10,KOSPI,-10.301507537688437,-3.5132252922724483
2026-09-09,096770,SK이노베이션,153500.0,147360.0,True,FILLED,2026-09-11,147360.0,INTRADAY_LIMIT,2,141220.0,190340.0,CLOSED,,,2026-09-14,136700,STOP_LOSS,0.0,-7.233984799131377,False,-7.233984799131377,B_DIP4_KEEP_10,KOSPI,-10.94462540716612,-3.5132252922724483
2026-09-10,078340,컴투스,34850.0,33456.0,True,FILLED,2026-09-16,33456.0,INTRADAY_LIMIT,4,32062.0,43214.0,OPEN,,,,,,100.0,10.294117647058831,False,0,B_DIP4_KEEP_10,KOSDAQ,5.882352941176472,7.349567461645079
2026-09-10,425420,티에프이,58900.0,56544.0,True,FILLED,2026-09-11,56544.0,INTRADAY_LIMIT,1,54188.0,73036.0,CLOSED,,,2026-09-14,53300,STOP_LOSS_GAP,0.0,-5.737125070741367,False,-5.737125070741367,B_DIP4_KEEP_10,KOSDAQ,-9.507640067911716,7.349567461645079
2026-09-10,004690,삼천리,138000.0,132480.0,True,FILLED,2026-09-16,132480.0,INTRADAY_LIMIT,4,126960.0,171120.0,OPEN,,,,,,100.0,-3.1551932367149704,False,0,B_DIP4_KEEP_10,KOSPI,-7.028985507246377,-3.2701537691642857
2026-09-10,018670,SK가스,252000.0,241920.0,True,FILLED,2026-09-14,241920.0,INTRADAY_LIMIT,2,231840.0,312480.0,OPEN,,,,,,100.0,11.813822751322745,False,0,B_DIP4_KEEP_10,KOSPI,7.341269841269837,-3.2701537691642857
2026-09-11,005090,SGC에너지,61200.0,58752.0,True,FILLED,2026-09-14,58752.0,INTRADAY_LIMIT,1,56304.0,75888.0,CLOSED,,,2026-09-15,55300,STOP_LOSS,0.0,-5.875544662309373,False,-5.875544662309373,B_DIP4_KEEP_10,KOSPI,-9.640522875816993,-1.5341733828660553
2026-09-11,030210,다올투자증권,4050.0,3888.0,True,FILLED,2026-09-16,3888.0,INTRADAY_LIMIT,3,3726.0,5022.0,OPEN,,,,,,100.0,1.9804526748971263,False,0,B_DIP4_KEEP_10,KOSPI,-2.0987654320987703,-1.5341733828660553
2026-09-11,294870,IPARK현대산업개발,24850.0,23856.0,True,FILLED,2026-09-16,23856.0,INTRADAY_LIMIT,3,22862.0,30814.0,CLOSED,,,2026-10-01,22650,STOP_LOSS,0.0,-5.0553319919517055,False,-5.0553319919517055,B_DIP4_KEEP_10,KOSPI,-8.853118712273645,-1.5341733828660553
2026-09-14,068930,디지털대성,8850.0,8496.0,False,EXPIRED,,,,,,,,,,,,,,0.0,False,0.0,B_DIP4_KEEP_10,KOSDAQ,3.9548022598870025,11.358593933985306
2026-09-14,377450,리파인,17160.0,16473.6,True,FILLED,2026-09-15,16473.6,INTRADAY_LIMIT,1,15787.2,21278.399999999998,CLOSED,,,2026-09-15,14250,STOP_LOSS,0.0,-13.49796037296036,False,-13.49796037296036,B_DIP4_KEEP_10,KOSDAQ,-16.95804195804196,11.358593933985306
2026-09-14,094800,맵스리얼티,7420.0,7123.2,False,EXPIRED,,,,,,,,,,,,,,0.0,False,0.0,B_DIP4_KEEP_10,KOSPI,1.0781671159029615,1.7882014310997008
2026-09-15,028100,동아지질,18690.0,17942.399999999998,False,EXPIRED,,,,,,,,,,,,,,0.0,False,0.0,B_DIP4_KEEP_10,KOSPI,5.7784911717496,2.6653549128900833
2026-09-15,453340,현대그린푸드,19400.0,18624.0,True,FILLED,2026-09-18,18624.0,INTRADAY_LIMIT,3,17848.0,24056.0,OPEN,,,,,,100.0,1.9652061855670144,False,0,B_DIP4_KEEP_10,KOSPI,-2.1134020618556737,2.6653549128900833
2026-09-16,219130,타이거일렉,74800.0,71808.0,True,FILLED,2026-09-17,71800,OPEN_BETTER_THAN_LIMIT,1,68816.0,92752.0,PARTIAL,2026-09-30,92752.0,,,,50.0,32.835654596100284,False,14.590529247910865,B_DIP4_KEEP_10,KOSDAQ,27.508021390374328,10.104414323880473
2026-09-16,001120,LX인터내셔널,41650.0,39984.0,True,FILLED,2026-09-23,39984.0,INTRADAY_LIMIT,5,38318.0,51646.0,OPEN,,,,,,100.0,9.91896758703481,False,0,B_DIP4_KEEP_10,KOSPI,5.522208883553414,1.2791066348911917
2026-09-18,045100,한양이엔지,32100.0,30816.0,False,EXPIRED,,,,,,,,,,,,,,0.0,False,0.0,B_DIP4_KEEP_10,KOSDAQ,4.672897196261672,8.621481768062678
2026-09-18,013580,계룡건설,23500.0,22560.0,True,FILLED,2026-09-22,22560.0,INTRADAY_LIMIT,2,21620.0,29140.0,CLOSED,,,2026-10-01,21450,STOP_LOSS,0.0,-4.9202127659574435,False,-4.9202127659574435,B_DIP4_KEEP_10,KOSPI,-8.723404255319146,-1.3102260876123983
2026-09-21,098120,마이크로컨텍솔,57600.0,55296.0,True,FILLED,2026-09-30,55296.0,INTRADAY_LIMIT,5,52992.0,71424.0,OPEN,,,,,,100.0,9.411168981481488,False,0,B_DIP4_KEEP_10,KOSDAQ,5.034722222222232,7.433006086550997
2026-09-21,252990,샘씨엔에스,18090.0,17366.399999999998,True,FILLED,2026-09-22,17366.399999999998,INTRADAY_LIMIT,1,16642.8,22431.600000000002,OPEN,,,,,,100.0,9.69458264234384,False,0,B_DIP4_KEEP_10,KOSDAQ,5.306799336650081,7.433006086550997
2026-09-21,000430,대원강업,5040.0,4838.4,True,FILLED,2026-09-23,4838.4,INTRADAY_LIMIT,2,4636.8,6249.599999999999,CLOSED,,,2026-09-29,4580,STOP_LOSS,0.0,-5.3406084656084545,False,-5.3406084656084545,B_DIP4_KEEP_10,KOSPI,-9.126984126984128,-2.90850661841513
2026-09-21,003160,디아이,35400.0,33984.0,False,NOT_REACHED,,,,,,,,,,,,,,0.0,False,0.0,B_DIP4_KEEP_10,KOSPI,20.6864406779661,-2.90850661841513
2026-09-21,029460,케이씨,44600.0,42816.0,True,FILLED,2026-09-22,42816.0,INTRADAY_LIMIT,1,41032.0,55304.0,OPEN,,,,,,100.0,10.355941704035864,False,0,B_DIP4_KEEP_10,KOSPI,5.94170403587444,-2.90850661841513
2026-09-22,059090,미코,22600.0,21696.0,True,FILLED,2026-09-29,21500,OPEN_BETTER_THAN_LIMIT,3,20792.0,28024.0,OPEN,,,,,,100.0,6.279069767441858,False,0,B_DIP4_KEEP_10,KOSDAQ,1.106194690265494,7.676358493731872
2026-09-22,095340,ISC,208000.0,199680.0,False,NOT_REACHED,,,,,,,,,,,,,,0.0,False,0.0,B_DIP4_KEEP_10,KOSDAQ,-2.644230769230771,7.676358493731872
2026-09-22,222800,심텍,148100.0,142176.0,False,NOT_REACHED,,,,,,,,,,,,,,0.0,False,0.0,B_DIP4_KEEP_10,KOSDAQ,15.057393652937211,7.676358493731872
2026-09-22,425420,티에프이,64400.0,61824.0,True,FILLED,2026-09-29,61824.0,INTRADAY_LIMIT,3,59248.0,79856.0,OPEN,,,,,,100.0,4.813664596273282,False,0,B_DIP4_KEEP_10,KOSDAQ,0.6211180124223503,7.676358493731872
2026-09-22,003490,대한항공,31400.0,30144.0,False,NOT_REACHED,,,,,,,,,,,,,,0.0,False,0.0,B_DIP4_KEEP_10,KOSPI,-1.7515923566879033,-3.0494833932039667
2026-09-22,020560,아시아나항공,8370.0,8035.2,False,NOT_REACHED,,,,,,,,,,,,,,0.0,False,0.0,B_DIP4_KEEP_10,KOSPI,-1.5531660692950977,-3.0494833932039667
2026-09-23,017890,한국알콜,15390.0,14774.4,False,NOT_REACHED,,,,,,,,,,,,,,0.0,False,0.0,B_DIP4_KEEP_10,KOSDAQ,4.483430799220267,6.388546798029537
2026-09-23,084370,유진테크,163600.0,157056.0,True,FILLED,2026-09-28,157056.0,INTRADAY_LIMIT,1,150512.0,202864.0,OPEN,,,,,,100.0,7.604930725346382,False,0,B_DIP4_KEEP_10,KOSDAQ,3.3007334963325086,6.388546798029537
2026-09-23,114810,한솔아이원스,14770.0,14179.199999999999,False,NOT_REACHED,,,,,,,,,,,,,,0.0,False,0.0,B_DIP4_KEEP_10,KOSDAQ,-0.9478672985781977,6.388546798029537
2026-09-23,417840,저스템,17080.0,16396.8,False,NOT_REACHED,,,,,,,,,,,,,,0.0,False,0.0,B_DIP4_KEEP_10,KOSDAQ,10.070257611241207,6.388546798029537
2026-09-23,446540,메가터치,10900.0,10464.0,True,FILLED,2026-09-28,10464.0,INTRADAY_LIMIT,1,10028.0,13516.0,OPEN,,,,,,100.0,5.026758409785925,False,0,B_DIP4_KEEP_10,KOSDAQ,0.8256880733944927,6.388546798029537
2026-09-23,006120,SK디스커버리,60300.0,57888.0,False,NOT_REACHED,,,,,,,,,,,,,,0.0,False,0.0,B_DIP4_KEEP_10,KOSPI,19.237147595356554,-3.91220349898036
2026-09-23,010955,S-Oil우,84000.0,80640.0,True,FILLED,2026-10-01,80640.0,INTRADAY_LIMIT,4,77280.0,104160.0,OPEN,,,,,,100.0,11.979166666666675,False,0,B_DIP4_KEEP_10,KOSPI,7.499999999999996,-3.91220349898036
2026-09-28,009240,한샘,40750.0,39120.0,True,FILLED,2026-09-30,39120.0,INTRADAY_LIMIT,2,37490.0,50530.0,OPEN,,,,,,100.0,3.527607361963181,False,0,B_DIP4_KEEP_10,KOSPI,-0.6134969325153339,-1.245910585885679
2026-09-28,025000,KPX케미칼,57700.0,55392.0,False,NOT_REACHED,,,,,,,,,,,,,,0.0,False,0.0,B_DIP4_KEEP_10,KOSPI,1.559792027729645,-1.245910585885679
2026-09-28,284740,쿠쿠홈시스,24300.0,23328.0,False,NOT_REACHED,,,,,,,,,,,,,,0.0,False,0.0,B_DIP4_KEEP_10,KOSPI,2.4691358024691468,-1.245910585885679
2026-09-29,031980,피에스케이홀딩스,180800.0,173568.0,False,NOT_REACHED,,,,,,,,,,,,,,0.0,False,0.0,B_DIP4_KEEP_10,KOSDAQ,12.831858407079654,5.72252294657567
2026-09-29,064760,티씨케이,300000.0,288000.0,True,FILLED,2026-10-06,288000.0,INTRADAY_LIMIT,4,276000.0,372000.0,OPEN,,,,,,100.0,-1.041666666666663,False,0,B_DIP4_KEEP_10,KOSDAQ,-5.000000000000004,5.72252294657567
2026-09-29,101160,월덱스,32250.0,30960.0,False,NOT_REACHED,,,,,,,,,,,,,,0.0,False,0.0,B_DIP4_KEEP_10,KOSDAQ,-0.15503875968991832,5.72252294657567
2026-09-29,219130,타이거일렉,91000.0,87360.0,False,NOT_REACHED,,,,,,,,,,,,,,0.0,False,0.0,B_DIP4_KEEP_10,KOSDAQ,7.692307692307687,5.72252294657567
2026-09-29,252990,샘씨엔에스,19950.0,19152.0,True,FILLED,2026-10-06,19152.0,INTRADAY_LIMIT,4,18354.0,24738.0,OPEN,,,,,,100.0,-0.5325814536340845,False,0,B_DIP4_KEEP_10,KOSDAQ,-4.511278195488721,5.72252294657567
2026-09-29,029460,케이씨,46250.0,44400.0,True,FILLED,2026-09-30,44400.0,INTRADAY_LIMIT,1,42550.0,57350.0,OPEN,,,,,,100.0,6.4189189189189255,False,0,B_DIP4_KEEP_10,KOSPI,2.1621621621621623,-0.9738298686763347
2026-09-30,036930,주성엔지니어링,232500.0,223200.0,False,NOT_REACHED,,,,,,,,,,,,,,0.0,False,0.0,B_DIP4_KEEP_10,KOSDAQ,6.451612903225801,4.967812036312225
2026-09-30,059090,미코,23200.0,22272.0,False,NOT_REACHED,,,,,,,,,,,,,,0.0,False,0.0,B_DIP4_KEEP_10,KOSDAQ,-1.5086206896551713,4.967812036312225
2026-09-30,078350,한양디지텍,31950.0,30672.0,False,NOT_REACHED,,,,,,,,,,,,,,0.0,False,0.0,B_DIP4_KEEP_10,KOSDAQ,13.928012519561817,4.967812036312225
2026-09-30,122640,예스티,33600.0,32256.0,True,FILLED,2026-10-07,32256.0,INTRADAY_LIMIT,4,30912.0,41664.0,OPEN,,,,,,100.0,-1.4136904761904767,False,0,B_DIP4_KEEP_10,KOSDAQ,-5.35714285714286,4.967812036312225
2026-09-30,001120,LX인터내셔널,43300.0,41568.0,False,NOT_REACHED,,,,,,,,,,,,,,0.0,False,0.0,B_DIP4_KEEP_10,KOSPI,1.501154734411081,-0.4992658715070486
2026-09-30,020000,한섬,21000.0,20160.0,False,NOT_REACHED,,,,,,,,,,,,,,0.0,False,0.0,B_DIP4_KEEP_10,KOSPI,3.3333333333333437,-0.4992658715070486
2026-09-30,306200,세아제강,153200.0,147072.0,True,FILLED,2026-10-02,147072.0,INTRADAY_LIMIT,2,140944.0,189968.0,OPEN,,,,,,100.0,0.9709530026109636,False,0,B_DIP4_KEEP_10,KOSPI,-3.067885117493474,-0.4992658715070486
2026-10-02,005160,동국산업,3970.0,3811.2,False,NOT_REACHED,,,,,,,,,,,,,,0.0,False,0.0,B_DIP4_KEEP_10,KOSDAQ,-3.0226700251889116,0.5754010455730985
2026-10-02,036710,심텍홀딩스,4960.0,4761.599999999999,False,NOT_REACHED,,,,,,,,,,,,,,0.0,False,0.0,B_DIP4_KEEP_10,KOSDAQ,2.4193548387096753,0.5754010455730985
2026-10-02,064290,인텍플러스,59100.0,56736.0,False,NOT_REACHED,,,,,,,,,,,,,,0.0,False,0.0,B_DIP4_KEEP_10,KOSDAQ,-1.0152284263959421,0.5754010455730985
2026-10-06,031980,피에스케이홀딩스,197000.0,189120.0,True,FILLED,2026-10-07,189120.0,INTRADAY_LIMIT,1,181240.0,244280.0,OPEN,,,,,,100.0,7.868020304568524,False,0,B_DIP4_KEEP_10,KOSDAQ,3.5532994923857864,-2.33607270197409
2026-10-06,091580,상신이디피,24850.0,23856.0,False,NOT_REACHED,,,,,,,,,,,,,,0.0,False,0.0,B_DIP4_KEEP_10,KOSDAQ,-1.2072434607645843,-2.33607270197409
2026-10-06,236200,슈프리마,60400.0,57984.0,True,FILLED,2026-10-07,57984.0,INTRADAY_LIMIT,1,55568.0,74896.0,CLOSED,,,2026-10-07,54800,STOP_LOSS,0.0,-5.491169977924947,False,-5.491169977924947,B_DIP4_KEEP_10,KOSDAQ,-9.27152317880795,-2.33607270197409
2026-10-06,006400,삼성SDI,575000.0,552000.0,False,NOT_REACHED,,,,,,,,,,,,,,0.0,False,0.0,B_DIP4_KEEP_10,KOSPI,-2.260869565217394,-1.980727203053001
2026-10-06,007660,이수페타시스,131900.0,126624.0,True,FILLED,2026-10-07,126624.0,INTRADAY_LIMIT,1,121348.0,163556.0,OPEN,,,,,,100.0,-3.6517563810967935,False,0,B_DIP4_KEEP_10,KOSPI,-7.505686125852917,-1.980727203053001
2026-10-06,192820,코스맥스,298000.0,286080.0,False,NOT_REACHED,,,,,,,,,,,,,,0.0,False,0.0,B_DIP4_KEEP_10,KOSPI,3.523489932885915,-1.980727203053001
2026-10-06,226320,잇츠한불,11260.0,10809.6,False,NOT_REACHED,,,,,,,,,,,,,,0.0,False,0.0,B_DIP4_KEEP_10,KOSPI,4.440497335701599,-1.980727203053001
2026-10-06,373220,LG에너지솔루션,390000.0,374400.0,False,NOT_REACHED,,,,,,,,,,,,,,0.0,False,0.0,B_DIP4_KEEP_10,KOSPI,0.2564102564102555,-1.980727203053001
2026-10-07,041960,코미팜,11000.0,10560.0,False,NO_FUTURE_BAR,,,,,,,,,,,,,,0.0,False,0.0,B_DIP4_KEEP_10,KOSDAQ,0.0,0.0
2026-10-07,131290,티에스이,316000.0,303360.0,False,NO_FUTURE_BAR,,,,,,,,,,,,,,0.0,False,0.0,B_DIP4_KEEP_10,KOSDAQ,0.0,0.0
2026-10-07,219130,타이거일렉,98000.0,94080.0,False,NO_FUTURE_BAR,,,,,,,,,,,,,,0.0,False,0.0,B_DIP4_KEEP_10,KOSDAQ,0.0,0.0
2026-10-07,002320,한진,16860.0,16185.599999999999,False,NO_FUTURE_BAR,,,,,,,,,,,,,,0.0,False,0.0,B_DIP4_KEEP_10,KOSPI,0.0,0.0
2026-10-07,002960,한국쉘석유,541000.0,519360.0,False,NO_FUTURE_BAR,,,,,,,,,,,,,,0.0,False,0.0,B_DIP4_KEEP_10,KOSPI,0.0,0.0
2026-10-07,008930,한미사이언스,58100.0,55776.0,False,NO_FUTURE_BAR,,,,,,,,,,,,,,0.0,False,0.0,B_DIP4_KEEP_10,KOSPI,0.0,0.0
2026-10-07,078520,에이블씨엔씨,11880.0,11404.8,False,NO_FUTURE_BAR,,,,,,,,,,,,,,0.0,False,0.0,B_DIP4_KEEP_10,KOSPI,0.0,0.0
2026-10-07,383220,F&F,74100.0,71136.0,False,NO_FUTURE_BAR,,,,,,,,,,,,,,0.0,False,0.0,B_DIP4_KEEP_10,KOSPI,0.0,0.0
2026-08-24,002840,미원상사,131800.0,126528.0,False,NOT_REACHED,,,,,,,,,,,,,,0.0,False,0.0,B_DIP4_3R_GTC,KOSPI,5.993930197268593,1.5968439411314872
2026-08-24,028670,팬오션,6320.0,6067.2,True,FILLED,2026-08-26,6067.2,INTRADAY_LIMIT,2,5814.400000000001,6825.599999999998,CLOSED,,,2026-08-26,5610,STOP_LOSS,0.0,-7.535601265822778,False,-7.535601265822778,B_DIP4_3R_GTC,KOSPI,-11.234177215189877,1.5968439411314872
2026-08-24,058650,세아홀딩스,132600.0,127296.0,True,FILLED,2026-09-23,127296.0,INTRADAY_LIMIT,22,121992.0,143208.0,OPEN,,,,,,100.0,-0.7824283559577649,False,0,B_DIP4_3R_GTC,KOSPI,-4.751131221719462,1.5968439411314872
2026-08-25,002310,아세아제지,8560.0,8217.6,True,FILLED,2026-08-27,8217.6,INTRADAY_LIMIT,2,7875.200000000001,9244.8,CLOSED,,,2026-09-30,7850,STOP_LOSS,0.0,-4.473325545171347,False,-4.473325545171347,B_DIP4_3R_GTC,KOSPI,-8.294392523364492,0.9070496563711394
2026-08-25,078930,GS,121800.0,116928.0,True,FILLED,2026-08-26,116928.0,INTRADAY_LIMIT,1,112056.0,131544.0,CLOSED,2026-08-27,131544.0,2026-09-11,115500,TREND_EXIT_GAP_50MA,0.0,5.639367816091956,False,5.639367816091956,B_DIP4_3R_GTC,KOSPI,-8.045977011494255,0.9070496563711394
2026-08-25,080580,오킨스전자,19400.0,18624.0,True,FILLED,2026-08-26,18624.0,INTRADAY_LIMIT,1,17848.0,20952.0,CLOSED,2026-08-28,20952.0,2026-10-01,24400,TREND_EXIT_GAP_5MA,0.0,21.756872852233677,False,21.756872852233677,B_DIP4_3R_GTC,KOSDAQ,34.551546391752574,8.617542162848334
2026-08-25,090430,아모레퍼시픽,143300.0,137568.0,True,FILLED,2026-09-09,137568.0,INTRADAY_LIMIT,11,131836.0,154764.0,OPEN,,,,,,100.0,0.6774831356129329,False,0,B_DIP4_3R_GTC,KOSPI,-3.3496161898115884,0.9070496563711394
2026-08-25,122900,아이마켓코리아,8350.0,8016.0,True,FILLED,2026-09-09,8016.0,INTRADAY_LIMIT,11,7682.0,9018.0,OPEN,,,,,,100.0,2.6696606786427157,False,0,B_DIP4_3R_GTC,KOSPI,-1.4371257485029987,0.9070496563711394
2026-08-25,123330,제닉,32200.0,30912.0,True,FILLED,2026-09-07,30912.0,INTRADAY_LIMIT,9,29624.0,34776.0,CLOSED,,,2026-09-07,28350,STOP_LOSS,0.0,-8.288043478260864,False,-8.288043478260864,B_DIP4_3R_GTC,KOSDAQ,-11.956521739130432,8.617542162848334
2026-08-25,161890,한국콜마,150000.0,144000.0,True,FILLED,2026-08-27,144000.0,INTRADAY_LIMIT,2,138000.0,162000.0,CLOSED,2026-08-31,162000.0,2026-09-08,141000,TREND_EXIT_50MA,0.0,5.208333333333331,False,5.208333333333331,B_DIP4_3R_GTC,KOSPI,-8.533333333333337,0.9070496563711394
2026-08-25,257720,실리콘투,51900.0,49824.0,True,FILLED,2026-08-27,48250,OPEN_BETTER_THAN_LIMIT,2,47748.0,49756.0,CLOSED,2026-08-28,49756.0,2026-09-01,51900,TREND_EXIT_5MA,0.0,5.343005181347149,False,5.343005181347149,B_DIP4_3R_GTC,KOSDAQ,-9.152215799614638,8.617542162848334
2026-08-25,278470,에이피알,440500.0,422880.0,True,FILLED,2026-09-02,422880.0,INTRADAY_LIMIT,6,405260.0,475740.0,CLOSED,,,2026-09-04,394000,STOP_LOSS,0.0,-6.829360575104049,False,-6.829360575104049,B_DIP4_3R_GTC,KOSPI,-10.556186152099889,0.9070496563711394
2026-08-25,280360,롯데웰푸드,135200.0,129792.0,True,FILLED,2026-09-16,129792.0,INTRADAY_LIMIT,16,124384.0,146016.0,CLOSED,,,2026-09-22,123900,STOP_LOSS,0.0,-4.539571005917164,False,-4.539571005917164,B_DIP4_3R_GTC,KOSPI,-8.357988165680474,0.9070496563711394
2026-08-26,000815,삼성화재우,425000.0,408000.0,True,FILLED,2026-09-16,408000.0,INTRADAY_LIMIT,15,391000.0,459000.0,CLOSED,,,2026-10-01,391000,STOP_LOSS,0.0,-4.1666666666666625,False,-4.1666666666666625,B_DIP4_3R_GTC,KOSPI,-7.9999999999999964,-0.06330592035205251
2026-08-26,003230,삼양식품,1507000.0,1446720.0,True,FILLED,2026-09-03,1446720.0,INTRADAY_LIMIT,6,1386440.0,1627560.0,CLOSED,,,2026-09-07,1330000,STOP_LOSS,0.0,-8.067905330679048,False,-8.067905330679048,B_DIP4_3R_GTC,KOSPI,-11.745189117451893,-0.06330592035205251
2026-08-26,003300,한일홀딩스,18350.0,17616.0,True,FILLED,2026-09-10,17616.0,INTRADAY_LIMIT,11,16882.0,19818.0,OPEN,,,,,,100.0,-3.0994550408719346,False,0,B_DIP4_3R_GTC,KOSPI,-6.975476839237061,-0.06330592035205251
2026-08-26,004490,세방전지,59800.0,57408.0,False,NOT_REACHED,,,,,,,,,,,,,,0.0,False,0.0,B_DIP4_3R_GTC,KOSPI,4.849498327759205,-0.06330592035205251
2026-08-26,006360,GS건설,37800.0,36288.0,True,FILLED,2026-08-28,36288.0,INTRADAY_LIMIT,2,34776.0,40824.0,CLOSED,,,2026-09-01,33300,STOP_LOSS,0.0,-8.234126984126988,False,-8.234126984126988,B_DIP4_3R_GTC,KOSPI,-11.904761904761907,-0.06330592035205251
2026-08-26,017940,E1,97700.0,93792.0,True,FILLED,2026-09-16,93792.0,INTRADAY_LIMIT,15,89884.0,105516.0,CLOSED,,,2026-10-01,88300,STOP_LOSS,0.0,-5.855510064824287,False,-5.855510064824287,B_DIP4_3R_GTC,KOSPI,-9.621289662231325,-0.06330592035205251
2026-08-27,006400,삼성SDI,569000.0,546240.0,True,FILLED,2026-09-02,546240.0,INTRADAY_LIMIT,4,523480.0,614520.0,CLOSED,,,2026-09-23,521000,STOP_LOSS,0.0,-4.620679554774454,False,-4.620679554774454,B_DIP4_3R_GTC,KOSPI,-8.435852372583474,-1.5692157682531516
2026-08-27,012750,에스원,85500.0,82080.0,True,FILLED,2026-08-28,82080.0,INTRADAY_LIMIT,1,78660.0,92340.0,OPEN,,,,,,100.0,2.0955165692007727,False,0,B_DIP4_3R_GTC,KOSPI,-1.9883040935672502,-1.5692157682531516
2026-08-27,029460,케이씨,38650.0,37104.0,True,FILLED,2026-08-28,37104.0,INTRADAY_LIMIT,1,35558.0,41742.0,PARTIAL,2026-09-10,41742.0,,,,50.0,19.922380336351875,False,6.25,B_DIP4_3R_GTC,KOSPI,22.25097024579561,-1.5692157682531516
2026-08-27,183190,아세아시멘트,10550.0,10128.0,True,FILLED,2026-10-01,10128.0,INTRADAY_LIMIT,23,9706.0,11394.0,OPEN,,,,,,100.0,-1.6587677725118488,False,0,B_DIP4_3R_GTC,KOSPI,-5.592417061611377,-1.5692157682531516
2026-08-27,222800,심텍,126900.0,121824.0,True,FILLED,2026-08-28,121824.0,INTRADAY_LIMIT,1,116748.0,137052.0,PARTIAL,2026-09-10,137052.0,,,,50.0,26.18695823483057,False,6.25,B_DIP4_3R_GTC,KOSDAQ,29.139479905437348,7.256013848265974
2026-08-28,035600,KG이니시스,10640.0,10214.4,True,FILLED,2026-09-07,10214.4,INTRADAY_LIMIT,6,9788.800000000001,11491.199999999995,CLOSED,,,2026-09-30,9770,STOP_LOSS,0.0,-4.35072055137844,False,-4.35072055137844,B_DIP4_3R_GTC,KOSDAQ,-8.176691729323304,7.158788659486404
2026-08-28,096530,씨젠,35650.0,34224.0,True,FILLED,2026-08-31,34224.0,INTRADAY_LIMIT,1,32798.0,38502.0,CLOSED,,,2026-09-02,32100,STOP_LOSS,0.0,-6.206171107994384,False,-6.206171107994384,B_DIP4_3R_GTC,KOSDAQ,-9.957924263674611,7.158788659486404
2026-08-28,204620,글로벌텍스프리,5960.0,5721.599999999999,True,FILLED,2026-08-31,5721.599999999999,INTRADAY_LIMIT,1,5483.2,6436.799999999998,CLOSED,,,2026-09-03,5370,STOP_LOSS,0.0,-6.14513422818791,False,-6.14513422818791,B_DIP4_3R_GTC,KOSDAQ,-9.899328859060407,7.158788659486404
2026-08-28,002790,아모레퍼시픽홀딩스,28000.0,26880.0,True,FILLED,2026-09-01,26880.0,INTRADAY_LIMIT,2,25760.0,30240.0,CLOSED,,,2026-09-09,25500,STOP_LOSS,0.0,-5.133928571428569,False,-5.133928571428569,B_DIP4_3R_GTC,KOSPI,-8.92857142857143,0.22124415220183824
2026-08-28,025000,KPX케미칼,55800.0,53568.0,True,FILLED,2026-09-10,53568.0,INTRADAY_LIMIT,9,51336.0,60264.0,OPEN,,,,,,100.0,9.393667861409805,False,0,B_DIP4_3R_GTC,KOSPI,5.017921146953408,0.22124415220183824
2026-08-28,044820,코스맥스비티아이,26800.0,25728.0,True,FILLED,2026-09-01,25728.0,INTRADAY_LIMIT,2,24656.0,28944.0,CLOSED,,,2026-09-03,24600,STOP_LOSS_GAP,0.0,-4.384328358208956,False,-4.384328358208956,B_DIP4_3R_GTC,KOSPI,-8.208955223880599,0.22124415220183824
2026-08-28,088350,한화생명,5950.0,5712.0,True,FILLED,2026-09-04,5712.0,INTRADAY_LIMIT,5,5474.0,6426.0,CLOSED,,,2026-09-30,5330,STOP_LOSS,0.0,-6.68767507002801,False,-6.68767507002801,B_DIP4_3R_GTC,KOSPI,-10.420168067226887,0.22124415220183824
2026-08-28,090430,아모레퍼시픽,150600.0,144576.0,True,FILLED,2026-09-01,144576.0,INTRADAY_LIMIT,2,138552.0,162648.0,CLOSED,,,2026-09-09,138300,STOP_LOSS,0.0,-4.34096945551129,False,-4.34096945551129,B_DIP4_3R_GTC,KOSPI,-8.16733067729084,0.22124415220183824
2026-08-28,104700,한국철강,10120.0,9715.199999999999,True,FILLED,2026-09-02,9715.199999999999,INTRADAY_LIMIT,3,9310.4,10929.599999999997,CLOSED,,,2026-09-30,9310,STOP_LOSS,0.0,-4.170783926218702,False,-4.170783926218702,B_DIP4_3R_GTC,KOSPI,-8.00395256916996,0.22124415220183824
2026-08-28,161890,한국콜마,161700.0,155232.0,True,FILLED,2026-09-01,155232.0,INTRADAY_LIMIT,2,148764.0,174636.0,CLOSED,,,2026-09-04,145800,STOP_LOSS,0.0,-6.076066790352508,False,-6.076066790352508,B_DIP4_3R_GTC,KOSPI,-9.83302411873841,0.22124415220183824
2026-08-28,192820,코스맥스,303000.0,290880.0,True,FILLED,2026-09-01,290880.0,INTRADAY_LIMIT,2,278760.0,327240.0,CLOSED,,,2026-09-02,278500,STOP_LOSS_GAP,0.0,-4.256050605060501,False,-4.256050605060501,B_DIP4_3R_GTC,KOSPI,-8.085808580858089,0.22124415220183824
2026-08-28,278470,에이피알,461500.0,443040.0,True,FILLED,2026-09-01,443040.0,INTRADAY_LIMIT,2,424580.0,498420.0,CLOSED,,,2026-09-02,419000,STOP_LOSS,0.0,-5.4261466233297195,False,-5.4261466233297195,B_DIP4_3R_GTC,KOSPI,-9.209100758396538,0.22124415220183824
2026-08-28,300720,한일시멘트,16950.0,16272.0,True,FILLED,2026-09-02,16272.0,INTRADAY_LIMIT,3,15594.0,18306.0,OPEN,,,,,,100.0,-0.5653883972468021,False,0,B_DIP4_3R_GTC,KOSPI,-4.542772861356936,0.22124415220183824
2026-08-31,068930,디지털대성,8660.0,8313.6,False,NOT_REACHED,,,,,,,,,,,,,,0.0,False,0.0,B_DIP4_3R_GTC,KOSDAQ,6.235565819861422,7.687974205611958
2026-08-31,353810,이지바이오,6830.0,6556.8,True,FILLED,2026-09-02,6556.8,INTRADAY_LIMIT,2,6283.6,7376.4,CLOSED,,,2026-09-07,6160,STOP_LOSS,0.0,-6.0517325524646175,False,-6.0517325524646175,B_DIP4_3R_GTC,KOSDAQ,-9.809663250366029,7.687974205611958
2026-08-31,014820,동원시스템즈,23200.0,22272.0,True,FILLED,2026-09-02,22272.0,INTRADAY_LIMIT,2,21344.0,25056.0,CLOSED,,,2026-09-09,21250,STOP_LOSS_GAP,0.0,-4.588721264367813,False,-4.588721264367813,B_DIP4_3R_GTC,KOSPI,-8.405172413793105,-0.2363629432171832
2026-08-31,086790,하나금융지주,136300.0,130848.0,True,FILLED,2026-09-30,130848.0,INTRADAY_LIMIT,20,125396.0,147204.0,OPEN,,,,,,100.0,-1.4887503056982165,False,0,B_DIP4_3R_GTC,KOSPI,-5.4292002934702825,-0.2363629432171832
2026-08-31,123890,한국자산신탁,2640.0,2534.4,True,FILLED,2026-09-08,2534.4,INTRADAY_LIMIT,6,2428.8,2851.2,CLOSED,,,2026-09-23,2425,STOP_LOSS,0.0,-4.316603535353536,False,-4.316603535353536,B_DIP4_3R_GTC,KOSPI,-8.143939393939393,-0.2363629432171832
2026-08-31,373220,LG에너지솔루션,378000.0,362880.0,True,FILLED,2026-09-02,359500,OPEN_BETTER_THAN_LIMIT,2,347760.0,394720.0,CLOSED,,,2026-09-02,347500,STOP_LOSS,0.0,-3.3379694019471495,False,-3.3379694019471495,B_DIP4_3R_GTC,KOSPI,-8.06878306878307,-0.2363629432171832
2026-09-01,001060,JW중외제약,29000.0,27840.0,True,FILLED,2026-09-02,27840.0,INTRADAY_LIMIT,1,26680.0,31320.0,CLOSED,,,2026-09-11,26400,STOP_LOSS_GAP,0.0,-5.1724137931034475,False,-5.1724137931034475,B_DIP4_3R_GTC,KOSPI,-8.965517241379306,-0.46666081512040103
2026-09-01,089860,롯데렌탈,51400.0,49344.0,True,FILLED,2026-09-08,49344.0,INTRADAY_LIMIT,5,47288.0,55512.0,OPEN,,,,,,100.0,3.9640077821011754,False,0,B_DIP4_3R_GTC,KOSPI,-0.1945525291828787,-0.46666081512040103
2026-09-01,126560,현대퓨처넷,3425.0,3288.0,False,NOT_REACHED,,,,,,,,,,,,,,0.0,False,0.0,B_DIP4_3R_GTC,KOSPI,-1.4598540145985384,-0.46666081512040103
2026-09-02,159010,아스플로,24100.0,23136.0,True,FILLED,2026-09-08,23136.0,INTRADAY_LIMIT,4,22172.0,26028.0,CLOSED,,,2026-09-15,22000,STOP_LOSS_GAP,0.0,-4.9100968188105165,False,-4.9100968188105165,B_DIP4_3R_GTC,KOSDAQ,-8.713692946058094,11.747804671758
2026-09-02,377450,리파인,16800.0,16128.0,True,FILLED,2026-09-15,16128.0,INTRADAY_LIMIT,9,15456.0,18144.0,CLOSED,,,2026-09-15,14250,STOP_LOSS,0.0,-11.644345238095234,False,-11.644345238095234,B_DIP4_3R_GTC,KOSDAQ,-15.17857142857143,11.747804671758
2026-09-02,180640,한진칼,139100.0,133536.0,True,FILLED,2026-09-03,133536.0,INTRADAY_LIMIT,1,127972.0,150228.0,CLOSED,2026-09-08,150228.0,2026-09-11,131700,TREND_EXIT_GAP_50MA,0.0,5.562544931703811,False,5.562544931703811,B_DIP4_3R_GTC,KOSPI,-3.738317757009346,3.675000609503365
2026-09-03,008930,한미사이언스,51500.0,49440.0,True,FILLED,2026-09-14,49100,OPEN_BETTER_THAN_LIMIT,7,47380.0,54260.0,PARTIAL,2026-10-01,54260.0,,,,50.0,14.41955193482688,False,5.254582484725045,B_DIP4_3R_GTC,KOSPI,12.815533980582527,3.4109078529002357
2026-09-03,088350,한화생명,6110.0,5865.599999999999,True,FILLED,2026-09-04,5865.599999999999,INTRADAY_LIMIT,1,5621.2,6598.799999999998,CLOSED,,,2026-09-30,5330,STOP_LOSS,0.0,-9.131205673758858,False,-9.131205673758858,B_DIP4_3R_GTC,KOSPI,-12.765957446808507,3.4109078529002357
2026-09-03,145990,삼양사,47400.0,45504.0,True,FILLED,2026-09-22,45504.0,INTRADAY_LIMIT,13,43608.0,51192.0,OPEN,,,,,,100.0,1.3097749648382617,False,0,B_DIP4_3R_GTC,KOSPI,-2.742616033755274,3.4109078529002357
2026-09-03,306200,세아제강,147500.0,141600.0,True,FILLED,2026-09-16,141600.0,INTRADAY_LIMIT,9,135700.0,159300.0,PARTIAL,2026-10-01,159300.0,,,,50.0,8.6864406779661,False,6.25,B_DIP4_3R_GTC,KOSPI,0.6779661016949046,3.4109078529002357
2026-09-04,031980,피에스케이홀딩스,144000.0,138240.0,False,NOT_REACHED,,,,,,,,,,,,,,0.0,False,0.0,B_DIP4_3R_GTC,KOSDAQ,32.833333333333336,10.440073755377988
2026-09-04,049430,코메론,22450.0,21552.0,True,FILLED,2026-09-07,21552.0,INTRADAY_LIMIT,1,20654.0,24246.0,OPEN,,,,,,100.0,1.6146993318485459,False,0,B_DIP4_3R_GTC,KOSDAQ,-2.4498886414253906,10.440073755377988
2026-09-04,064290,인텍플러스,40150.0,38544.0,False,NOT_REACHED,,,,,,,,,,,,,,0.0,False,0.0,B_DIP4_3R_GTC,KOSDAQ,34.85180572851806,10.440073755377988
2026-09-04,377450,리파인,16960.0,16281.599999999999,True,FILLED,2026-09-15,16281.599999999999,INTRADAY_LIMIT,7,15603.2,18316.799999999992,CLOSED,,,2026-09-15,14250,STOP_LOSS,0.0,-12.477889150943389,False,-12.477889150943389,B_DIP4_3R_GTC,KOSDAQ,-15.978773584905658,10.440073755377988
2026-09-04,002310,아세아제지,8840.0,8486.4,True,FILLED,2026-09-15,8486.4,INTRADAY_LIMIT,7,8132.8,9547.199999999997,CLOSED,,,2026-09-29,7960,STOP_LOSS,0.0,-6.202865761689291,False,-6.202865761689291,B_DIP4_3R_GTC,KOSPI,-9.954751131221718,1.7449728661130592
2026-09-04,004690,삼천리,136700.0,131232.0,True,FILLED,2026-09-16,131232.0,INTRADAY_LIMIT,8,125764.0,147636.0,OPEN,,,,,,100.0,-2.2342111680078047,False,0,B_DIP4_3R_GTC,KOSPI,-6.144842721287491,1.7449728661130592
2026-09-04,180640,한진칼,146000.0,140160.0,True,FILLED,2026-09-07,140160.0,INTRADAY_LIMIT,1,134320.0,157680.0,CLOSED,,,2026-09-11,131700,STOP_LOSS_GAP,0.0,-6.0359589041095845,False,-6.0359589041095845,B_DIP4_3R_GTC,KOSPI,-9.794520547945208,1.7449728661130592
2026-09-04,272450,진에어,6140.0,5894.4,True,FILLED,2026-09-14,5894.4,INTRADAY_LIMIT,6,5648.8,6631.199999999998,OPEN,,,,,,100.0,-1.092562432138977,False,0,B_DIP4_3R_GTC,KOSPI,-5.048859934853422,1.7449728661130592
2026-09-07,064760,티씨케이,268500.0,257760.0,True,FILLED,2026-09-09,257760.0,INTRADAY_LIMIT,2,247020.0,289980.0,PARTIAL,2026-09-29,289980.0,,,,50.0,11.533985102420852,False,6.25,B_DIP4_3R_GTC,KOSDAQ,6.145251396648055,9.272795825782353
2026-09-07,131290,티에스이,261500.0,251040.0,True,FILLED,2026-09-14,251000,OPEN_BETTER_THAN_LIMIT,5,240580.0,282260.0,CLOSED,,,2026-09-14,236000,STOP_LOSS,0.0,-5.976095617529875,False,-5.976095617529875,B_DIP4_3R_GTC,KOSDAQ,-9.751434034416828,9.272795825782353
2026-09-08,241770,메카로,42350.0,40656.0,True,FILLED,2026-09-14,40656.0,INTRADAY_LIMIT,4,38962.0,45738.0,CLOSED,,,2026-09-15,38750,STOP_LOSS,0.0,-4.688114915387642,False,-4.688114915387642,B_DIP4_3R_GTC,KOSDAQ,-8.500590318772138,10.66044242991575
2026-09-09,00088K,한화3우B,43600.0,41856.0,True,FILLED,2026-09-10,41856.0,INTRADAY_LIMIT,1,40112.0,47088.0,CLOSED,,,2026-09-21,39600,STOP_LOSS,0.0,-5.389908256880737,False,-5.389908256880737,B_DIP4_3R_GTC,KOSPI,-9.174311926605505,-3.5132252922724483
2026-09-09,012630,HDC,24700.0,23712.0,True,FILLED,2026-10-02,23712.0,INTRADAY_LIMIT,15,22724.0,26676.0,CLOSED,,,2026-10-07,22600,STOP_LOSS,0.0,-4.689608636977061,False,-4.689608636977061,B_DIP4_3R_GTC,KOSPI,-8.502024291497978,-3.5132252922724483
2026-09-09,020120,키다리스튜디오,7960.0,7641.599999999999,True,FILLED,2026-09-21,7641.599999999999,INTRADAY_LIMIT,8,7323.200000000001,8596.799999999996,CLOSED,2026-09-28,8596.799999999996,2026-10-06,7140,TREND_EXIT_50MA,0.0,2.9679648241205836,False,2.9679648241205836,B_DIP4_3R_GTC,KOSPI,-10.301507537688437,-3.5132252922724483
2026-09-09,096770,SK이노베이션,153500.0,147360.0,True,FILLED,2026-09-11,147360.0,INTRADAY_LIMIT,2,141220.0,165780.0,CLOSED,,,2026-09-14,136700,STOP_LOSS,0.0,-7.233984799131377,False,-7.233984799131377,B_DIP4_3R_GTC,KOSPI,-10.94462540716612,-3.5132252922724483
2026-09-10,078340,컴투스,34850.0,33456.0,True,FILLED,2026-09-16,33456.0,INTRADAY_LIMIT,4,32062.0,37638.0,PARTIAL,2026-09-28,37638.0,,,,50.0,11.397058823529417,False,6.25,B_DIP4_3R_GTC,KOSDAQ,5.882352941176472,7.349567461645079
2026-09-10,425420,티에프이,58900.0,56544.0,True,FILLED,2026-09-11,56544.0,INTRADAY_LIMIT,1,54188.0,63612.0,CLOSED,,,2026-09-14,53300,STOP_LOSS_GAP,0.0,-5.737125070741367,False,-5.737125070741367,B_DIP4_3R_GTC,KOSDAQ,-9.507640067911716,7.349567461645079
2026-09-10,004690,삼천리,138000.0,132480.0,True,FILLED,2026-09-16,132480.0,INTRADAY_LIMIT,4,126960.0,149040.0,OPEN,,,,,,100.0,-3.1551932367149704,False,0,B_DIP4_3R_GTC,KOSPI,-7.028985507246377,-3.2701537691642857
2026-09-10,018670,SK가스,252000.0,241920.0,True,FILLED,2026-09-14,241920.0,INTRADAY_LIMIT,2,231840.0,272160.0,PARTIAL,2026-10-07,272160.0,,,,50.0,12.156911375661373,False,6.25,B_DIP4_3R_GTC,KOSPI,7.341269841269837,-3.2701537691642857
2026-09-11,005090,SGC에너지,61200.0,58752.0,True,FILLED,2026-09-14,58752.0,INTRADAY_LIMIT,1,56304.0,66096.0,CLOSED,,,2026-09-15,55300,STOP_LOSS,0.0,-5.875544662309373,False,-5.875544662309373,B_DIP4_3R_GTC,KOSPI,-9.640522875816993,-1.5341733828660553
2026-09-11,030210,다올투자증권,4050.0,3888.0,True,FILLED,2026-09-16,3888.0,INTRADAY_LIMIT,3,3726.0,4374.0,OPEN,,,,,,100.0,1.9804526748971263,False,0,B_DIP4_3R_GTC,KOSPI,-2.0987654320987703,-1.5341733828660553
2026-09-11,294870,IPARK현대산업개발,24850.0,23856.0,True,FILLED,2026-09-16,23856.0,INTRADAY_LIMIT,3,22862.0,26838.0,CLOSED,,,2026-10-01,22650,STOP_LOSS,0.0,-5.0553319919517055,False,-5.0553319919517055,B_DIP4_3R_GTC,KOSPI,-8.853118712273645,-1.5341733828660553
2026-09-14,068930,디지털대성,8850.0,8496.0,False,NOT_REACHED,,,,,,,,,,,,,,0.0,False,0.0,B_DIP4_3R_GTC,KOSDAQ,3.9548022598870025,11.358593933985306
2026-09-14,377450,리파인,17160.0,16473.6,True,FILLED,2026-09-15,16473.6,INTRADAY_LIMIT,1,15787.2,18532.799999999992,CLOSED,,,2026-09-15,14250,STOP_LOSS,0.0,-13.49796037296036,False,-13.49796037296036,B_DIP4_3R_GTC,KOSDAQ,-16.95804195804196,11.358593933985306
2026-09-14,094800,맵스리얼티,7420.0,7123.2,False,NOT_REACHED,,,,,,,,,,,,,,0.0,False,0.0,B_DIP4_3R_GTC,KOSPI,1.0781671159029615,1.7882014310997008
2026-09-15,028100,동아지질,18690.0,17942.399999999998,False,NOT_REACHED,,,,,,,,,,,,,,0.0,False,0.0,B_DIP4_3R_GTC,KOSPI,5.7784911717496,2.6653549128900833
2026-09-15,453340,현대그린푸드,19400.0,18624.0,True,FILLED,2026-09-18,18624.0,INTRADAY_LIMIT,3,17848.0,20952.0,OPEN,,,,,,100.0,1.9652061855670144,False,0,B_DIP4_3R_GTC,KOSPI,-2.1134020618556737,2.6653549128900833
2026-09-16,219130,타이거일렉,74800.0,71808.0,True,FILLED,2026-09-17,71800,OPEN_BETTER_THAN_LIMIT,1,68816.0,80752.0,PARTIAL,2026-09-23,80752.0,,,,50.0,24.479108635097493,False,6.233983286908074,B_DIP4_3R_GTC,KOSDAQ,27.508021390374328,10.104414323880473
2026-09-16,001120,LX인터내셔널,41650.0,39984.0,True,FILLED,2026-09-23,39984.0,INTRADAY_LIMIT,5,38318.0,44982.0,OPEN,,,,,,100.0,9.91896758703481,False,0,B_DIP4_3R_GTC,KOSPI,5.522208883553414,1.2791066348911917
2026-09-18,045100,한양이엔지,32100.0,30816.0,False,NOT_REACHED,,,,,,,,,,,,,,0.0,False,0.0,B_DIP4_3R_GTC,KOSDAQ,4.672897196261672,8.621481768062678
2026-09-18,013580,계룡건설,23500.0,22560.0,True,FILLED,2026-09-22,22560.0,INTRADAY_LIMIT,2,21620.0,25380.0,CLOSED,,,2026-10-01,21450,STOP_LOSS,0.0,-4.9202127659574435,False,-4.9202127659574435,B_DIP4_3R_GTC,KOSPI,-8.723404255319146,-1.3102260876123983
2026-09-21,098120,마이크로컨텍솔,57600.0,55296.0,True,FILLED,2026-09-30,55296.0,INTRADAY_LIMIT,5,52992.0,62208.0,PARTIAL,2026-10-07,62208.0,,,,50.0,10.955584490740744,False,6.25,B_DIP4_3R_GTC,KOSDAQ,5.034722222222232,7.433006086550997
2026-09-21,252990,샘씨엔에스,18090.0,17366.399999999998,True,FILLED,2026-09-22,17366.399999999998,INTRADAY_LIMIT,1,16642.8,19537.199999999993,PARTIAL,2026-09-29,19537.199999999993,,,,50.0,11.097291321171909,False,6.249999999999989,B_DIP4_3R_GTC,KOSDAQ,5.306799336650081,7.433006086550997
2026-09-21,000430,대원강업,5040.0,4838.4,True,FILLED,2026-09-23,4838.4,INTRADAY_LIMIT,2,4636.8,5443.199999999998,CLOSED,,,2026-09-29,4580,STOP_LOSS,0.0,-5.3406084656084545,False,-5.3406084656084545,B_DIP4_3R_GTC,KOSPI,-9.126984126984128,-2.90850661841513
2026-09-21,003160,디아이,35400.0,33984.0,False,NOT_REACHED,,,,,,,,,,,,,,0.0,False,0.0,B_DIP4_3R_GTC,KOSPI,20.6864406779661,-2.90850661841513
2026-09-21,029460,케이씨,44600.0,42816.0,True,FILLED,2026-09-22,42816.0,INTRADAY_LIMIT,1,41032.0,48168.0,OPEN,,,,,,100.0,10.355941704035864,False,0,B_DIP4_3R_GTC,KOSPI,5.94170403587444,-2.90850661841513
2026-09-22,059090,미코,22600.0,21696.0,True,FILLED,2026-09-29,21500,OPEN_BETTER_THAN_LIMIT,3,20792.0,23624.0,PARTIAL,2026-10-01,23624.0,,,,50.0,8.07906976744186,False,4.939534883720931,B_DIP4_3R_GTC,KOSDAQ,1.106194690265494,7.676358493731872
2026-09-22,095340,ISC,208000.0,199680.0,False,NOT_REACHED,,,,,,,,,,,,,,0.0,False,0.0,B_DIP4_3R_GTC,KOSDAQ,-2.644230769230771,7.676358493731872
2026-09-22,222800,심텍,148100.0,142176.0,False,NOT_REACHED,,,,,,,,,,,,,,0.0,False,0.0,B_DIP4_3R_GTC,KOSDAQ,15.057393652937211,7.676358493731872
2026-09-22,425420,티에프이,64400.0,61824.0,True,FILLED,2026-09-29,61824.0,INTRADAY_LIMIT,3,59248.0,69552.0,PARTIAL,2026-10-01,69552.0,,,,50.0,8.65683229813664,False,6.25,B_DIP4_3R_GTC,KOSDAQ,0.6211180124223503,7.676358493731872
2026-09-22,003490,대한항공,31400.0,30144.0,False,NOT_REACHED,,,,,,,,,,,,,,0.0,False,0.0,B_DIP4_3R_GTC,KOSPI,-1.7515923566879033,-3.0494833932039667
2026-09-22,020560,아시아나항공,8370.0,8035.2,False,NOT_REACHED,,,,,,,,,,,,,,0.0,False,0.0,B_DIP4_3R_GTC,KOSPI,-1.5531660692950977,-3.0494833932039667
2026-09-23,017890,한국알콜,15390.0,14774.4,False,NOT_REACHED,,,,,,,,,,,,,,0.0,False,0.0,B_DIP4_3R_GTC,KOSDAQ,4.483430799220267,6.388546798029537
2026-09-23,084370,유진테크,163600.0,157056.0,True,FILLED,2026-09-28,157056.0,INTRADAY_LIMIT,1,150512.0,176688.0,PARTIAL,2026-10-01,176688.0,,,,50.0,10.05246536267319,False,6.25,B_DIP4_3R_GTC,KOSDAQ,3.3007334963325086,6.388546798029537
2026-09-23,114810,한솔아이원스,14770.0,14179.199999999999,False,NOT_REACHED,,,,,,,,,,,,,,0.0,False,0.0,B_DIP4_3R_GTC,KOSDAQ,-0.9478672985781977,6.388546798029537
2026-09-23,417840,저스템,17080.0,16396.8,False,NOT_REACHED,,,,,,,,,,,,,,0.0,False,0.0,B_DIP4_3R_GTC,KOSDAQ,10.070257611241207,6.388546798029537
2026-09-23,446540,메가터치,10900.0,10464.0,True,FILLED,2026-09-28,10464.0,INTRADAY_LIMIT,1,10028.0,11772.0,OPEN,,,,,,100.0,5.026758409785925,False,0,B_DIP4_3R_GTC,KOSDAQ,0.8256880733944927,6.388546798029537
2026-09-23,006120,SK디스커버리,60300.0,57888.0,False,NOT_REACHED,,,,,,,,,,,,,,0.0,False,0.0,B_DIP4_3R_GTC,KOSPI,19.237147595356554,-3.91220349898036
2026-09-23,010955,S-Oil우,84000.0,80640.0,True,FILLED,2026-10-01,80640.0,INTRADAY_LIMIT,4,77280.0,90720.0,OPEN,,,,,,100.0,11.979166666666675,False,0,B_DIP4_3R_GTC,KOSPI,7.499999999999996,-3.91220349898036
2026-09-28,009240,한샘,40750.0,39120.0,True,FILLED,2026-09-30,39120.0,INTRADAY_LIMIT,2,37490.0,44010.0,OPEN,,,,,,100.0,3.527607361963181,False,0,B_DIP4_3R_GTC,KOSPI,-0.6134969325153339,-1.245910585885679
2026-09-28,025000,KPX케미칼,57700.0,55392.0,False,NOT_REACHED,,,,,,,,,,,,,,0.0,False,0.0,B_DIP4_3R_GTC,KOSPI,1.559792027729645,-1.245910585885679
2026-09-28,284740,쿠쿠홈시스,24300.0,23328.0,False,NOT_REACHED,,,,,,,,,,,,,,0.0,False,0.0,B_DIP4_3R_GTC,KOSPI,2.4691358024691468,-1.245910585885679
2026-09-29,031980,피에스케이홀딩스,180800.0,173568.0,False,NOT_REACHED,,,,,,,,,,,,,,0.0,False,0.0,B_DIP4_3R_GTC,KOSDAQ,12.831858407079654,5.72252294657567
2026-09-29,064760,티씨케이,300000.0,288000.0,True,FILLED,2026-10-06,288000.0,INTRADAY_LIMIT,4,276000.0,324000.0,OPEN,,,,,,100.0,-1.041666666666663,False,0,B_DIP4_3R_GTC,KOSDAQ,-5.000000000000004,5.72252294657567
2026-09-29,101160,월덱스,32250.0,30960.0,False,NOT_REACHED,,,,,,,,,,,,,,0.0,False,0.0,B_DIP4_3R_GTC,KOSDAQ,-0.15503875968991832,5.72252294657567
2026-09-29,219130,타이거일렉,91000.0,87360.0,False,NOT_REACHED,,,,,,,,,,,,,,0.0,False,0.0,B_DIP4_3R_GTC,KOSDAQ,7.692307692307687,5.72252294657567
2026-09-29,252990,샘씨엔에스,19950.0,19152.0,True,FILLED,2026-10-06,19152.0,INTRADAY_LIMIT,4,18354.0,21546.0,OPEN,,,,,,100.0,-0.5325814536340845,False,0,B_DIP4_3R_GTC,KOSDAQ,-4.511278195488721,5.72252294657567
2026-09-29,029460,케이씨,46250.0,44400.0,True,FILLED,2026-09-30,44400.0,INTRADAY_LIMIT,1,42550.0,49950.0,OPEN,,,,,,100.0,6.4189189189189255,False,0,B_DIP4_3R_GTC,KOSPI,2.1621621621621623,-0.9738298686763347
2026-09-30,036930,주성엔지니어링,232500.0,223200.0,False,NOT_REACHED,,,,,,,,,,,,,,0.0,False,0.0,B_DIP4_3R_GTC,KOSDAQ,6.451612903225801,4.967812036312225
2026-09-30,059090,미코,23200.0,22272.0,False,NOT_REACHED,,,,,,,,,,,,,,0.0,False,0.0,B_DIP4_3R_GTC,KOSDAQ,-1.5086206896551713,4.967812036312225
2026-09-30,078350,한양디지텍,31950.0,30672.0,False,NOT_REACHED,,,,,,,,,,,,,,0.0,False,0.0,B_DIP4_3R_GTC,KOSDAQ,13.928012519561817,4.967812036312225
2026-09-30,122640,예스티,33600.0,32256.0,True,FILLED,2026-10-07,32256.0,INTRADAY_LIMIT,4,30912.0,36288.0,OPEN,,,,,,100.0,-1.4136904761904767,False,0,B_DIP4_3R_GTC,KOSDAQ,-5.35714285714286,4.967812036312225
2026-09-30,001120,LX인터내셔널,43300.0,41568.0,False,NOT_REACHED,,,,,,,,,,,,,,0.0,False,0.0,B_DIP4_3R_GTC,KOSPI,1.501154734411081,-0.4992658715070486
2026-09-30,020000,한섬,21000.0,20160.0,False,NOT_REACHED,,,,,,,,,,,,,,0.0,False,0.0,B_DIP4_3R_GTC,KOSPI,3.3333333333333437,-0.4992658715070486
2026-09-30,306200,세아제강,153200.0,147072.0,True,FILLED,2026-10-02,147072.0,INTRADAY_LIMIT,2,140944.0,165456.0,OPEN,,,,,,100.0,0.9709530026109636,False,0,B_DIP4_3R_GTC,KOSPI,-3.067885117493474,-0.4992658715070486
2026-10-02,005160,동국산업,3970.0,3811.2,False,NOT_REACHED,,,,,,,,,,,,,,0.0,False,0.0,B_DIP4_3R_GTC,KOSDAQ,-3.0226700251889116,0.5754010455730985
2026-10-02,036710,심텍홀딩스,4960.0,4761.599999999999,False,NOT_REACHED,,,,,,,,,,,,,,0.0,False,0.0,B_DIP4_3R_GTC,KOSDAQ,2.4193548387096753,0.5754010455730985
2026-10-02,064290,인텍플러스,59100.0,56736.0,False,NOT_REACHED,,,,,,,,,,,,,,0.0,False,0.0,B_DIP4_3R_GTC,KOSDAQ,-1.0152284263959421,0.5754010455730985
2026-10-06,031980,피에스케이홀딩스,197000.0,189120.0,True,FILLED,2026-10-07,189120.0,INTRADAY_LIMIT,1,181240.0,212760.0,OPEN,,,,,,100.0,7.868020304568524,False,0,B_DIP4_3R_GTC,KOSDAQ,3.5532994923857864,-2.33607270197409
2026-10-06,091580,상신이디피,24850.0,23856.0,False,NOT_REACHED,,,,,,,,,,,,,,0.0,False,0.0,B_DIP4_3R_GTC,KOSDAQ,-1.2072434607645843,-2.33607270197409
2026-10-06,236200,슈프리마,60400.0,57984.0,True,FILLED,2026-10-07,57984.0,INTRADAY_LIMIT,1,55568.0,65232.0,CLOSED,,,2026-10-07,54800,STOP_LOSS,0.0,-5.491169977924947,False,-5.491169977924947,B_DIP4_3R_GTC,KOSDAQ,-9.27152317880795,-2.33607270197409
2026-10-06,006400,삼성SDI,575000.0,552000.0,False,NOT_REACHED,,,,,,,,,,,,,,0.0,False,0.0,B_DIP4_3R_GTC,KOSPI,-2.260869565217394,-1.980727203053001
2026-10-06,007660,이수페타시스,131900.0,126624.0,True,FILLED,2026-10-07,126624.0,INTRADAY_LIMIT,1,121348.0,142452.0,OPEN,,,,,,100.0,-3.6517563810967935,False,0,B_DIP4_3R_GTC,KOSPI,-7.505686125852917,-1.980727203053001
2026-10-06,192820,코스맥스,298000.0,286080.0,False,NOT_REACHED,,,,,,,,,,,,,,0.0,False,0.0,B_DIP4_3R_GTC,KOSPI,3.523489932885915,-1.980727203053001
2026-10-06,226320,잇츠한불,11260.0,10809.6,False,NOT_REACHED,,,,,,,,,,,,,,0.0,False,0.0,B_DIP4_3R_GTC,KOSPI,4.440497335701599,-1.980727203053001
2026-10-06,373220,LG에너지솔루션,390000.0,374400.0,False,NOT_REACHED,,,,,,,,,,,,,,0.0,False,0.0,B_DIP4_3R_GTC,KOSPI,0.2564102564102555,-1.980727203053001
2026-10-07,041960,코미팜,11000.0,10560.0,False,NO_FUTURE_BAR,,,,,,,,,,,,,,0.0,False,0.0,B_DIP4_3R_GTC,KOSDAQ,0.0,0.0
2026-10-07,131290,티에스이,316000.0,303360.0,False,NO_FUTURE_BAR,,,,,,,,,,,,,,0.0,False,0.0,B_DIP4_3R_GTC,KOSDAQ,0.0,0.0
2026-10-07,219130,타이거일렉,98000.0,94080.0,False,NO_FUTURE_BAR,,,,,,,,,,,,,,0.0,False,0.0,B_DIP4_3R_GTC,KOSDAQ,0.0,0.0
2026-10-07,002320,한진,16860.0,16185.599999999999,False,NO_FUTURE_BAR,,,,,,,,,,,,,,0.0,False,0.0,B_DIP4_3R_GTC,KOSPI,0.0,0.0
2026-10-07,002960,한국쉘석유,541000.0,519360.0,False,NO_FUTURE_BAR,,,,,,,,,,,,,,0.0,False,0.0,B_DIP4_3R_GTC,KOSPI,0.0,0.0
2026-10-07,008930,한미사이언스,58100.0,55776.0,False,NO_FUTURE_BAR,,,,,,,,,,,,,,0.0,False,0.0,B_DIP4_3R_GTC,KOSPI,0.0,0.0
2026-10-07,078520,에이블씨엔씨,11880.0,11404.8,False,NO_FUTURE_BAR,,,,,,,,,,,,,,0.0,False,0.0,B_DIP4_3R_GTC,KOSPI,0.0,0.0
2026-10-07,383220,F&F,74100.0,71136.0,False,NO_FUTURE_BAR,,,,,,,,,,,,,,0.0,False,0.0,B_DIP4_3R_GTC,KOSPI,0.0,0.0
2026-08-24,002840,미원상사,131800.0,126528.0,False,NOT_REACHED,,,,,,,,,,,,,,0.0,False,0.0,C_DIP4_STOPFILL_GTC,KOSPI,5.993930197268593,1.5968439411314872
2026-08-24,028670,팬오션,6320.0,6067.2,True,FILLED,2026-08-26,6067.2,INTRADAY_LIMIT,2,5581.8240000000005,7523.327999999998,CLOSED,,,2026-09-02,5550,STOP_LOSS_GAP,0.0,-8.524525316455689,False,-8.524525316455689,C_DIP4_STOPFILL_GTC,KOSPI,-11.234177215189877,1.5968439411314872
2026-08-24,058650,세아홀딩스,132600.0,127296.0,True,FILLED,2026-09-23,127296.0,INTRADAY_LIMIT,22,117112.32,157847.03999999998,OPEN,,,,,,100.0,-0.7824283559577649,False,0,C_DIP4_STOPFILL_GTC,KOSPI,-4.751131221719462,1.5968439411314872
2026-08-25,002310,아세아제지,8560.0,8217.6,True,FILLED,2026-08-27,8217.6,INTRADAY_LIMIT,2,7560.192000000001,10189.823999999999,CLOSED,,,2026-10-07,7530,STOP_LOSS,0.0,-8.367406542056077,False,-8.367406542056077,C_DIP4_STOPFILL_GTC,KOSPI,-8.294392523364492,0.9070496563711394
2026-08-25,078930,GS,121800.0,116928.0,True,FILLED,2026-08-26,116928.0,INTRADAY_LIMIT,1,107573.76000000001,144990.71999999997,CLOSED,,,2026-09-30,107200,STOP_LOSS,0.0,-8.319649698960042,False,-8.319649698960042,C_DIP4_STOPFILL_GTC,KOSPI,-8.045977011494255,0.9070496563711394
2026-08-25,080580,오킨스전자,19400.0,18624.0,True,FILLED,2026-08-26,18624.0,INTRADAY_LIMIT,1,17134.08,23093.759999999995,PARTIAL,2026-09-17,23093.759999999995,,,,50.0,37.57452749140893,False,11.99999999999999,C_DIP4_STOPFILL_GTC,KOSDAQ,34.551546391752574,8.617542162848334
2026-08-25,090430,아모레퍼시픽,143300.0,137568.0,True,FILLED,2026-09-09,137568.0,INTRADAY_LIMIT,11,126562.56000000001,170584.31999999995,OPEN,,,,,,100.0,0.6774831356129329,False,0,C_DIP4_STOPFILL_GTC,KOSPI,-3.3496161898115884,0.9070496563711394
2026-08-25,122900,아이마켓코리아,8350.0,8016.0,True,FILLED,2026-09-09,8016.0,INTRADAY_LIMIT,11,7374.72,9939.84,OPEN,,,,,,100.0,2.6696606786427157,False,0,C_DIP4_STOPFILL_GTC,KOSPI,-1.4371257485029987,0.9070496563711394
2026-08-25,123330,제닉,32200.0,30912.0,True,FILLED,2026-09-07,30912.0,INTRADAY_LIMIT,9,28439.04,38330.88,CLOSED,,,2026-09-07,28350,STOP_LOSS,0.0,-8.288043478260864,False,-8.288043478260864,C_DIP4_STOPFILL_GTC,KOSDAQ,-11.956521739130432,8.617542162848334
2026-08-25,161890,한국콜마,150000.0,144000.0,True,FILLED,2026-08-27,144000.0,INTRADAY_LIMIT,2,132480.0,178560.0,OPEN,,,,,,100.0,1.1111111111111072,False,0,C_DIP4_STOPFILL_GTC,KOSPI,-8.533333333333337,0.9070496563711394
2026-08-25,257720,실리콘투,51900.0,49824.0,True,FILLED,2026-08-27,48250,OPEN_BETTER_THAN_LIMIT,2,44390.0,59830.0,CLOSED,,,2026-09-10,43550,STOP_LOSS,0.0,-9.740932642487044,False,-9.740932642487044,C_DIP4_STOPFILL_GTC,KOSDAQ,-9.152215799614638,8.617542162848334
2026-08-25,278470,에이피알,440500.0,422880.0,True,FILLED,2026-09-02,422880.0,INTRADAY_LIMIT,6,389049.60000000003,524371.2,CLOSED,,,2026-09-07,384000,STOP_LOSS,0.0,-9.194097616345065,False,-9.194097616345065,C_DIP4_STOPFILL_GTC,KOSPI,-10.556186152099889,0.9070496563711394
2026-08-25,280360,롯데웰푸드,135200.0,129792.0,True,FILLED,2026-09-16,129792.0,INTRADAY_LIMIT,16,119408.64,160942.08000000002,CLOSED,,,2026-10-02,119400,STOP_LOSS,0.0,-8.006656804733725,False,-8.006656804733725,C_DIP4_STOPFILL_GTC,KOSPI,-8.357988165680474,0.9070496563711394
2026-08-26,000815,삼성화재우,425000.0,408000.0,True,FILLED,2026-09-16,408000.0,INTRADAY_LIMIT,15,375360.0,505920.0,OPEN,,,,,,100.0,-3.4313725490196068,False,0,C_DIP4_STOPFILL_GTC,KOSPI,-7.9999999999999964,-0.06330592035205251
2026-08-26,003230,삼양식품,1507000.0,1446720.0,True,FILLED,2026-09-03,1446720.0,INTRADAY_LIMIT,6,1330982.4000000001,1793932.7999999996,CLOSED,,,2026-09-07,1330000,STOP_LOSS,0.0,-8.067905330679048,False,-8.067905330679048,C_DIP4_STOPFILL_GTC,KOSPI,-11.745189117451893,-0.06330592035205251
2026-08-26,003300,한일홀딩스,18350.0,17616.0,True,FILLED,2026-09-10,17616.0,INTRADAY_LIMIT,11,16206.720000000001,21843.839999999997,OPEN,,,,,,100.0,-3.0994550408719346,False,0,C_DIP4_STOPFILL_GTC,KOSPI,-6.975476839237061,-0.06330592035205251
2026-08-26,004490,세방전지,59800.0,57408.0,False,NOT_REACHED,,,,,,,,,,,,,,0.0,False,0.0,C_DIP4_STOPFILL_GTC,KOSPI,4.849498327759205,-0.06330592035205251
2026-08-26,006360,GS건설,37800.0,36288.0,True,FILLED,2026-08-28,36288.0,INTRADAY_LIMIT,2,33384.96,44997.12,CLOSED,,,2026-09-01,33300,STOP_LOSS,0.0,-8.234126984126988,False,-8.234126984126988,C_DIP4_STOPFILL_GTC,KOSPI,-11.904761904761907,-0.06330592035205251
2026-08-26,017940,E1,97700.0,93792.0,True,FILLED,2026-09-16,93792.0,INTRADAY_LIMIT,15,86288.64,116302.08,OPEN,,,,,,100.0,-2.5503241214602568,False,0,C_DIP4_STOPFILL_GTC,KOSPI,-9.621289662231325,-0.06330592035205251
2026-08-27,006400,삼성SDI,569000.0,546240.0,True,FILLED,2026-09-02,546240.0,INTRADAY_LIMIT,4,502540.80000000005,677337.5999999999,OPEN,,,,,,100.0,2.8851786760398346,False,0,C_DIP4_STOPFILL_GTC,KOSPI,-8.435852372583474,-1.5692157682531516
2026-08-27,012750,에스원,85500.0,82080.0,True,FILLED,2026-08-28,82080.0,INTRADAY_LIMIT,1,75513.6,101779.19999999998,OPEN,,,,,,100.0,2.0955165692007727,False,0,C_DIP4_STOPFILL_GTC,KOSPI,-1.9883040935672502,-1.5692157682531516
2026-08-27,029460,케이씨,38650.0,37104.0,True,FILLED,2026-08-28,37104.0,INTRADAY_LIMIT,1,34135.68,46008.96,PARTIAL,2026-09-29,46008.96,,,,50.0,25.672380336351875,False,12.0,C_DIP4_STOPFILL_GTC,KOSPI,22.25097024579561,-1.5692157682531516
2026-08-27,183190,아세아시멘트,10550.0,10128.0,True,FILLED,2026-10-01,10128.0,INTRADAY_LIMIT,23,9317.76,12558.72,OPEN,,,,,,100.0,-1.6587677725118488,False,0,C_DIP4_STOPFILL_GTC,KOSPI,-5.592417061611377,-1.5692157682531516
2026-08-27,222800,심텍,126900.0,121824.0,True,FILLED,2026-08-28,121824.0,INTRADAY_LIMIT,1,112078.08,151061.76,PARTIAL,2026-09-22,151061.76,,,,50.0,31.93695823483057,False,12.0,C_DIP4_STOPFILL_GTC,KOSDAQ,29.139479905437348,7.256013848265974
2026-08-28,035600,KG이니시스,10640.0,10214.4,True,FILLED,2026-09-07,10214.4,INTRADAY_LIMIT,6,9397.248,12665.856,OPEN,,,,,,100.0,-5.329730576441094,False,0,C_DIP4_STOPFILL_GTC,KOSDAQ,-8.176691729323304,7.158788659486404
2026-08-28,096530,씨젠,35650.0,34224.0,True,FILLED,2026-08-31,34224.0,INTRADAY_LIMIT,1,31486.08,42437.759999999995,CLOSED,,,2026-09-07,31400,STOP_LOSS,0.0,-8.251519401589524,False,-8.251519401589524,C_DIP4_STOPFILL_GTC,KOSDAQ,-9.957924263674611,7.158788659486404
2026-08-28,204620,글로벌텍스프리,5960.0,5721.599999999999,True,FILLED,2026-08-31,5721.599999999999,INTRADAY_LIMIT,1,5263.871999999999,7094.784,OPEN,,,,,,100.0,0.3215883668903796,False,0,C_DIP4_STOPFILL_GTC,KOSDAQ,-9.899328859060407,7.158788659486404
2026-08-28,002790,아모레퍼시픽홀딩스,28000.0,26880.0,True,FILLED,2026-09-01,26880.0,INTRADAY_LIMIT,2,24729.600000000002,33331.2,OPEN,,,,,,100.0,-1.4136904761904767,False,0,C_DIP4_STOPFILL_GTC,KOSPI,-8.92857142857143,0.22124415220183824
2026-08-28,025000,KPX케미칼,55800.0,53568.0,True,FILLED,2026-09-10,53568.0,INTRADAY_LIMIT,9,49282.560000000005,66424.31999999998,OPEN,,,,,,100.0,9.393667861409805,False,0,C_DIP4_STOPFILL_GTC,KOSPI,5.017921146953408,0.22124415220183824
2026-08-28,044820,코스맥스비티아이,26800.0,25728.0,True,FILLED,2026-09-01,25728.0,INTRADAY_LIMIT,2,23669.760000000002,31902.719999999994,CLOSED,,,2026-09-07,23400,STOP_LOSS,0.0,-9.048507462686572,False,-9.048507462686572,C_DIP4_STOPFILL_GTC,KOSPI,-8.208955223880599,0.22124415220183824
2026-08-28,088350,한화생명,5950.0,5712.0,True,FILLED,2026-09-04,5712.0,INTRADAY_LIMIT,5,5255.04,7082.88,OPEN,,,,,,100.0,-7.037815126050417,False,0,C_DIP4_STOPFILL_GTC,KOSPI,-10.420168067226887,0.22124415220183824
2026-08-28,090430,아모레퍼시픽,150600.0,144576.0,True,FILLED,2026-09-01,144576.0,INTRADAY_LIMIT,2,133009.92,179274.23999999996,CLOSED,,,2026-10-02,132700,STOP_LOSS,0.0,-8.214364763169545,False,-8.214364763169545,C_DIP4_STOPFILL_GTC,KOSPI,-8.16733067729084,0.22124415220183824
2026-08-28,104700,한국철강,10120.0,9715.199999999999,True,FILLED,2026-09-02,9715.199999999999,INTRADAY_LIMIT,3,8937.983999999999,12046.848,OPEN,,,,,,100.0,-3.4502635046113173,False,0,C_DIP4_STOPFILL_GTC,KOSPI,-8.00395256916996,0.22124415220183824
2026-08-28,161890,한국콜마,161700.0,155232.0,True,FILLED,2026-09-01,155232.0,INTRADAY_LIMIT,2,142813.44,192487.68,CLOSED,,,2026-09-08,141000,STOP_LOSS,0.0,-9.168212739641312,False,-9.168212739641312,C_DIP4_STOPFILL_GTC,KOSPI,-9.83302411873841,0.22124415220183824
2026-08-28,192820,코스맥스,303000.0,290880.0,True,FILLED,2026-09-01,290880.0,INTRADAY_LIMIT,2,267609.60000000003,360691.1999999999,CLOSED,,,2026-09-08,265000,STOP_LOSS,0.0,-8.897139713971402,False,-8.897139713971402,C_DIP4_STOPFILL_GTC,KOSPI,-8.085808580858089,0.22124415220183824
2026-08-28,278470,에이피알,461500.0,443040.0,True,FILLED,2026-09-01,443040.0,INTRADAY_LIMIT,2,407596.80000000005,549369.5999999999,CLOSED,,,2026-09-03,406000,STOP_LOSS,0.0,-8.360418923799207,False,-8.360418923799207,C_DIP4_STOPFILL_GTC,KOSPI,-9.209100758396538,0.22124415220183824
2026-08-28,300720,한일시멘트,16950.0,16272.0,True,FILLED,2026-09-02,16272.0,INTRADAY_LIMIT,3,14970.24,20177.28,OPEN,,,,,,100.0,-0.5653883972468021,False,0,C_DIP4_STOPFILL_GTC,KOSPI,-4.542772861356936,0.22124415220183824
2026-08-31,068930,디지털대성,8660.0,8313.6,False,NOT_REACHED,,,,,,,,,,,,,,0.0,False,0.0,C_DIP4_STOPFILL_GTC,KOSDAQ,6.235565819861422,7.687974205611958
2026-08-31,353810,이지바이오,6830.0,6556.8,True,FILLED,2026-09-02,6556.8,INTRADAY_LIMIT,2,6032.256,8130.432,CLOSED,,,2026-09-15,6020,STOP_LOSS,0.0,-8.186920448999512,False,-8.186920448999512,C_DIP4_STOPFILL_GTC,KOSDAQ,-9.809663250366029,7.687974205611958
2026-08-31,014820,동원시스템즈,23200.0,22272.0,True,FILLED,2026-09-02,22272.0,INTRADAY_LIMIT,2,20490.24,27617.279999999995,OPEN,,,,,,100.0,-2.792744252873558,False,0,C_DIP4_STOPFILL_GTC,KOSPI,-8.405172413793105,-0.2363629432171832
2026-08-31,086790,하나금융지주,136300.0,130848.0,True,FILLED,2026-09-30,130848.0,INTRADAY_LIMIT,20,120380.16,162251.52,OPEN,,,,,,100.0,-1.4887503056982165,False,0,C_DIP4_STOPFILL_GTC,KOSPI,-5.4292002934702825,-0.2363629432171832
2026-08-31,123890,한국자산신탁,2640.0,2534.4,True,FILLED,2026-09-08,2534.4,INTRADAY_LIMIT,6,2331.648,3142.656,OPEN,,,,,,100.0,-4.711174242424243,False,0,C_DIP4_STOPFILL_GTC,KOSPI,-8.143939393939393,-0.2363629432171832
2026-08-31,373220,LG에너지솔루션,378000.0,362880.0,True,FILLED,2026-09-02,359500,OPEN_BETTER_THAN_LIMIT,2,330740.0,445780.0,OPEN,,,,,,100.0,8.762169680111276,False,0,C_DIP4_STOPFILL_GTC,KOSPI,-8.06878306878307,-0.2363629432171832
2026-09-01,001060,JW중외제약,29000.0,27840.0,True,FILLED,2026-09-02,27840.0,INTRADAY_LIMIT,1,25612.800000000003,34521.59999999999,OPEN,,,,,,100.0,-0.6824712643678121,False,0,C_DIP4_STOPFILL_GTC,KOSPI,-8.965517241379306,-0.46666081512040103
2026-09-01,089860,롯데렌탈,51400.0,49344.0,True,FILLED,2026-09-08,49344.0,INTRADAY_LIMIT,5,45396.48,61186.55999999999,OPEN,,,,,,100.0,3.9640077821011754,False,0,C_DIP4_STOPFILL_GTC,KOSPI,-0.1945525291828787,-0.46666081512040103
2026-09-01,126560,현대퓨처넷,3425.0,3288.0,False,NOT_REACHED,,,,,,,,,,,,,,0.0,False,0.0,C_DIP4_STOPFILL_GTC,KOSPI,-1.4598540145985384,-0.46666081512040103
2026-09-02,159010,아스플로,24100.0,23136.0,True,FILLED,2026-09-08,23136.0,INTRADAY_LIMIT,4,21285.120000000003,28688.639999999992,CLOSED,,,2026-09-17,21200,STOP_LOSS,0.0,-8.367911479944679,False,-8.367911479944679,C_DIP4_STOPFILL_GTC,KOSDAQ,-8.713692946058094,11.747804671758
2026-09-02,377450,리파인,16800.0,16128.0,True,FILLED,2026-09-15,16128.0,INTRADAY_LIMIT,9,14837.76,19998.72,CLOSED,,,2026-09-15,14250,STOP_LOSS,0.0,-11.644345238095234,False,-11.644345238095234,C_DIP4_STOPFILL_GTC,KOSDAQ,-15.17857142857143,11.747804671758
2026-09-02,180640,한진칼,139100.0,133536.0,True,FILLED,2026-09-03,133536.0,INTRADAY_LIMIT,1,122853.12000000001,165584.63999999996,OPEN,,,,,,100.0,0.2725856697819218,False,0,C_DIP4_STOPFILL_GTC,KOSPI,-3.738317757009346,3.675000609503365
2026-09-03,008930,한미사이언스,51500.0,49440.0,True,FILLED,2026-09-14,49100,OPEN_BETTER_THAN_LIMIT,7,45172.0,60884.0,OPEN,,,,,,100.0,18.32993890020367,False,0,C_DIP4_STOPFILL_GTC,KOSPI,12.815533980582527,3.4109078529002357
2026-09-03,088350,한화생명,6110.0,5865.599999999999,True,FILLED,2026-09-04,5865.599999999999,INTRADAY_LIMIT,1,5396.352,7273.343999999998,CLOSED,,,2026-09-30,5330,STOP_LOSS,0.0,-9.131205673758858,False,-9.131205673758858,C_DIP4_STOPFILL_GTC,KOSPI,-12.765957446808507,3.4109078529002357
2026-09-03,145990,삼양사,47400.0,45504.0,True,FILLED,2026-09-22,45504.0,INTRADAY_LIMIT,13,41863.68,56424.96,OPEN,,,,,,100.0,1.3097749648382617,False,0,C_DIP4_STOPFILL_GTC,KOSPI,-2.742616033755274,3.4109078529002357
2026-09-03,306200,세아제강,147500.0,141600.0,True,FILLED,2026-09-16,141600.0,INTRADAY_LIMIT,9,130272.0,175584.0,OPEN,,,,,,100.0,4.8728813559322015,False,0,C_DIP4_STOPFILL_GTC,KOSPI,0.6779661016949046,3.4109078529002357
2026-09-04,031980,피에스케이홀딩스,144000.0,138240.0,False,NOT_REACHED,,,,,,,,,,,,,,0.0,False,0.0,C_DIP4_STOPFILL_GTC,KOSDAQ,32.833333333333336,10.440073755377988
2026-09-04,049430,코메론,22450.0,21552.0,True,FILLED,2026-09-07,21552.0,INTRADAY_LIMIT,1,19827.84,26724.48,OPEN,,,,,,100.0,1.6146993318485459,False,0,C_DIP4_STOPFILL_GTC,KOSDAQ,-2.4498886414253906,10.440073755377988
2026-09-04,064290,인텍플러스,40150.0,38544.0,False,NOT_REACHED,,,,,,,,,,,,,,0.0,False,0.0,C_DIP4_STOPFILL_GTC,KOSDAQ,34.85180572851806,10.440073755377988
2026-09-04,377450,리파인,16960.0,16281.599999999999,True,FILLED,2026-09-15,16281.599999999999,INTRADAY_LIMIT,7,14979.072,20189.183999999994,CLOSED,,,2026-09-15,14250,STOP_LOSS,0.0,-12.477889150943389,False,-12.477889150943389,C_DIP4_STOPFILL_GTC,KOSDAQ,-15.978773584905658,10.440073755377988
2026-09-04,002310,아세아제지,8840.0,8486.4,True,FILLED,2026-09-15,8486.4,INTRADAY_LIMIT,7,7807.488,10523.135999999999,CLOSED,,,2026-10-06,7600,STOP_LOSS,0.0,-10.444947209653089,False,-10.444947209653089,C_DIP4_STOPFILL_GTC,KOSPI,-9.954751131221718,1.7449728661130592
2026-09-04,004690,삼천리,136700.0,131232.0,True,FILLED,2026-09-16,131232.0,INTRADAY_LIMIT,8,120733.44,162727.68,OPEN,,,,,,100.0,-2.2342111680078047,False,0,C_DIP4_STOPFILL_GTC,KOSPI,-6.144842721287491,1.7449728661130592
2026-09-04,180640,한진칼,146000.0,140160.0,True,FILLED,2026-09-07,140160.0,INTRADAY_LIMIT,1,128947.20000000001,173798.39999999997,OPEN,,,,,,100.0,-4.466324200913241,False,0,C_DIP4_STOPFILL_GTC,KOSPI,-9.794520547945208,1.7449728661130592
2026-09-04,272450,진에어,6140.0,5894.4,True,FILLED,2026-09-14,5894.4,INTRADAY_LIMIT,6,5422.848,7309.055999999999,OPEN,,,,,,100.0,-1.092562432138977,False,0,C_DIP4_STOPFILL_GTC,KOSPI,-5.048859934853422,1.7449728661130592
2026-09-07,064760,티씨케이,268500.0,257760.0,True,FILLED,2026-09-09,257760.0,INTRADAY_LIMIT,2,237139.2,319622.39999999997,OPEN,,,,,,100.0,10.567970204841703,False,0,C_DIP4_STOPFILL_GTC,KOSDAQ,6.145251396648055,9.272795825782353
2026-09-07,131290,티에스이,261500.0,251040.0,True,FILLED,2026-09-14,251000,OPEN_BETTER_THAN_LIMIT,5,230920.0,311240.0,PARTIAL,2026-10-06,311240.0,,,,50.0,24.948207171314742,False,12.0,C_DIP4_STOPFILL_GTC,KOSDAQ,-9.751434034416828,9.272795825782353
2026-09-08,241770,메카로,42350.0,40656.0,True,FILLED,2026-09-14,40656.0,INTRADAY_LIMIT,4,37403.520000000004,50413.43999999999,OPEN,,,,,,100.0,-3.9502164502164483,False,0,C_DIP4_STOPFILL_GTC,KOSDAQ,-8.500590318772138,10.66044242991575
2026-09-09,00088K,한화3우B,43600.0,41856.0,True,FILLED,2026-09-10,41856.0,INTRADAY_LIMIT,1,38507.520000000004,51901.43999999999,CLOSED,,,2026-10-01,38500,STOP_LOSS,0.0,-8.017966360856265,False,-8.017966360856265,C_DIP4_STOPFILL_GTC,KOSPI,-9.174311926605505,-3.5132252922724483
2026-09-09,012630,HDC,24700.0,23712.0,True,FILLED,2026-10-02,23712.0,INTRADAY_LIMIT,15,21815.04,29402.879999999997,OPEN,,,,,,100.0,-4.689608636977061,False,0,C_DIP4_STOPFILL_GTC,KOSPI,-8.502024291497978,-3.5132252922724483
2026-09-09,020120,키다리스튜디오,7960.0,7641.599999999999,True,FILLED,2026-09-21,7641.599999999999,INTRADAY_LIMIT,8,7030.272,9475.583999999999,CLOSED,,,2026-10-07,6670,STOP_LOSS,0.0,-12.714614740368502,False,-12.714614740368502,C_DIP4_STOPFILL_GTC,KOSPI,-10.301507537688437,-3.5132252922724483
2026-09-09,096770,SK이노베이션,153500.0,147360.0,True,FILLED,2026-09-11,147360.0,INTRADAY_LIMIT,2,135571.2,182726.39999999997,OPEN,,,,,,100.0,8.306188925081436,False,0,C_DIP4_STOPFILL_GTC,KOSPI,-10.94462540716612,-3.5132252922724483
2026-09-10,078340,컴투스,34850.0,33456.0,True,FILLED,2026-09-16,33456.0,INTRADAY_LIMIT,4,30779.52,41485.44,OPEN,,,,,,100.0,10.294117647058831,False,0,C_DIP4_STOPFILL_GTC,KOSDAQ,5.882352941176472,7.349567461645079
2026-09-10,425420,티에프이,58900.0,56544.0,True,FILLED,2026-09-11,56544.0,INTRADAY_LIMIT,1,52020.48,70114.56,PARTIAL,2026-10-01,70114.56,,,,50.0,19.30050933786078,False,12.0,C_DIP4_STOPFILL_GTC,KOSDAQ,-9.507640067911716,7.349567461645079
2026-09-10,004690,삼천리,138000.0,132480.0,True,FILLED,2026-09-16,132480.0,INTRADAY_LIMIT,4,121881.6,164275.19999999998,OPEN,,,,,,100.0,-3.1551932367149704,False,0,C_DIP4_STOPFILL_GTC,KOSPI,-7.028985507246377,-3.2701537691642857
2026-09-10,018670,SK가스,252000.0,241920.0,True,FILLED,2026-09-14,241920.0,INTRADAY_LIMIT,2,222566.40000000002,299980.79999999993,OPEN,,,,,,100.0,11.813822751322745,False,0,C_DIP4_STOPFILL_GTC,KOSPI,7.341269841269837,-3.2701537691642857
2026-09-11,005090,SGC에너지,61200.0,58752.0,True,FILLED,2026-09-14,58752.0,INTRADAY_LIMIT,1,54051.840000000004,72852.47999999998,CLOSED,,,2026-09-16,53300,STOP_LOSS,0.0,-9.279684095860564,False,-9.279684095860564,C_DIP4_STOPFILL_GTC,KOSPI,-9.640522875816993,-1.5341733828660553
2026-09-11,030210,다올투자증권,4050.0,3888.0,True,FILLED,2026-09-16,3888.0,INTRADAY_LIMIT,3,3576.96,4821.12,OPEN,,,,,,100.0,1.9804526748971263,False,0,C_DIP4_STOPFILL_GTC,KOSPI,-2.0987654320987703,-1.5341733828660553
2026-09-11,294870,IPARK현대산업개발,24850.0,23856.0,True,FILLED,2026-09-16,23856.0,INTRADAY_LIMIT,3,21947.52,29581.44,CLOSED,,,2026-10-06,21850,STOP_LOSS,0.0,-8.408786049631123,False,-8.408786049631123,C_DIP4_STOPFILL_GTC,KOSPI,-8.853118712273645,-1.5341733828660553
2026-09-14,068930,디지털대성,8850.0,8496.0,False,NOT_REACHED,,,,,,,,,,,,,,0.0,False,0.0,C_DIP4_STOPFILL_GTC,KOSDAQ,3.9548022598870025,11.358593933985306
2026-09-14,377450,리파인,17160.0,16473.6,True,FILLED,2026-09-15,16473.6,INTRADAY_LIMIT,1,15155.712,20427.263999999996,CLOSED,,,2026-09-15,14250,STOP_LOSS,0.0,-13.49796037296036,False,-13.49796037296036,C_DIP4_STOPFILL_GTC,KOSDAQ,-16.95804195804196,11.358593933985306
2026-09-14,094800,맵스리얼티,7420.0,7123.2,False,NOT_REACHED,,,,,,,,,,,,,,0.0,False,0.0,C_DIP4_STOPFILL_GTC,KOSPI,1.0781671159029615,1.7882014310997008
2026-09-15,028100,동아지질,18690.0,17942.399999999998,False,NOT_REACHED,,,,,,,,,,,,,,0.0,False,0.0,C_DIP4_STOPFILL_GTC,KOSPI,5.7784911717496,2.6653549128900833
2026-09-15,453340,현대그린푸드,19400.0,18624.0,True,FILLED,2026-09-18,18624.0,INTRADAY_LIMIT,3,17134.08,23093.759999999995,OPEN,,,,,,100.0,1.9652061855670144,False,0,C_DIP4_STOPFILL_GTC,KOSPI,-2.1134020618556737,2.6653549128900833
2026-09-16,219130,타이거일렉,74800.0,71808.0,True,FILLED,2026-09-17,71800,OPEN_BETTER_THAN_LIMIT,1,66056.0,89032.0,PARTIAL,2026-09-29,89032.0,,,,50.0,30.24512534818942,False,12.0,C_DIP4_STOPFILL_GTC,KOSDAQ,27.508021390374328,10.104414323880473
2026-09-16,001120,LX인터내셔널,41650.0,39984.0,True,FILLED,2026-09-23,39984.0,INTRADAY_LIMIT,5,36785.28,49580.16,OPEN,,,,,,100.0,9.91896758703481,False,0,C_DIP4_STOPFILL_GTC,KOSPI,5.522208883553414,1.2791066348911917
2026-09-18,045100,한양이엔지,32100.0,30816.0,False,NOT_REACHED,,,,,,,,,,,,,,0.0,False,0.0,C_DIP4_STOPFILL_GTC,KOSDAQ,4.672897196261672,8.621481768062678
2026-09-18,013580,계룡건설,23500.0,22560.0,True,FILLED,2026-09-22,22560.0,INTRADAY_LIMIT,2,20755.2,27974.399999999998,OPEN,,,,,,100.0,-5.585106382978722,False,0,C_DIP4_STOPFILL_GTC,KOSPI,-8.723404255319146,-1.3102260876123983
2026-09-21,098120,마이크로컨텍솔,57600.0,55296.0,True,FILLED,2026-09-30,55296.0,INTRADAY_LIMIT,5,50872.32,68567.04000000001,OPEN,,,,,,100.0,9.411168981481488,False,0,C_DIP4_STOPFILL_GTC,KOSDAQ,5.034722222222232,7.433006086550997
2026-09-21,252990,샘씨엔에스,18090.0,17366.399999999998,True,FILLED,2026-09-22,17366.399999999998,INTRADAY_LIMIT,1,15977.087999999998,21534.335999999996,OPEN,,,,,,100.0,9.69458264234384,False,0,C_DIP4_STOPFILL_GTC,KOSDAQ,5.306799336650081,7.433006086550997
2026-09-21,000430,대원강업,5040.0,4838.4,True,FILLED,2026-09-23,4838.4,INTRADAY_LIMIT,2,4451.3279999999995,5999.616,CLOSED,,,2026-10-06,4400,STOP_LOSS,0.0,-9.060846560846558,False,-9.060846560846558,C_DIP4_STOPFILL_GTC,KOSPI,-9.126984126984128,-2.90850661841513
2026-09-21,003160,디아이,35400.0,33984.0,False,NOT_REACHED,,,,,,,,,,,,,,0.0,False,0.0,C_DIP4_STOPFILL_GTC,KOSPI,20.6864406779661,-2.90850661841513
2026-09-21,029460,케이씨,44600.0,42816.0,True,FILLED,2026-09-22,42816.0,INTRADAY_LIMIT,1,39390.72,53091.84,OPEN,,,,,,100.0,10.355941704035864,False,0,C_DIP4_STOPFILL_GTC,KOSPI,5.94170403587444,-2.90850661841513
2026-09-22,059090,미코,22600.0,21696.0,True,FILLED,2026-09-29,21500,OPEN_BETTER_THAN_LIMIT,3,19780.0,26660.0,OPEN,,,,,,100.0,6.279069767441858,False,0,C_DIP4_STOPFILL_GTC,KOSDAQ,1.106194690265494,7.676358493731872
2026-09-22,095340,ISC,208000.0,199680.0,False,NOT_REACHED,,,,,,,,,,,,,,0.0,False,0.0,C_DIP4_STOPFILL_GTC,KOSDAQ,-2.644230769230771,7.676358493731872
2026-09-22,222800,심텍,148100.0,142176.0,False,NOT_REACHED,,,,,,,,,,,,,,0.0,False,0.0,C_DIP4_STOPFILL_GTC,KOSDAQ,15.057393652937211,7.676358493731872
2026-09-22,425420,티에프이,64400.0,61824.0,True,FILLED,2026-09-29,61824.0,INTRADAY_LIMIT,3,56878.08,76661.76,PARTIAL,2026-10-02,76661.76,,,,50.0,14.40683229813664,False,12.0,C_DIP4_STOPFILL_GTC,KOSDAQ,0.6211180124223503,7.676358493731872
2026-09-22,003490,대한항공,31400.0,30144.0,False,NOT_REACHED,,,,,,,,,,,,,,0.0,False,0.0,C_DIP4_STOPFILL_GTC,KOSPI,-1.7515923566879033,-3.0494833932039667
2026-09-22,020560,아시아나항공,8370.0,8035.2,False,NOT_REACHED,,,,,,,,,,,,,,0.0,False,0.0,C_DIP4_STOPFILL_GTC,KOSPI,-1.5531660692950977,-3.0494833932039667
2026-09-23,017890,한국알콜,15390.0,14774.4,False,NOT_REACHED,,,,,,,,,,,,,,0.0,False,0.0,C_DIP4_STOPFILL_GTC,KOSDAQ,4.483430799220267,6.388546798029537
2026-09-23,084370,유진테크,163600.0,157056.0,True,FILLED,2026-09-28,157056.0,INTRADAY_LIMIT,1,144491.52000000002,194749.43999999994,OPEN,,,,,,100.0,7.604930725346382,False,0,C_DIP4_STOPFILL_GTC,KOSDAQ,3.3007334963325086,6.388546798029537
2026-09-23,114810,한솔아이원스,14770.0,14179.199999999999,False,NOT_REACHED,,,,,,,,,,,,,,0.0,False,0.0,C_DIP4_STOPFILL_GTC,KOSDAQ,-0.9478672985781977,6.388546798029537
2026-09-23,417840,저스템,17080.0,16396.8,False,NOT_REACHED,,,,,,,,,,,,,,0.0,False,0.0,C_DIP4_STOPFILL_GTC,KOSDAQ,10.070257611241207,6.388546798029537
2026-09-23,446540,메가터치,10900.0,10464.0,True,FILLED,2026-09-28,10464.0,INTRADAY_LIMIT,1,9626.880000000001,12975.359999999997,OPEN,,,,,,100.0,5.026758409785925,False,0,C_DIP4_STOPFILL_GTC,KOSDAQ,0.8256880733944927,6.388546798029537
2026-09-23,006120,SK디스커버리,60300.0,57888.0,False,NOT_REACHED,,,,,,,,,,,,,,0.0,False,0.0,C_DIP4_STOPFILL_GTC,KOSPI,19.237147595356554,-3.91220349898036
2026-09-23,010955,S-Oil우,84000.0,80640.0,True,FILLED,2026-10-01,80640.0,INTRADAY_LIMIT,4,74188.8,99993.59999999999,OPEN,,,,,,100.0,11.979166666666675,False,0,C_DIP4_STOPFILL_GTC,KOSPI,7.499999999999996,-3.91220349898036
2026-09-28,009240,한샘,40750.0,39120.0,True,FILLED,2026-09-30,39120.0,INTRADAY_LIMIT,2,35990.4,48508.799999999996,OPEN,,,,,,100.0,3.527607361963181,False,0,C_DIP4_STOPFILL_GTC,KOSPI,-0.6134969325153339,-1.245910585885679
2026-09-28,025000,KPX케미칼,57700.0,55392.0,False,NOT_REACHED,,,,,,,,,,,,,,0.0,False,0.0,C_DIP4_STOPFILL_GTC,KOSPI,1.559792027729645,-1.245910585885679
2026-09-28,284740,쿠쿠홈시스,24300.0,23328.0,False,NOT_REACHED,,,,,,,,,,,,,,0.0,False,0.0,C_DIP4_STOPFILL_GTC,KOSPI,2.4691358024691468,-1.245910585885679
2026-09-29,031980,피에스케이홀딩스,180800.0,173568.0,False,NOT_REACHED,,,,,,,,,,,,,,0.0,False,0.0,C_DIP4_STOPFILL_GTC,KOSDAQ,12.831858407079654,5.72252294657567
2026-09-29,064760,티씨케이,300000.0,288000.0,True,FILLED,2026-10-06,288000.0,INTRADAY_LIMIT,4,264960.0,357120.0,OPEN,,,,,,100.0,-1.041666666666663,False,0,C_DIP4_STOPFILL_GTC,KOSDAQ,-5.000000000000004,5.72252294657567
2026-09-29,101160,월덱스,32250.0,30960.0,False,NOT_REACHED,,,,,,,,,,,,,,0.0,False,0.0,C_DIP4_STOPFILL_GTC,KOSDAQ,-0.15503875968991832,5.72252294657567
2026-09-29,219130,타이거일렉,91000.0,87360.0,False,NOT_REACHED,,,,,,,,,,,,,,0.0,False,0.0,C_DIP4_STOPFILL_GTC,KOSDAQ,7.692307692307687,5.72252294657567
2026-09-29,252990,샘씨엔에스,19950.0,19152.0,True,FILLED,2026-10-06,19152.0,INTRADAY_LIMIT,4,17619.84,23748.48,OPEN,,,,,,100.0,-0.5325814536340845,False,0,C_DIP4_STOPFILL_GTC,KOSDAQ,-4.511278195488721,5.72252294657567
2026-09-29,029460,케이씨,46250.0,44400.0,True,FILLED,2026-09-30,44400.0,INTRADAY_LIMIT,1,40848.0,55056.0,OPEN,,,,,,100.0,6.4189189189189255,False,0,C_DIP4_STOPFILL_GTC,KOSPI,2.1621621621621623,-0.9738298686763347
2026-09-30,036930,주성엔지니어링,232500.0,223200.0,False,NOT_REACHED,,,,,,,,,,,,,,0.0,False,0.0,C_DIP4_STOPFILL_GTC,KOSDAQ,6.451612903225801,4.967812036312225
2026-09-30,059090,미코,23200.0,22272.0,False,NOT_REACHED,,,,,,,,,,,,,,0.0,False,0.0,C_DIP4_STOPFILL_GTC,KOSDAQ,-1.5086206896551713,4.967812036312225
2026-09-30,078350,한양디지텍,31950.0,30672.0,False,NOT_REACHED,,,,,,,,,,,,,,0.0,False,0.0,C_DIP4_STOPFILL_GTC,KOSDAQ,13.928012519561817,4.967812036312225
2026-09-30,122640,예스티,33600.0,32256.0,True,FILLED,2026-10-07,32256.0,INTRADAY_LIMIT,4,29675.52,39997.44,OPEN,,,,,,100.0,-1.4136904761904767,False,0,C_DIP4_STOPFILL_GTC,KOSDAQ,-5.35714285714286,4.967812036312225
2026-09-30,001120,LX인터내셔널,43300.0,41568.0,False,NOT_REACHED,,,,,,,,,,,,,,0.0,False,0.0,C_DIP4_STOPFILL_GTC,KOSPI,1.501154734411081,-0.4992658715070486
2026-09-30,020000,한섬,21000.0,20160.0,False,NOT_REACHED,,,,,,,,,,,,,,0.0,False,0.0,C_DIP4_STOPFILL_GTC,KOSPI,3.3333333333333437,-0.4992658715070486
2026-09-30,306200,세아제강,153200.0,147072.0,True,FILLED,2026-10-02,147072.0,INTRADAY_LIMIT,2,135306.24000000002,182369.27999999994,OPEN,,,,,,100.0,0.9709530026109636,False,0,C_DIP4_STOPFILL_GTC,KOSPI,-3.067885117493474,-0.4992658715070486
2026-10-02,005160,동국산업,3970.0,3811.2,False,NOT_REACHED,,,,,,,,,,,,,,0.0,False,0.0,C_DIP4_STOPFILL_GTC,KOSDAQ,-3.0226700251889116,0.5754010455730985
2026-10-02,036710,심텍홀딩스,4960.0,4761.599999999999,False,NOT_REACHED,,,,,,,,,,,,,,0.0,False,0.0,C_DIP4_STOPFILL_GTC,KOSDAQ,2.4193548387096753,0.5754010455730985
2026-10-02,064290,인텍플러스,59100.0,56736.0,False,NOT_REACHED,,,,,,,,,,,,,,0.0,False,0.0,C_DIP4_STOPFILL_GTC,KOSDAQ,-1.0152284263959421,0.5754010455730985
2026-10-06,031980,피에스케이홀딩스,197000.0,189120.0,True,FILLED,2026-10-07,189120.0,INTRADAY_LIMIT,1,173990.4,234508.80000000002,OPEN,,,,,,100.0,7.868020304568524,False,0,C_DIP4_STOPFILL_GTC,KOSDAQ,3.5532994923857864,-2.33607270197409
2026-10-06,091580,상신이디피,24850.0,23856.0,False,NOT_REACHED,,,,,,,,,,,,,,0.0,False,0.0,C_DIP4_STOPFILL_GTC,KOSDAQ,-1.2072434607645843,-2.33607270197409
2026-10-06,236200,슈프리마,60400.0,57984.0,True,FILLED,2026-10-07,57984.0,INTRADAY_LIMIT,1,53345.28,71900.16,OPEN,,,,,,100.0,-5.491169977924947,False,0,C_DIP4_STOPFILL_GTC,KOSDAQ,-9.27152317880795,-2.33607270197409
2026-10-06,006400,삼성SDI,575000.0,552000.0,False,NOT_REACHED,,,,,,,,,,,,,,0.0,False,0.0,C_DIP4_STOPFILL_GTC,KOSPI,-2.260869565217394,-1.980727203053001
2026-10-06,007660,이수페타시스,131900.0,126624.0,True,FILLED,2026-10-07,126624.0,INTRADAY_LIMIT,1,116494.08,157013.76,OPEN,,,,,,100.0,-3.6517563810967935,False,0,C_DIP4_STOPFILL_GTC,KOSPI,-7.505686125852917,-1.980727203053001
2026-10-06,192820,코스맥스,298000.0,286080.0,False,NOT_REACHED,,,,,,,,,,,,,,0.0,False,0.0,C_DIP4_STOPFILL_GTC,KOSPI,3.523489932885915,-1.980727203053001
2026-10-06,226320,잇츠한불,11260.0,10809.6,False,NOT_REACHED,,,,,,,,,,,,,,0.0,False,0.0,C_DIP4_STOPFILL_GTC,KOSPI,4.440497335701599,-1.980727203053001
2026-10-06,373220,LG에너지솔루션,390000.0,374400.0,False,NOT_REACHED,,,,,,,,,,,,,,0.0,False,0.0,C_DIP4_STOPFILL_GTC,KOSPI,0.2564102564102555,-1.980727203053001
2026-10-07,041960,코미팜,11000.0,10560.0,False,NO_FUTURE_BAR,,,,,,,,,,,,,,0.0,False,0.0,C_DIP4_STOPFILL_GTC,KOSDAQ,0.0,0.0
2026-10-07,131290,티에스이,316000.0,303360.0,False,NO_FUTURE_BAR,,,,,,,,,,,,,,0.0,False,0.0,C_DIP4_STOPFILL_GTC,KOSDAQ,0.0,0.0
2026-10-07,219130,타이거일렉,98000.0,94080.0,False,NO_FUTURE_BAR,,,,,,,,,,,,,,0.0,False,0.0,C_DIP4_STOPFILL_GTC,KOSDAQ,0.0,0.0
2026-10-07,002320,한진,16860.0,16185.599999999999,False,NO_FUTURE_BAR,,,,,,,,,,,,,,0.0,False,0.0,C_DIP4_STOPFILL_GTC,KOSPI,0.0,0.0
2026-10-07,002960,한국쉘석유,541000.0,519360.0,False,NO_FUTURE_BAR,,,,,,,,,,,,,,0.0,False,0.0,C_DIP4_STOPFILL_GTC,KOSPI,0.0,0.0
2026-10-07,008930,한미사이언스,58100.0,55776.0,False,NO_FUTURE_BAR,,,,,,,,,,,,,,0.0,False,0.0,C_DIP4_STOPFILL_GTC,KOSPI,0.0,0.0
2026-10-07,078520,에이블씨엔씨,11880.0,11404.8,False,NO_FUTURE_BAR,,,,,,,,,,,,,,0.0,False,0.0,C_DIP4_STOPFILL_GTC,KOSPI,0.0,0.0
2026-10-07,383220,F&F,74100.0,71136.0,False,NO_FUTURE_BAR,,,,,,,,,,,,,,0.0,False,0.0,C_DIP4_STOPFILL_GTC,KOSPI,0.0,0.0
2026-08-24,002840,미원상사,131800.0,126528.0,False,EXPIRED,,,,,,,,,,,,,,0.0,False,0.0,B_DIP4_3R_5,KOSPI,5.993930197268593,1.5968439411314872
2026-08-24,028670,팬오션,6320.0,6067.2,True,FILLED,2026-08-26,6067.2,INTRADAY_LIMIT,2,5814.400000000001,6825.599999999998,CLOSED,,,2026-08-26,5610,STOP_LOSS,0.0,-7.535601265822778,False,-7.535601265822778,B_DIP4_3R_5,KOSPI,-11.234177215189877,1.5968439411314872
2026-08-24,058650,세아홀딩스,132600.0,127296.0,False,EXPIRED,,,,,,,,,,,,,,0.0,False,0.0,B_DIP4_3R_5,KOSPI,-4.751131221719462,1.5968439411314872
2026-08-25,002310,아세아제지,8560.0,8217.6,True,FILLED,2026-08-27,8217.6,INTRADAY_LIMIT,2,7875.200000000001,9244.8,CLOSED,,,2026-09-30,7850,STOP_LOSS,0.0,-4.473325545171347,False,-4.473325545171347,B_DIP4_3R_5,KOSPI,-8.294392523364492,0.9070496563711394
2026-08-25,078930,GS,121800.0,116928.0,True,FILLED,2026-08-26,116928.0,INTRADAY_LIMIT,1,112056.0,131544.0,CLOSED,2026-08-27,131544.0,2026-09-11,115500,TREND_EXIT_GAP_50MA,0.0,5.639367816091956,False,5.639367816091956,B_DIP4_3R_5,KOSPI,-8.045977011494255,0.9070496563711394
2026-08-25,080580,오킨스전자,19400.0,18624.0,True,FILLED,2026-08-26,18624.0,INTRADAY_LIMIT,1,17848.0,20952.0,CLOSED,2026-08-28,20952.0,2026-10-01,24400,TREND_EXIT_GAP_5MA,0.0,21.756872852233677,False,21.756872852233677,B_DIP4_3R_5,KOSDAQ,34.551546391752574,8.617542162848334
2026-08-25,090430,아모레퍼시픽,143300.0,137568.0,False,EXPIRED,,,,,,,,,,,,,,0.0,False,0.0,B_DIP4_3R_5,KOSPI,-3.3496161898115884,0.9070496563711394
2026-08-25,122900,아이마켓코리아,8350.0,8016.0,False,EXPIRED,,,,,,,,,,,,,,0.0,False,0.0,B_DIP4_3R_5,KOSPI,-1.4371257485029987,0.9070496563711394
2026-08-25,123330,제닉,32200.0,30912.0,False,EXPIRED,,,,,,,,,,,,,,0.0,False,0.0,B_DIP4_3R_5,KOSDAQ,-11.956521739130432,8.617542162848334
2026-08-25,161890,한국콜마,150000.0,144000.0,True,FILLED,2026-08-27,144000.0,INTRADAY_LIMIT,2,138000.0,162000.0,CLOSED,2026-08-31,162000.0,2026-09-08,141000,TREND_EXIT_50MA,0.0,5.208333333333331,False,5.208333333333331,B_DIP4_3R_5,KOSPI,-8.533333333333337,0.9070496563711394
2026-08-25,257720,실리콘투,51900.0,49824.0,True,FILLED,2026-08-27,48250,OPEN_BETTER_THAN_LIMIT,2,47748.0,49756.0,CLOSED,2026-08-28,49756.0,2026-09-01,51900,TREND_EXIT_5MA,0.0,5.343005181347149,False,5.343005181347149,B_DIP4_3R_5,KOSDAQ,-9.152215799614638,8.617542162848334
2026-08-25,278470,에이피알,440500.0,422880.0,False,EXPIRED,,,,,,,,,,,,,,0.0,False,0.0,B_DIP4_3R_5,KOSPI,-10.556186152099889,0.9070496563711394
2026-08-25,280360,롯데웰푸드,135200.0,129792.0,False,EXPIRED,,,,,,,,,,,,,,0.0,False,0.0,B_DIP4_3R_5,KOSPI,-8.357988165680474,0.9070496563711394
2026-08-26,000815,삼성화재우,425000.0,408000.0,False,EXPIRED,,,,,,,,,,,,,,0.0,False,0.0,B_DIP4_3R_5,KOSPI,-7.9999999999999964,-0.06330592035205251
2026-08-26,003230,삼양식품,1507000.0,1446720.0,False,EXPIRED,,,,,,,,,,,,,,0.0,False,0.0,B_DIP4_3R_5,KOSPI,-11.745189117451893,-0.06330592035205251
2026-08-26,003300,한일홀딩스,18350.0,17616.0,False,EXPIRED,,,,,,,,,,,,,,0.0,False,0.0,B_DIP4_3R_5,KOSPI,-6.975476839237061,-0.06330592035205251
2026-08-26,004490,세방전지,59800.0,57408.0,False,EXPIRED,,,,,,,,,,,,,,0.0,False,0.0,B_DIP4_3R_5,KOSPI,4.849498327759205,-0.06330592035205251
2026-08-26,006360,GS건설,37800.0,36288.0,True,FILLED,2026-08-28,36288.0,INTRADAY_LIMIT,2,34776.0,40824.0,CLOSED,,,2026-09-01,33300,STOP_LOSS,0.0,-8.234126984126988,False,-8.234126984126988,B_DIP4_3R_5,KOSPI,-11.904761904761907,-0.06330592035205251
2026-08-26,017940,E1,97700.0,93792.0,False,EXPIRED,,,,,,,,,,,,,,0.0,False,0.0,B_DIP4_3R_5,KOSPI,-9.621289662231325,-0.06330592035205251
2026-08-27,006400,삼성SDI,569000.0,546240.0,True,FILLED,2026-09-02,546240.0,INTRADAY_LIMIT,4,523480.0,614520.0,CLOSED,,,2026-09-23,521000,STOP_LOSS,0.0,-4.620679554774454,False,-4.620679554774454,B_DIP4_3R_5,KOSPI,-8.435852372583474,-1.5692157682531516
2026-08-27,012750,에스원,85500.0,82080.0,True,FILLED,2026-08-28,82080.0,INTRADAY_LIMIT,1,78660.0,92340.0,OPEN,,,,,,100.0,2.0955165692007727,False,0,B_DIP4_3R_5,KOSPI,-1.9883040935672502,-1.5692157682531516
2026-08-27,029460,케이씨,38650.0,37104.0,True,FILLED,2026-08-28,37104.0,INTRADAY_LIMIT,1,35558.0,41742.0,PARTIAL,2026-09-10,41742.0,,,,50.0,19.922380336351875,False,6.25,B_DIP4_3R_5,KOSPI,22.25097024579561,-1.5692157682531516
2026-08-27,183190,아세아시멘트,10550.0,10128.0,False,EXPIRED,,,,,,,,,,,,,,0.0,False,0.0,B_DIP4_3R_5,KOSPI,-5.592417061611377,-1.5692157682531516
2026-08-27,222800,심텍,126900.0,121824.0,True,FILLED,2026-08-28,121824.0,INTRADAY_LIMIT,1,116748.0,137052.0,PARTIAL,2026-09-10,137052.0,,,,50.0,26.18695823483057,False,6.25,B_DIP4_3R_5,KOSDAQ,29.139479905437348,7.256013848265974
2026-08-28,035600,KG이니시스,10640.0,10214.4,False,EXPIRED,,,,,,,,,,,,,,0.0,False,0.0,B_DIP4_3R_5,KOSDAQ,-8.176691729323304,7.158788659486404
2026-08-28,096530,씨젠,35650.0,34224.0,True,FILLED,2026-08-31,34224.0,INTRADAY_LIMIT,1,32798.0,38502.0,CLOSED,,,2026-09-02,32100,STOP_LOSS,0.0,-6.206171107994384,False,-6.206171107994384,B_DIP4_3R_5,KOSDAQ,-9.957924263674611,7.158788659486404
2026-08-28,204620,글로벌텍스프리,5960.0,5721.599999999999,True,FILLED,2026-08-31,5721.599999999999,INTRADAY_LIMIT,1,5483.2,6436.799999999998,CLOSED,,,2026-09-03,5370,STOP_LOSS,0.0,-6.14513422818791,False,-6.14513422818791,B_DIP4_3R_5,KOSDAQ,-9.899328859060407,7.158788659486404
2026-08-28,002790,아모레퍼시픽홀딩스,28000.0,26880.0,True,FILLED,2026-09-01,26880.0,INTRADAY_LIMIT,2,25760.0,30240.0,CLOSED,,,2026-09-09,25500,STOP_LOSS,0.0,-5.133928571428569,False,-5.133928571428569,B_DIP4_3R_5,KOSPI,-8.92857142857143,0.22124415220183824
2026-08-28,025000,KPX케미칼,55800.0,53568.0,False,EXPIRED,,,,,,,,,,,,,,0.0,False,0.0,B_DIP4_3R_5,KOSPI,5.017921146953408,0.22124415220183824
2026-08-28,044820,코스맥스비티아이,26800.0,25728.0,True,FILLED,2026-09-01,25728.0,INTRADAY_LIMIT,2,24656.0,28944.0,CLOSED,,,2026-09-03,24600,STOP_LOSS_GAP,0.0,-4.384328358208956,False,-4.384328358208956,B_DIP4_3R_5,KOSPI,-8.208955223880599,0.22124415220183824
2026-08-28,088350,한화생명,5950.0,5712.0,True,FILLED,2026-09-04,5712.0,INTRADAY_LIMIT,5,5474.0,6426.0,CLOSED,,,2026-09-30,5330,STOP_LOSS,0.0,-6.68767507002801,False,-6.68767507002801,B_DIP4_3R_5,KOSPI,-10.420168067226887,0.22124415220183824
2026-08-28,090430,아모레퍼시픽,150600.0,144576.0,True,FILLED,2026-09-01,144576.0,INTRADAY_LIMIT,2,138552.0,162648.0,CLOSED,,,2026-09-09,138300,STOP_LOSS,0.0,-4.34096945551129,False,-4.34096945551129,B_DIP4_3R_5,KOSPI,-8.16733067729084,0.22124415220183824
2026-08-28,104700,한국철강,10120.0,9715.199999999999,True,FILLED,2026-09-02,9715.199999999999,INTRADAY_LIMIT,3,9310.4,10929.599999999997,CLOSED,,,2026-09-30,9310,STOP_LOSS,0.0,-4.170783926218702,False,-4.170783926218702,B_DIP4_3R_5,KOSPI,-8.00395256916996,0.22124415220183824
2026-08-28,161890,한국콜마,161700.0,155232.0,True,FILLED,2026-09-01,155232.0,INTRADAY_LIMIT,2,148764.0,174636.0,CLOSED,,,2026-09-04,145800,STOP_LOSS,0.0,-6.076066790352508,False,-6.076066790352508,B_DIP4_3R_5,KOSPI,-9.83302411873841,0.22124415220183824
2026-08-28,192820,코스맥스,303000.0,290880.0,True,FILLED,2026-09-01,290880.0,INTRADAY_LIMIT,2,278760.0,327240.0,CLOSED,,,2026-09-02,278500,STOP_LOSS_GAP,0.0,-4.256050605060501,False,-4.256050605060501,B_DIP4_3R_5,KOSPI,-8.085808580858089,0.22124415220183824
2026-08-28,278470,에이피알,461500.0,443040.0,True,FILLED,2026-09-01,443040.0,INTRADAY_LIMIT,2,424580.0,498420.0,CLOSED,,,2026-09-02,419000,STOP_LOSS,0.0,-5.4261466233297195,False,-5.4261466233297195,B_DIP4_3R_5,KOSPI,-9.209100758396538,0.22124415220183824
2026-08-28,300720,한일시멘트,16950.0,16272.0,True,FILLED,2026-09-02,16272.0,INTRADAY_LIMIT,3,15594.0,18306.0,OPEN,,,,,,100.0,-0.5653883972468021,False,0,B_DIP4_3R_5,KOSPI,-4.542772861356936,0.22124415220183824
2026-08-31,068930,디지털대성,8660.0,8313.6,False,EXPIRED,,,,,,,,,,,,,,0.0,False,0.0,B_DIP4_3R_5,KOSDAQ,6.235565819861422,7.687974205611958
2026-08-31,353810,이지바이오,6830.0,6556.8,True,FILLED,2026-09-02,6556.8,INTRADAY_LIMIT,2,6283.6,7376.4,CLOSED,,,2026-09-07,6160,STOP_LOSS,0.0,-6.0517325524646175,False,-6.0517325524646175,B_DIP4_3R_5,KOSDAQ,-9.809663250366029,7.687974205611958
2026-08-31,014820,동원시스템즈,23200.0,22272.0,True,FILLED,2026-09-02,22272.0,INTRADAY_LIMIT,2,21344.0,25056.0,CLOSED,,,2026-09-09,21250,STOP_LOSS_GAP,0.0,-4.588721264367813,False,-4.588721264367813,B_DIP4_3R_5,KOSPI,-8.405172413793105,-0.2363629432171832
2026-08-31,086790,하나금융지주,136300.0,130848.0,False,EXPIRED,,,,,,,,,,,,,,0.0,False,0.0,B_DIP4_3R_5,KOSPI,-5.4292002934702825,-0.2363629432171832
2026-08-31,123890,한국자산신탁,2640.0,2534.4,False,EXPIRED,,,,,,,,,,,,,,0.0,False,0.0,B_DIP4_3R_5,KOSPI,-8.143939393939393,-0.2363629432171832
2026-08-31,373220,LG에너지솔루션,378000.0,362880.0,True,FILLED,2026-09-02,359500,OPEN_BETTER_THAN_LIMIT,2,347760.0,394720.0,CLOSED,,,2026-09-02,347500,STOP_LOSS,0.0,-3.3379694019471495,False,-3.3379694019471495,B_DIP4_3R_5,KOSPI,-8.06878306878307,-0.2363629432171832
2026-09-01,001060,JW중외제약,29000.0,27840.0,True,FILLED,2026-09-02,27840.0,INTRADAY_LIMIT,1,26680.0,31320.0,CLOSED,,,2026-09-11,26400,STOP_LOSS_GAP,0.0,-5.1724137931034475,False,-5.1724137931034475,B_DIP4_3R_5,KOSPI,-8.965517241379306,-0.46666081512040103
2026-09-01,089860,롯데렌탈,51400.0,49344.0,True,FILLED,2026-09-08,49344.0,INTRADAY_LIMIT,5,47288.0,55512.0,OPEN,,,,,,100.0,3.9640077821011754,False,0,B_DIP4_3R_5,KOSPI,-0.1945525291828787,-0.46666081512040103
2026-09-01,126560,현대퓨처넷,3425.0,3288.0,False,EXPIRED,,,,,,,,,,,,,,0.0,False,0.0,B_DIP4_3R_5,KOSPI,-1.4598540145985384,-0.46666081512040103
2026-09-02,159010,아스플로,24100.0,23136.0,True,FILLED,2026-09-08,23136.0,INTRADAY_LIMIT,4,22172.0,26028.0,CLOSED,,,2026-09-15,22000,STOP_LOSS_GAP,0.0,-4.9100968188105165,False,-4.9100968188105165,B_DIP4_3R_5,KOSDAQ,-8.713692946058094,11.747804671758
2026-09-02,377450,리파인,16800.0,16128.0,False,EXPIRED,,,,,,,,,,,,,,0.0,False,0.0,B_DIP4_3R_5,KOSDAQ,-15.17857142857143,11.747804671758
2026-09-02,180640,한진칼,139100.0,133536.0,True,FILLED,2026-09-03,133536.0,INTRADAY_LIMIT,1,127972.0,150228.0,CLOSED,2026-09-08,150228.0,2026-09-11,131700,TREND_EXIT_GAP_50MA,0.0,5.562544931703811,False,5.562544931703811,B_DIP4_3R_5,KOSPI,-3.738317757009346,3.675000609503365
2026-09-03,008930,한미사이언스,51500.0,49440.0,False,EXPIRED,,,,,,,,,,,,,,0.0,False,0.0,B_DIP4_3R_5,KOSPI,12.815533980582527,3.4109078529002357
2026-09-03,088350,한화생명,6110.0,5865.599999999999,True,FILLED,2026-09-04,5865.599999999999,INTRADAY_LIMIT,1,5621.2,6598.799999999998,CLOSED,,,2026-09-30,5330,STOP_LOSS,0.0,-9.131205673758858,False,-9.131205673758858,B_DIP4_3R_5,KOSPI,-12.765957446808507,3.4109078529002357
2026-09-03,145990,삼양사,47400.0,45504.0,False,EXPIRED,,,,,,,,,,,,,,0.0,False,0.0,B_DIP4_3R_5,KOSPI,-2.742616033755274,3.4109078529002357
2026-09-03,306200,세아제강,147500.0,141600.0,False,EXPIRED,,,,,,,,,,,,,,0.0,False,0.0,B_DIP4_3R_5,KOSPI,0.6779661016949046,3.4109078529002357
2026-09-04,031980,피에스케이홀딩스,144000.0,138240.0,False,EXPIRED,,,,,,,,,,,,,,0.0,False,0.0,B_DIP4_3R_5,KOSDAQ,32.833333333333336,10.440073755377988
2026-09-04,049430,코메론,22450.0,21552.0,True,FILLED,2026-09-07,21552.0,INTRADAY_LIMIT,1,20654.0,24246.0,OPEN,,,,,,100.0,1.6146993318485459,False,0,B_DIP4_3R_5,KOSDAQ,-2.4498886414253906,10.440073755377988
2026-09-04,064290,인텍플러스,40150.0,38544.0,False,EXPIRED,,,,,,,,,,,,,,0.0,False,0.0,B_DIP4_3R_5,KOSDAQ,34.85180572851806,10.440073755377988
2026-09-04,377450,리파인,16960.0,16281.599999999999,False,EXPIRED,,,,,,,,,,,,,,0.0,False,0.0,B_DIP4_3R_5,KOSDAQ,-15.978773584905658,10.440073755377988
2026-09-04,002310,아세아제지,8840.0,8486.4,False,EXPIRED,,,,,,,,,,,,,,0.0,False,0.0,B_DIP4_3R_5,KOSPI,-9.954751131221718,1.7449728661130592
2026-09-04,004690,삼천리,136700.0,131232.0,False,EXPIRED,,,,,,,,,,,,,,0.0,False,0.0,B_DIP4_3R_5,KOSPI,-6.144842721287491,1.7449728661130592
2026-09-04,180640,한진칼,146000.0,140160.0,True,FILLED,2026-09-07,140160.0,INTRADAY_LIMIT,1,134320.0,157680.0,CLOSED,,,2026-09-11,131700,STOP_LOSS_GAP,0.0,-6.0359589041095845,False,-6.0359589041095845,B_DIP4_3R_5,KOSPI,-9.794520547945208,1.7449728661130592
2026-09-04,272450,진에어,6140.0,5894.4,False,EXPIRED,,,,,,,,,,,,,,0.0,False,0.0,B_DIP4_3R_5,KOSPI,-5.048859934853422,1.7449728661130592
2026-09-07,064760,티씨케이,268500.0,257760.0,True,FILLED,2026-09-09,257760.0,INTRADAY_LIMIT,2,247020.0,289980.0,PARTIAL,2026-09-29,289980.0,,,,50.0,11.533985102420852,False,6.25,B_DIP4_3R_5,KOSDAQ,6.145251396648055,9.272795825782353
2026-09-07,131290,티에스이,261500.0,251040.0,True,FILLED,2026-09-14,251000,OPEN_BETTER_THAN_LIMIT,5,240580.0,282260.0,CLOSED,,,2026-09-14,236000,STOP_LOSS,0.0,-5.976095617529875,False,-5.976095617529875,B_DIP4_3R_5,KOSDAQ,-9.751434034416828,9.272795825782353
2026-09-08,241770,메카로,42350.0,40656.0,True,FILLED,2026-09-14,40656.0,INTRADAY_LIMIT,4,38962.0,45738.0,CLOSED,,,2026-09-15,38750,STOP_LOSS,0.0,-4.688114915387642,False,-4.688114915387642,B_DIP4_3R_5,KOSDAQ,-8.500590318772138,10.66044242991575
2026-09-09,00088K,한화3우B,43600.0,41856.0,True,FILLED,2026-09-10,41856.0,INTRADAY_LIMIT,1,40112.0,47088.0,CLOSED,,,2026-09-21,39600,STOP_LOSS,0.0,-5.389908256880737,False,-5.389908256880737,B_DIP4_3R_5,KOSPI,-9.174311926605505,-3.5132252922724483
2026-09-09,012630,HDC,24700.0,23712.0,False,EXPIRED,,,,,,,,,,,,,,0.0,False,0.0,B_DIP4_3R_5,KOSPI,-8.502024291497978,-3.5132252922724483
2026-09-09,020120,키다리스튜디오,7960.0,7641.599999999999,False,EXPIRED,,,,,,,,,,,,,,0.0,False,0.0,B_DIP4_3R_5,KOSPI,-10.301507537688437,-3.5132252922724483
2026-09-09,096770,SK이노베이션,153500.0,147360.0,True,FILLED,2026-09-11,147360.0,INTRADAY_LIMIT,2,141220.0,165780.0,CLOSED,,,2026-09-14,136700,STOP_LOSS,0.0,-7.233984799131377,False,-7.233984799131377,B_DIP4_3R_5,KOSPI,-10.94462540716612,-3.5132252922724483
2026-09-10,078340,컴투스,34850.0,33456.0,True,FILLED,2026-09-16,33456.0,INTRADAY_LIMIT,4,32062.0,37638.0,PARTIAL,2026-09-28,37638.0,,,,50.0,11.397058823529417,False,6.25,B_DIP4_3R_5,KOSDAQ,5.882352941176472,7.349567461645079
2026-09-10,425420,티에프이,58900.0,56544.0,True,FILLED,2026-09-11,56544.0,INTRADAY_LIMIT,1,54188.0,63612.0,CLOSED,,,2026-09-14,53300,STOP_LOSS_GAP,0.0,-5.737125070741367,False,-5.737125070741367,B_DIP4_3R_5,KOSDAQ,-9.507640067911716,7.349567461645079
2026-09-10,004690,삼천리,138000.0,132480.0,True,FILLED,2026-09-16,132480.0,INTRADAY_LIMIT,4,126960.0,149040.0,OPEN,,,,,,100.0,-3.1551932367149704,False,0,B_DIP4_3R_5,KOSPI,-7.028985507246377,-3.2701537691642857
2026-09-10,018670,SK가스,252000.0,241920.0,True,FILLED,2026-09-14,241920.0,INTRADAY_LIMIT,2,231840.0,272160.0,PARTIAL,2026-10-07,272160.0,,,,50.0,12.156911375661373,False,6.25,B_DIP4_3R_5,KOSPI,7.341269841269837,-3.2701537691642857
2026-09-11,005090,SGC에너지,61200.0,58752.0,True,FILLED,2026-09-14,58752.0,INTRADAY_LIMIT,1,56304.0,66096.0,CLOSED,,,2026-09-15,55300,STOP_LOSS,0.0,-5.875544662309373,False,-5.875544662309373,B_DIP4_3R_5,KOSPI,-9.640522875816993,-1.5341733828660553
2026-09-11,030210,다올투자증권,4050.0,3888.0,True,FILLED,2026-09-16,3888.0,INTRADAY_LIMIT,3,3726.0,4374.0,OPEN,,,,,,100.0,1.9804526748971263,False,0,B_DIP4_3R_5,KOSPI,-2.0987654320987703,-1.5341733828660553
2026-09-11,294870,IPARK현대산업개발,24850.0,23856.0,True,FILLED,2026-09-16,23856.0,INTRADAY_LIMIT,3,22862.0,26838.0,CLOSED,,,2026-10-01,22650,STOP_LOSS,0.0,-5.0553319919517055,False,-5.0553319919517055,B_DIP4_3R_5,KOSPI,-8.853118712273645,-1.5341733828660553
2026-09-14,068930,디지털대성,8850.0,8496.0,False,EXPIRED,,,,,,,,,,,,,,0.0,False,0.0,B_DIP4_3R_5,KOSDAQ,3.9548022598870025,11.358593933985306
2026-09-14,377450,리파인,17160.0,16473.6,True,FILLED,2026-09-15,16473.6,INTRADAY_LIMIT,1,15787.2,18532.799999999992,CLOSED,,,2026-09-15,14250,STOP_LOSS,0.0,-13.49796037296036,False,-13.49796037296036,B_DIP4_3R_5,KOSDAQ,-16.95804195804196,11.358593933985306
2026-09-14,094800,맵스리얼티,7420.0,7123.2,False,EXPIRED,,,,,,,,,,,,,,0.0,False,0.0,B_DIP4_3R_5,KOSPI,1.0781671159029615,1.7882014310997008
2026-09-15,028100,동아지질,18690.0,17942.399999999998,False,EXPIRED,,,,,,,,,,,,,,0.0,False,0.0,B_DIP4_3R_5,KOSPI,5.7784911717496,2.6653549128900833
2026-09-15,453340,현대그린푸드,19400.0,18624.0,True,FILLED,2026-09-18,18624.0,INTRADAY_LIMIT,3,17848.0,20952.0,OPEN,,,,,,100.0,1.9652061855670144,False,0,B_DIP4_3R_5,KOSPI,-2.1134020618556737,2.6653549128900833
2026-09-16,219130,타이거일렉,74800.0,71808.0,True,FILLED,2026-09-17,71800,OPEN_BETTER_THAN_LIMIT,1,68816.0,80752.0,PARTIAL,2026-09-23,80752.0,,,,50.0,24.479108635097493,False,6.233983286908074,B_DIP4_3R_5,KOSDAQ,27.508021390374328,10.104414323880473
2026-09-16,001120,LX인터내셔널,41650.0,39984.0,True,FILLED,2026-09-23,39984.0,INTRADAY_LIMIT,5,38318.0,44982.0,OPEN,,,,,,100.0,9.91896758703481,False,0,B_DIP4_3R_5,KOSPI,5.522208883553414,1.2791066348911917
2026-09-18,045100,한양이엔지,32100.0,30816.0,False,EXPIRED,,,,,,,,,,,,,,0.0,False,0.0,B_DIP4_3R_5,KOSDAQ,4.672897196261672,8.621481768062678
2026-09-18,013580,계룡건설,23500.0,22560.0,True,FILLED,2026-09-22,22560.0,INTRADAY_LIMIT,2,21620.0,25380.0,CLOSED,,,2026-10-01,21450,STOP_LOSS,0.0,-4.9202127659574435,False,-4.9202127659574435,B_DIP4_3R_5,KOSPI,-8.723404255319146,-1.3102260876123983
2026-09-21,098120,마이크로컨텍솔,57600.0,55296.0,True,FILLED,2026-09-30,55296.0,INTRADAY_LIMIT,5,52992.0,62208.0,PARTIAL,2026-10-07,62208.0,,,,50.0,10.955584490740744,False,6.25,B_DIP4_3R_5,KOSDAQ,5.034722222222232,7.433006086550997
2026-09-21,252990,샘씨엔에스,18090.0,17366.399999999998,True,FILLED,2026-09-22,17366.399999999998,INTRADAY_LIMIT,1,16642.8,19537.199999999993,PARTIAL,2026-09-29,19537.199999999993,,,,50.0,11.097291321171909,False,6.249999999999989,B_DIP4_3R_5,KOSDAQ,5.306799336650081,7.433006086550997
2026-09-21,000430,대원강업,5040.0,4838.4,True,FILLED,2026-09-23,4838.4,INTRADAY_LIMIT,2,4636.8,5443.199999999998,CLOSED,,,2026-09-29,4580,STOP_LOSS,0.0,-5.3406084656084545,False,-5.3406084656084545,B_DIP4_3R_5,KOSPI,-9.126984126984128,-2.90850661841513
2026-09-21,003160,디아이,35400.0,33984.0,False,EXPIRED,,,,,,,,,,,,,,0.0,False,0.0,B_DIP4_3R_5,KOSPI,20.6864406779661,-2.90850661841513
2026-09-21,029460,케이씨,44600.0,42816.0,True,FILLED,2026-09-22,42816.0,INTRADAY_LIMIT,1,41032.0,48168.0,OPEN,,,,,,100.0,10.355941704035864,False,0,B_DIP4_3R_5,KOSPI,5.94170403587444,-2.90850661841513
2026-09-22,059090,미코,22600.0,21696.0,True,FILLED,2026-09-29,21500,OPEN_BETTER_THAN_LIMIT,3,20792.0,23624.0,PARTIAL,2026-10-01,23624.0,,,,50.0,8.07906976744186,False,4.939534883720931,B_DIP4_3R_5,KOSDAQ,1.106194690265494,7.676358493731872
2026-09-22,095340,ISC,208000.0,199680.0,False,EXPIRED,,,,,,,,,,,,,,0.0,False,0.0,B_DIP4_3R_5,KOSDAQ,-2.644230769230771,7.676358493731872
2026-09-22,222800,심텍,148100.0,142176.0,False,EXPIRED,,,,,,,,,,,,,,0.0,False,0.0,B_DIP4_3R_5,KOSDAQ,15.057393652937211,7.676358493731872
2026-09-22,425420,티에프이,64400.0,61824.0,True,FILLED,2026-09-29,61824.0,INTRADAY_LIMIT,3,59248.0,69552.0,PARTIAL,2026-10-01,69552.0,,,,50.0,8.65683229813664,False,6.25,B_DIP4_3R_5,KOSDAQ,0.6211180124223503,7.676358493731872
2026-09-22,003490,대한항공,31400.0,30144.0,False,EXPIRED,,,,,,,,,,,,,,0.0,False,0.0,B_DIP4_3R_5,KOSPI,-1.7515923566879033,-3.0494833932039667
2026-09-22,020560,아시아나항공,8370.0,8035.2,False,EXPIRED,,,,,,,,,,,,,,0.0,False,0.0,B_DIP4_3R_5,KOSPI,-1.5531660692950977,-3.0494833932039667
2026-09-23,017890,한국알콜,15390.0,14774.4,False,EXPIRED,,,,,,,,,,,,,,0.0,False,0.0,B_DIP4_3R_5,KOSDAQ,4.483430799220267,6.388546798029537
2026-09-23,084370,유진테크,163600.0,157056.0,True,FILLED,2026-09-28,157056.0,INTRADAY_LIMIT,1,150512.0,176688.0,PARTIAL,2026-10-01,176688.0,,,,50.0,10.05246536267319,False,6.25,B_DIP4_3R_5,KOSDAQ,3.3007334963325086,6.388546798029537
2026-09-23,114810,한솔아이원스,14770.0,14179.199999999999,False,EXPIRED,,,,,,,,,,,,,,0.0,False,0.0,B_DIP4_3R_5,KOSDAQ,-0.9478672985781977,6.388546798029537
2026-09-23,417840,저스템,17080.0,16396.8,False,EXPIRED,,,,,,,,,,,,,,0.0,False,0.0,B_DIP4_3R_5,KOSDAQ,10.070257611241207,6.388546798029537
2026-09-23,446540,메가터치,10900.0,10464.0,True,FILLED,2026-09-28,10464.0,INTRADAY_LIMIT,1,10028.0,11772.0,OPEN,,,,,,100.0,5.026758409785925,False,0,B_DIP4_3R_5,KOSDAQ,0.8256880733944927,6.388546798029537
2026-09-23,006120,SK디스커버리,60300.0,57888.0,False,EXPIRED,,,,,,,,,,,,,,0.0,False,0.0,B_DIP4_3R_5,KOSPI,19.237147595356554,-3.91220349898036
2026-09-23,010955,S-Oil우,84000.0,80640.0,True,FILLED,2026-10-01,80640.0,INTRADAY_LIMIT,4,77280.0,90720.0,OPEN,,,,,,100.0,11.979166666666675,False,0,B_DIP4_3R_5,KOSPI,7.499999999999996,-3.91220349898036
2026-09-28,009240,한샘,40750.0,39120.0,True,FILLED,2026-09-30,39120.0,INTRADAY_LIMIT,2,37490.0,44010.0,OPEN,,,,,,100.0,3.527607361963181,False,0,B_DIP4_3R_5,KOSPI,-0.6134969325153339,-1.245910585885679
2026-09-28,025000,KPX케미칼,57700.0,55392.0,False,EXPIRED,,,,,,,,,,,,,,0.0,False,0.0,B_DIP4_3R_5,KOSPI,1.559792027729645,-1.245910585885679
2026-09-28,284740,쿠쿠홈시스,24300.0,23328.0,False,EXPIRED,,,,,,,,,,,,,,0.0,False,0.0,B_DIP4_3R_5,KOSPI,2.4691358024691468,-1.245910585885679
2026-09-29,031980,피에스케이홀딩스,180800.0,173568.0,False,EXPIRED,,,,,,,,,,,,,,0.0,False,0.0,B_DIP4_3R_5,KOSDAQ,12.831858407079654,5.72252294657567
2026-09-29,064760,티씨케이,300000.0,288000.0,True,FILLED,2026-10-06,288000.0,INTRADAY_LIMIT,4,276000.0,324000.0,OPEN,,,,,,100.0,-1.041666666666663,False,0,B_DIP4_3R_5,KOSDAQ,-5.000000000000004,5.72252294657567
2026-09-29,101160,월덱스,32250.0,30960.0,False,EXPIRED,,,,,,,,,,,,,,0.0,False,0.0,B_DIP4_3R_5,KOSDAQ,-0.15503875968991832,5.72252294657567
2026-09-29,219130,타이거일렉,91000.0,87360.0,False,EXPIRED,,,,,,,,,,,,,,0.0,False,0.0,B_DIP4_3R_5,KOSDAQ,7.692307692307687,5.72252294657567
2026-09-29,252990,샘씨엔에스,19950.0,19152.0,True,FILLED,2026-10-06,19152.0,INTRADAY_LIMIT,4,18354.0,21546.0,OPEN,,,,,,100.0,-0.5325814536340845,False,0,B_DIP4_3R_5,KOSDAQ,-4.511278195488721,5.72252294657567
2026-09-29,029460,케이씨,46250.0,44400.0,True,FILLED,2026-09-30,44400.0,INTRADAY_LIMIT,1,42550.0,49950.0,OPEN,,,,,,100.0,6.4189189189189255,False,0,B_DIP4_3R_5,KOSPI,2.1621621621621623,-0.9738298686763347
2026-09-30,036930,주성엔지니어링,232500.0,223200.0,False,NOT_REACHED,,,,,,,,,,,,,,0.0,False,0.0,B_DIP4_3R_5,KOSDAQ,6.451612903225801,4.967812036312225
2026-09-30,059090,미코,23200.0,22272.0,False,NOT_REACHED,,,,,,,,,,,,,,0.0,False,0.0,B_DIP4_3R_5,KOSDAQ,-1.5086206896551713,4.967812036312225
2026-09-30,078350,한양디지텍,31950.0,30672.0,False,NOT_REACHED,,,,,,,,,,,,,,0.0,False,0.0,B_DIP4_3R_5,KOSDAQ,13.928012519561817,4.967812036312225
2026-09-30,122640,예스티,33600.0,32256.0,True,FILLED,2026-10-07,32256.0,INTRADAY_LIMIT,4,30912.0,36288.0,OPEN,,,,,,100.0,-1.4136904761904767,False,0,B_DIP4_3R_5,KOSDAQ,-5.35714285714286,4.967812036312225
2026-09-30,001120,LX인터내셔널,43300.0,41568.0,False,NOT_REACHED,,,,,,,,,,,,,,0.0,False,0.0,B_DIP4_3R_5,KOSPI,1.501154734411081,-0.4992658715070486
2026-09-30,020000,한섬,21000.0,20160.0,False,NOT_REACHED,,,,,,,,,,,,,,0.0,False,0.0,B_DIP4_3R_5,KOSPI,3.3333333333333437,-0.4992658715070486
2026-09-30,306200,세아제강,153200.0,147072.0,True,FILLED,2026-10-02,147072.0,INTRADAY_LIMIT,2,140944.0,165456.0,OPEN,,,,,,100.0,0.9709530026109636,False,0,B_DIP4_3R_5,KOSPI,-3.067885117493474,-0.4992658715070486
2026-10-02,005160,동국산업,3970.0,3811.2,False,NOT_REACHED,,,,,,,,,,,,,,0.0,False,0.0,B_DIP4_3R_5,KOSDAQ,-3.0226700251889116,0.5754010455730985
2026-10-02,036710,심텍홀딩스,4960.0,4761.599999999999,False,NOT_REACHED,,,,,,,,,,,,,,0.0,False,0.0,B_DIP4_3R_5,KOSDAQ,2.4193548387096753,0.5754010455730985
2026-10-02,064290,인텍플러스,59100.0,56736.0,False,NOT_REACHED,,,,,,,,,,,,,,0.0,False,0.0,B_DIP4_3R_5,KOSDAQ,-1.0152284263959421,0.5754010455730985
2026-10-06,031980,피에스케이홀딩스,197000.0,189120.0,True,FILLED,2026-10-07,189120.0,INTRADAY_LIMIT,1,181240.0,212760.0,OPEN,,,,,,100.0,7.868020304568524,False,0,B_DIP4_3R_5,KOSDAQ,3.5532994923857864,-2.33607270197409
2026-10-06,091580,상신이디피,24850.0,23856.0,False,NOT_REACHED,,,,,,,,,,,,,,0.0,False,0.0,B_DIP4_3R_5,KOSDAQ,-1.2072434607645843,-2.33607270197409
2026-10-06,236200,슈프리마,60400.0,57984.0,True,FILLED,2026-10-07,57984.0,INTRADAY_LIMIT,1,55568.0,65232.0,CLOSED,,,2026-10-07,54800,STOP_LOSS,0.0,-5.491169977924947,False,-5.491169977924947,B_DIP4_3R_5,KOSDAQ,-9.27152317880795,-2.33607270197409
2026-10-06,006400,삼성SDI,575000.0,552000.0,False,NOT_REACHED,,,,,,,,,,,,,,0.0,False,0.0,B_DIP4_3R_5,KOSPI,-2.260869565217394,-1.980727203053001
2026-10-06,007660,이수페타시스,131900.0,126624.0,True,FILLED,2026-10-07,126624.0,INTRADAY_LIMIT,1,121348.0,142452.0,OPEN,,,,,,100.0,-3.6517563810967935,False,0,B_DIP4_3R_5,KOSPI,-7.505686125852917,-1.980727203053001
2026-10-06,192820,코스맥스,298000.0,286080.0,False,NOT_REACHED,,,,,,,,,,,,,,0.0,False,0.0,B_DIP4_3R_5,KOSPI,3.523489932885915,-1.980727203053001
2026-10-06,226320,잇츠한불,11260.0,10809.6,False,NOT_REACHED,,,,,,,,,,,,,,0.0,False,0.0,B_DIP4_3R_5,KOSPI,4.440497335701599,-1.980727203053001
2026-10-06,373220,LG에너지솔루션,390000.0,374400.0,False,NOT_REACHED,,,,,,,,,,,,,,0.0,False,0.0,B_DIP4_3R_5,KOSPI,0.2564102564102555,-1.980727203053001
2026-10-07,041960,코미팜,11000.0,10560.0,False,NO_FUTURE_BAR,,,,,,,,,,,,,,0.0,False,0.0,B_DIP4_3R_5,KOSDAQ,0.0,0.0
2026-10-07,131290,티에스이,316000.0,303360.0,False,NO_FUTURE_BAR,,,,,,,,,,,,,,0.0,False,0.0,B_DIP4_3R_5,KOSDAQ,0.0,0.0
2026-10-07,219130,타이거일렉,98000.0,94080.0,False,NO_FUTURE_BAR,,,,,,,,,,,,,,0.0,False,0.0,B_DIP4_3R_5,KOSDAQ,0.0,0.0
2026-10-07,002320,한진,16860.0,16185.599999999999,False,NO_FUTURE_BAR,,,,,,,,,,,,,,0.0,False,0.0,B_DIP4_3R_5,KOSPI,0.0,0.0
2026-10-07,002960,한국쉘석유,541000.0,519360.0,False,NO_FUTURE_BAR,,,,,,,,,,,,,,0.0,False,0.0,B_DIP4_3R_5,KOSPI,0.0,0.0
2026-10-07,008930,한미사이언스,58100.0,55776.0,False,NO_FUTURE_BAR,,,,,,,,,,,,,,0.0,False,0.0,B_DIP4_3R_5,KOSPI,0.0,0.0
2026-10-07,078520,에이블씨엔씨,11880.0,11404.8,False,NO_FUTURE_BAR,,,,,,,,,,,,,,0.0,False,0.0,B_DIP4_3R_5,KOSPI,0.0,0.0
2026-10-07,383220,F&F,74100.0,71136.0,False,NO_FUTURE_BAR,,,,,,,,,,,,,,0.0,False,0.0,B_DIP4_3R_5,KOSPI,0.0,0.0
2026-08-24,002840,미원상사,131800.0,126528.0,False,EXPIRED,,,,,,,,,,,,,,0.0,False,0.0,C_DIP4_STOPFILL_5,KOSPI,5.993930197268593,1.5968439411314872
2026-08-24,028670,팬오션,6320.0,6067.2,True,FILLED,2026-08-26,6067.2,INTRADAY_LIMIT,2,5581.8240000000005,7523.327999999998,CLOSED,,,2026-09-02,5550,STOP_LOSS_GAP,0.0,-8.524525316455689,False,-8.524525316455689,C_DIP4_STOPFILL_5,KOSPI,-11.234177215189877,1.5968439411314872
2026-08-24,058650,세아홀딩스,132600.0,127296.0,False,EXPIRED,,,,,,,,,,,,,,0.0,False,0.0,C_DIP4_STOPFILL_5,KOSPI,-4.751131221719462,1.5968439411314872
2026-08-25,002310,아세아제지,8560.0,8217.6,True,FILLED,2026-08-27,8217.6,INTRADAY_LIMIT,2,7560.192000000001,10189.823999999999,CLOSED,,,2026-10-07,7530,STOP_LOSS,0.0,-8.367406542056077,False,-8.367406542056077,C_DIP4_STOPFILL_5,KOSPI,-8.294392523364492,0.9070496563711394
2026-08-25,078930,GS,121800.0,116928.0,True,FILLED,2026-08-26,116928.0,INTRADAY_LIMIT,1,107573.76000000001,144990.71999999997,CLOSED,,,2026-09-30,107200,STOP_LOSS,0.0,-8.319649698960042,False,-8.319649698960042,C_DIP4_STOPFILL_5,KOSPI,-8.045977011494255,0.9070496563711394
2026-08-25,080580,오킨스전자,19400.0,18624.0,True,FILLED,2026-08-26,18624.0,INTRADAY_LIMIT,1,17134.08,23093.759999999995,PARTIAL,2026-09-17,23093.759999999995,,,,50.0,37.57452749140893,False,11.99999999999999,C_DIP4_STOPFILL_5,KOSDAQ,34.551546391752574,8.617542162848334
2026-08-25,090430,아모레퍼시픽,143300.0,137568.0,False,EXPIRED,,,,,,,,,,,,,,0.0,False,0.0,C_DIP4_STOPFILL_5,KOSPI,-3.3496161898115884,0.9070496563711394
2026-08-25,122900,아이마켓코리아,8350.0,8016.0,False,EXPIRED,,,,,,,,,,,,,,0.0,False,0.0,C_DIP4_STOPFILL_5,KOSPI,-1.4371257485029987,0.9070496563711394
2026-08-25,123330,제닉,32200.0,30912.0,False,EXPIRED,,,,,,,,,,,,,,0.0,False,0.0,C_DIP4_STOPFILL_5,KOSDAQ,-11.956521739130432,8.617542162848334
2026-08-25,161890,한국콜마,150000.0,144000.0,True,FILLED,2026-08-27,144000.0,INTRADAY_LIMIT,2,132480.0,178560.0,OPEN,,,,,,100.0,1.1111111111111072,False,0,C_DIP4_STOPFILL_5,KOSPI,-8.533333333333337,0.9070496563711394
2026-08-25,257720,실리콘투,51900.0,49824.0,True,FILLED,2026-08-27,48250,OPEN_BETTER_THAN_LIMIT,2,44390.0,59830.0,CLOSED,,,2026-09-10,43550,STOP_LOSS,0.0,-9.740932642487044,False,-9.740932642487044,C_DIP4_STOPFILL_5,KOSDAQ,-9.152215799614638,8.617542162848334
2026-08-25,278470,에이피알,440500.0,422880.0,False,EXPIRED,,,,,,,,,,,,,,0.0,False,0.0,C_DIP4_STOPFILL_5,KOSPI,-10.556186152099889,0.9070496563711394
2026-08-25,280360,롯데웰푸드,135200.0,129792.0,False,EXPIRED,,,,,,,,,,,,,,0.0,False,0.0,C_DIP4_STOPFILL_5,KOSPI,-8.357988165680474,0.9070496563711394
2026-08-26,000815,삼성화재우,425000.0,408000.0,False,EXPIRED,,,,,,,,,,,,,,0.0,False,0.0,C_DIP4_STOPFILL_5,KOSPI,-7.9999999999999964,-0.06330592035205251
2026-08-26,003230,삼양식품,1507000.0,1446720.0,False,EXPIRED,,,,,,,,,,,,,,0.0,False,0.0,C_DIP4_STOPFILL_5,KOSPI,-11.745189117451893,-0.06330592035205251
2026-08-26,003300,한일홀딩스,18350.0,17616.0,False,EXPIRED,,,,,,,,,,,,,,0.0,False,0.0,C_DIP4_STOPFILL_5,KOSPI,-6.975476839237061,-0.06330592035205251
2026-08-26,004490,세방전지,59800.0,57408.0,False,EXPIRED,,,,,,,,,,,,,,0.0,False,0.0,C_DIP4_STOPFILL_5,KOSPI,4.849498327759205,-0.06330592035205251
2026-08-26,006360,GS건설,37800.0,36288.0,True,FILLED,2026-08-28,36288.0,INTRADAY_LIMIT,2,33384.96,44997.12,CLOSED,,,2026-09-01,33300,STOP_LOSS,0.0,-8.234126984126988,False,-8.234126984126988,C_DIP4_STOPFILL_5,KOSPI,-11.904761904761907,-0.06330592035205251
2026-08-26,017940,E1,97700.0,93792.0,False,EXPIRED,,,,,,,,,,,,,,0.0,False,0.0,C_DIP4_STOPFILL_5,KOSPI,-9.621289662231325,-0.06330592035205251
2026-08-27,006400,삼성SDI,569000.0,546240.0,True,FILLED,2026-09-02,546240.0,INTRADAY_LIMIT,4,502540.80000000005,677337.5999999999,OPEN,,,,,,100.0,2.8851786760398346,False,0,C_DIP4_STOPFILL_5,KOSPI,-8.435852372583474,-1.5692157682531516
2026-08-27,012750,에스원,85500.0,82080.0,True,FILLED,2026-08-28,82080.0,INTRADAY_LIMIT,1,75513.6,101779.19999999998,OPEN,,,,,,100.0,2.0955165692007727,False,0,C_DIP4_STOPFILL_5,KOSPI,-1.9883040935672502,-1.5692157682531516
2026-08-27,029460,케이씨,38650.0,37104.0,True,FILLED,2026-08-28,37104.0,INTRADAY_LIMIT,1,34135.68,46008.96,PARTIAL,2026-09-29,46008.96,,,,50.0,25.672380336351875,False,12.0,C_DIP4_STOPFILL_5,KOSPI,22.25097024579561,-1.5692157682531516
2026-08-27,183190,아세아시멘트,10550.0,10128.0,False,EXPIRED,,,,,,,,,,,,,,0.0,False,0.0,C_DIP4_STOPFILL_5,KOSPI,-5.592417061611377,-1.5692157682531516
2026-08-27,222800,심텍,126900.0,121824.0,True,FILLED,2026-08-28,121824.0,INTRADAY_LIMIT,1,112078.08,151061.76,PARTIAL,2026-09-22,151061.76,,,,50.0,31.93695823483057,False,12.0,C_DIP4_STOPFILL_5,KOSDAQ,29.139479905437348,7.256013848265974
2026-08-28,035600,KG이니시스,10640.0,10214.4,False,EXPIRED,,,,,,,,,,,,,,0.0,False,0.0,C_DIP4_STOPFILL_5,KOSDAQ,-8.176691729323304,7.158788659486404
2026-08-28,096530,씨젠,35650.0,34224.0,True,FILLED,2026-08-31,34224.0,INTRADAY_LIMIT,1,31486.08,42437.759999999995,CLOSED,,,2026-09-07,31400,STOP_LOSS,0.0,-8.251519401589524,False,-8.251519401589524,C_DIP4_STOPFILL_5,KOSDAQ,-9.957924263674611,7.158788659486404
2026-08-28,204620,글로벌텍스프리,5960.0,5721.599999999999,True,FILLED,2026-08-31,5721.599999999999,INTRADAY_LIMIT,1,5263.871999999999,7094.784,OPEN,,,,,,100.0,0.3215883668903796,False,0,C_DIP4_STOPFILL_5,KOSDAQ,-9.899328859060407,7.158788659486404
2026-08-28,002790,아모레퍼시픽홀딩스,28000.0,26880.0,True,FILLED,2026-09-01,26880.0,INTRADAY_LIMIT,2,24729.600000000002,33331.2,OPEN,,,,,,100.0,-1.4136904761904767,False,0,C_DIP4_STOPFILL_5,KOSPI,-8.92857142857143,0.22124415220183824
2026-08-28,025000,KPX케미칼,55800.0,53568.0,False,EXPIRED,,,,,,,,,,,,,,0.0,False,0.0,C_DIP4_STOPFILL_5,KOSPI,5.017921146953408,0.22124415220183824
2026-08-28,044820,코스맥스비티아이,26800.0,25728.0,True,FILLED,2026-09-01,25728.0,INTRADAY_LIMIT,2,23669.760000000002,31902.719999999994,CLOSED,,,2026-09-07,23400,STOP_LOSS,0.0,-9.048507462686572,False,-9.048507462686572,C_DIP4_STOPFILL_5,KOSPI,-8.208955223880599,0.22124415220183824
2026-08-28,088350,한화생명,5950.0,5712.0,True,FILLED,2026-09-04,5712.0,INTRADAY_LIMIT,5,5255.04,7082.88,OPEN,,,,,,100.0,-7.037815126050417,False,0,C_DIP4_STOPFILL_5,KOSPI,-10.420168067226887,0.22124415220183824
2026-08-28,090430,아모레퍼시픽,150600.0,144576.0,True,FILLED,2026-09-01,144576.0,INTRADAY_LIMIT,2,133009.92,179274.23999999996,CLOSED,,,2026-10-02,132700,STOP_LOSS,0.0,-8.214364763169545,False,-8.214364763169545,C_DIP4_STOPFILL_5,KOSPI,-8.16733067729084,0.22124415220183824
2026-08-28,104700,한국철강,10120.0,9715.199999999999,True,FILLED,2026-09-02,9715.199999999999,INTRADAY_LIMIT,3,8937.983999999999,12046.848,OPEN,,,,,,100.0,-3.4502635046113173,False,0,C_DIP4_STOPFILL_5,KOSPI,-8.00395256916996,0.22124415220183824
2026-08-28,161890,한국콜마,161700.0,155232.0,True,FILLED,2026-09-01,155232.0,INTRADAY_LIMIT,2,142813.44,192487.68,CLOSED,,,2026-09-08,141000,STOP_LOSS,0.0,-9.168212739641312,False,-9.168212739641312,C_DIP4_STOPFILL_5,KOSPI,-9.83302411873841,0.22124415220183824
2026-08-28,192820,코스맥스,303000.0,290880.0,True,FILLED,2026-09-01,290880.0,INTRADAY_LIMIT,2,267609.60000000003,360691.1999999999,CLOSED,,,2026-09-08,265000,STOP_LOSS,0.0,-8.897139713971402,False,-8.897139713971402,C_DIP4_STOPFILL_5,KOSPI,-8.085808580858089,0.22124415220183824
2026-08-28,278470,에이피알,461500.0,443040.0,True,FILLED,2026-09-01,443040.0,INTRADAY_LIMIT,2,407596.80000000005,549369.5999999999,CLOSED,,,2026-09-03,406000,STOP_LOSS,0.0,-8.360418923799207,False,-8.360418923799207,C_DIP4_STOPFILL_5,KOSPI,-9.209100758396538,0.22124415220183824
2026-08-28,300720,한일시멘트,16950.0,16272.0,True,FILLED,2026-09-02,16272.0,INTRADAY_LIMIT,3,14970.24,20177.28,OPEN,,,,,,100.0,-0.5653883972468021,False,0,C_DIP4_STOPFILL_5,KOSPI,-4.542772861356936,0.22124415220183824
2026-08-31,068930,디지털대성,8660.0,8313.6,False,EXPIRED,,,,,,,,,,,,,,0.0,False,0.0,C_DIP4_STOPFILL_5,KOSDAQ,6.235565819861422,7.687974205611958
2026-08-31,353810,이지바이오,6830.0,6556.8,True,FILLED,2026-09-02,6556.8,INTRADAY_LIMIT,2,6032.256,8130.432,CLOSED,,,2026-09-15,6020,STOP_LOSS,0.0,-8.186920448999512,False,-8.186920448999512,C_DIP4_STOPFILL_5,KOSDAQ,-9.809663250366029,7.687974205611958
2026-08-31,014820,동원시스템즈,23200.0,22272.0,True,FILLED,2026-09-02,22272.0,INTRADAY_LIMIT,2,20490.24,27617.279999999995,OPEN,,,,,,100.0,-2.792744252873558,False,0,C_DIP4_STOPFILL_5,KOSPI,-8.405172413793105,-0.2363629432171832
2026-08-31,086790,하나금융지주,136300.0,130848.0,False,EXPIRED,,,,,,,,,,,,,,0.0,False,0.0,C_DIP4_STOPFILL_5,KOSPI,-5.4292002934702825,-0.2363629432171832
2026-08-31,123890,한국자산신탁,2640.0,2534.4,False,EXPIRED,,,,,,,,,,,,,,0.0,False,0.0,C_DIP4_STOPFILL_5,KOSPI,-8.143939393939393,-0.2363629432171832
2026-08-31,373220,LG에너지솔루션,378000.0,362880.0,True,FILLED,2026-09-02,359500,OPEN_BETTER_THAN_LIMIT,2,330740.0,445780.0,OPEN,,,,,,100.0,8.762169680111276,False,0,C_DIP4_STOPFILL_5,KOSPI,-8.06878306878307,-0.2363629432171832
2026-09-01,001060,JW중외제약,29000.0,27840.0,True,FILLED,2026-09-02,27840.0,INTRADAY_LIMIT,1,25612.800000000003,34521.59999999999,OPEN,,,,,,100.0,-0.6824712643678121,False,0,C_DIP4_STOPFILL_5,KOSPI,-8.965517241379306,-0.46666081512040103
2026-09-01,089860,롯데렌탈,51400.0,49344.0,True,FILLED,2026-09-08,49344.0,INTRADAY_LIMIT,5,45396.48,61186.55999999999,OPEN,,,,,,100.0,3.9640077821011754,False,0,C_DIP4_STOPFILL_5,KOSPI,-0.1945525291828787,-0.46666081512040103
2026-09-01,126560,현대퓨처넷,3425.0,3288.0,False,EXPIRED,,,,,,,,,,,,,,0.0,False,0.0,C_DIP4_STOPFILL_5,KOSPI,-1.4598540145985384,-0.46666081512040103
2026-09-02,159010,아스플로,24100.0,23136.0,True,FILLED,2026-09-08,23136.0,INTRADAY_LIMIT,4,21285.120000000003,28688.639999999992,CLOSED,,,2026-09-17,21200,STOP_LOSS,0.0,-8.367911479944679,False,-8.367911479944679,C_DIP4_STOPFILL_5,KOSDAQ,-8.713692946058094,11.747804671758
2026-09-02,377450,리파인,16800.0,16128.0,False,EXPIRED,,,,,,,,,,,,,,0.0,False,0.0,C_DIP4_STOPFILL_5,KOSDAQ,-15.17857142857143,11.747804671758
2026-09-02,180640,한진칼,139100.0,133536.0,True,FILLED,2026-09-03,133536.0,INTRADAY_LIMIT,1,122853.12000000001,165584.63999999996,OPEN,,,,,,100.0,0.2725856697819218,False,0,C_DIP4_STOPFILL_5,KOSPI,-3.738317757009346,3.675000609503365
2026-09-03,008930,한미사이언스,51500.0,49440.0,False,EXPIRED,,,,,,,,,,,,,,0.0,False,0.0,C_DIP4_STOPFILL_5,KOSPI,12.815533980582527,3.4109078529002357
2026-09-03,088350,한화생명,6110.0,5865.599999999999,True,FILLED,2026-09-04,5865.599999999999,INTRADAY_LIMIT,1,5396.352,7273.343999999998,CLOSED,,,2026-09-30,5330,STOP_LOSS,0.0,-9.131205673758858,False,-9.131205673758858,C_DIP4_STOPFILL_5,KOSPI,-12.765957446808507,3.4109078529002357
2026-09-03,145990,삼양사,47400.0,45504.0,False,EXPIRED,,,,,,,,,,,,,,0.0,False,0.0,C_DIP4_STOPFILL_5,KOSPI,-2.742616033755274,3.4109078529002357
2026-09-03,306200,세아제강,147500.0,141600.0,False,EXPIRED,,,,,,,,,,,,,,0.0,False,0.0,C_DIP4_STOPFILL_5,KOSPI,0.6779661016949046,3.4109078529002357
2026-09-04,031980,피에스케이홀딩스,144000.0,138240.0,False,EXPIRED,,,,,,,,,,,,,,0.0,False,0.0,C_DIP4_STOPFILL_5,KOSDAQ,32.833333333333336,10.440073755377988
2026-09-04,049430,코메론,22450.0,21552.0,True,FILLED,2026-09-07,21552.0,INTRADAY_LIMIT,1,19827.84,26724.48,OPEN,,,,,,100.0,1.6146993318485459,False,0,C_DIP4_STOPFILL_5,KOSDAQ,-2.4498886414253906,10.440073755377988
2026-09-04,064290,인텍플러스,40150.0,38544.0,False,EXPIRED,,,,,,,,,,,,,,0.0,False,0.0,C_DIP4_STOPFILL_5,KOSDAQ,34.85180572851806,10.440073755377988
2026-09-04,377450,리파인,16960.0,16281.599999999999,False,EXPIRED,,,,,,,,,,,,,,0.0,False,0.0,C_DIP4_STOPFILL_5,KOSDAQ,-15.978773584905658,10.440073755377988
2026-09-04,002310,아세아제지,8840.0,8486.4,False,EXPIRED,,,,,,,,,,,,,,0.0,False,0.0,C_DIP4_STOPFILL_5,KOSPI,-9.954751131221718,1.7449728661130592
2026-09-04,004690,삼천리,136700.0,131232.0,False,EXPIRED,,,,,,,,,,,,,,0.0,False,0.0,C_DIP4_STOPFILL_5,KOSPI,-6.144842721287491,1.7449728661130592
2026-09-04,180640,한진칼,146000.0,140160.0,True,FILLED,2026-09-07,140160.0,INTRADAY_LIMIT,1,128947.20000000001,173798.39999999997,OPEN,,,,,,100.0,-4.466324200913241,False,0,C_DIP4_STOPFILL_5,KOSPI,-9.794520547945208,1.7449728661130592
2026-09-04,272450,진에어,6140.0,5894.4,False,EXPIRED,,,,,,,,,,,,,,0.0,False,0.0,C_DIP4_STOPFILL_5,KOSPI,-5.048859934853422,1.7449728661130592
2026-09-07,064760,티씨케이,268500.0,257760.0,True,FILLED,2026-09-09,257760.0,INTRADAY_LIMIT,2,237139.2,319622.39999999997,OPEN,,,,,,100.0,10.567970204841703,False,0,C_DIP4_STOPFILL_5,KOSDAQ,6.145251396648055,9.272795825782353
2026-09-07,131290,티에스이,261500.0,251040.0,True,FILLED,2026-09-14,251000,OPEN_BETTER_THAN_LIMIT,5,230920.0,311240.0,PARTIAL,2026-10-06,311240.0,,,,50.0,24.948207171314742,False,12.0,C_DIP4_STOPFILL_5,KOSDAQ,-9.751434034416828,9.272795825782353
2026-09-08,241770,메카로,42350.0,40656.0,True,FILLED,2026-09-14,40656.0,INTRADAY_LIMIT,4,37403.520000000004,50413.43999999999,OPEN,,,,,,100.0,-3.9502164502164483,False,0,C_DIP4_STOPFILL_5,KOSDAQ,-8.500590318772138,10.66044242991575
2026-09-09,00088K,한화3우B,43600.0,41856.0,True,FILLED,2026-09-10,41856.0,INTRADAY_LIMIT,1,38507.520000000004,51901.43999999999,CLOSED,,,2026-10-01,38500,STOP_LOSS,0.0,-8.017966360856265,False,-8.017966360856265,C_DIP4_STOPFILL_5,KOSPI,-9.174311926605505,-3.5132252922724483
2026-09-09,012630,HDC,24700.0,23712.0,False,EXPIRED,,,,,,,,,,,,,,0.0,False,0.0,C_DIP4_STOPFILL_5,KOSPI,-8.502024291497978,-3.5132252922724483
2026-09-09,020120,키다리스튜디오,7960.0,7641.599999999999,False,EXPIRED,,,,,,,,,,,,,,0.0,False,0.0,C_DIP4_STOPFILL_5,KOSPI,-10.301507537688437,-3.5132252922724483
2026-09-09,096770,SK이노베이션,153500.0,147360.0,True,FILLED,2026-09-11,147360.0,INTRADAY_LIMIT,2,135571.2,182726.39999999997,OPEN,,,,,,100.0,8.306188925081436,False,0,C_DIP4_STOPFILL_5,KOSPI,-10.94462540716612,-3.5132252922724483
2026-09-10,078340,컴투스,34850.0,33456.0,True,FILLED,2026-09-16,33456.0,INTRADAY_LIMIT,4,30779.52,41485.44,OPEN,,,,,,100.0,10.294117647058831,False,0,C_DIP4_STOPFILL_5,KOSDAQ,5.882352941176472,7.349567461645079
2026-09-10,425420,티에프이,58900.0,56544.0,True,FILLED,2026-09-11,56544.0,INTRADAY_LIMIT,1,52020.48,70114.56,PARTIAL,2026-10-01,70114.56,,,,50.0,19.30050933786078,False,12.0,C_DIP4_STOPFILL_5,KOSDAQ,-9.507640067911716,7.349567461645079
2026-09-10,004690,삼천리,138000.0,132480.0,True,FILLED,2026-09-16,132480.0,INTRADAY_LIMIT,4,121881.6,164275.19999999998,OPEN,,,,,,100.0,-3.1551932367149704,False,0,C_DIP4_STOPFILL_5,KOSPI,-7.028985507246377,-3.2701537691642857
2026-09-10,018670,SK가스,252000.0,241920.0,True,FILLED,2026-09-14,241920.0,INTRADAY_LIMIT,2,222566.40000000002,299980.79999999993,OPEN,,,,,,100.0,11.813822751322745,False,0,C_DIP4_STOPFILL_5,KOSPI,7.341269841269837,-3.2701537691642857
2026-09-11,005090,SGC에너지,61200.0,58752.0,True,FILLED,2026-09-14,58752.0,INTRADAY_LIMIT,1,54051.840000000004,72852.47999999998,CLOSED,,,2026-09-16,53300,STOP_LOSS,0.0,-9.279684095860564,False,-9.279684095860564,C_DIP4_STOPFILL_5,KOSPI,-9.640522875816993,-1.5341733828660553
2026-09-11,030210,다올투자증권,4050.0,3888.0,True,FILLED,2026-09-16,3888.0,INTRADAY_LIMIT,3,3576.96,4821.12,OPEN,,,,,,100.0,1.9804526748971263,False,0,C_DIP4_STOPFILL_5,KOSPI,-2.0987654320987703,-1.5341733828660553
2026-09-11,294870,IPARK현대산업개발,24850.0,23856.0,True,FILLED,2026-09-16,23856.0,INTRADAY_LIMIT,3,21947.52,29581.44,CLOSED,,,2026-10-06,21850,STOP_LOSS,0.0,-8.408786049631123,False,-8.408786049631123,C_DIP4_STOPFILL_5,KOSPI,-8.853118712273645,-1.5341733828660553
2026-09-14,068930,디지털대성,8850.0,8496.0,False,EXPIRED,,,,,,,,,,,,,,0.0,False,0.0,C_DIP4_STOPFILL_5,KOSDAQ,3.9548022598870025,11.358593933985306
2026-09-14,377450,리파인,17160.0,16473.6,True,FILLED,2026-09-15,16473.6,INTRADAY_LIMIT,1,15155.712,20427.263999999996,CLOSED,,,2026-09-15,14250,STOP_LOSS,0.0,-13.49796037296036,False,-13.49796037296036,C_DIP4_STOPFILL_5,KOSDAQ,-16.95804195804196,11.358593933985306
2026-09-14,094800,맵스리얼티,7420.0,7123.2,False,EXPIRED,,,,,,,,,,,,,,0.0,False,0.0,C_DIP4_STOPFILL_5,KOSPI,1.0781671159029615,1.7882014310997008
2026-09-15,028100,동아지질,18690.0,17942.399999999998,False,EXPIRED,,,,,,,,,,,,,,0.0,False,0.0,C_DIP4_STOPFILL_5,KOSPI,5.7784911717496,2.6653549128900833
2026-09-15,453340,현대그린푸드,19400.0,18624.0,True,FILLED,2026-09-18,18624.0,INTRADAY_LIMIT,3,17134.08,23093.759999999995,OPEN,,,,,,100.0,1.9652061855670144,False,0,C_DIP4_STOPFILL_5,KOSPI,-2.1134020618556737,2.6653549128900833
2026-09-16,219130,타이거일렉,74800.0,71808.0,True,FILLED,2026-09-17,71800,OPEN_BETTER_THAN_LIMIT,1,66056.0,89032.0,PARTIAL,2026-09-29,89032.0,,,,50.0,30.24512534818942,False,12.0,C_DIP4_STOPFILL_5,KOSDAQ,27.508021390374328,10.104414323880473
2026-09-16,001120,LX인터내셔널,41650.0,39984.0,True,FILLED,2026-09-23,39984.0,INTRADAY_LIMIT,5,36785.28,49580.16,OPEN,,,,,,100.0,9.91896758703481,False,0,C_DIP4_STOPFILL_5,KOSPI,5.522208883553414,1.2791066348911917
2026-09-18,045100,한양이엔지,32100.0,30816.0,False,EXPIRED,,,,,,,,,,,,,,0.0,False,0.0,C_DIP4_STOPFILL_5,KOSDAQ,4.672897196261672,8.621481768062678
2026-09-18,013580,계룡건설,23500.0,22560.0,True,FILLED,2026-09-22,22560.0,INTRADAY_LIMIT,2,20755.2,27974.399999999998,OPEN,,,,,,100.0,-5.585106382978722,False,0,C_DIP4_STOPFILL_5,KOSPI,-8.723404255319146,-1.3102260876123983
2026-09-21,098120,마이크로컨텍솔,57600.0,55296.0,True,FILLED,2026-09-30,55296.0,INTRADAY_LIMIT,5,50872.32,68567.04000000001,OPEN,,,,,,100.0,9.411168981481488,False,0,C_DIP4_STOPFILL_5,KOSDAQ,5.034722222222232,7.433006086550997
2026-09-21,252990,샘씨엔에스,18090.0,17366.399999999998,True,FILLED,2026-09-22,17366.399999999998,INTRADAY_LIMIT,1,15977.087999999998,21534.335999999996,OPEN,,,,,,100.0,9.69458264234384,False,0,C_DIP4_STOPFILL_5,KOSDAQ,5.306799336650081,7.433006086550997
2026-09-21,000430,대원강업,5040.0,4838.4,True,FILLED,2026-09-23,4838.4,INTRADAY_LIMIT,2,4451.3279999999995,5999.616,CLOSED,,,2026-10-06,4400,STOP_LOSS,0.0,-9.060846560846558,False,-9.060846560846558,C_DIP4_STOPFILL_5,KOSPI,-9.126984126984128,-2.90850661841513
2026-09-21,003160,디아이,35400.0,33984.0,False,EXPIRED,,,,,,,,,,,,,,0.0,False,0.0,C_DIP4_STOPFILL_5,KOSPI,20.6864406779661,-2.90850661841513
2026-09-21,029460,케이씨,44600.0,42816.0,True,FILLED,2026-09-22,42816.0,INTRADAY_LIMIT,1,39390.72,53091.84,OPEN,,,,,,100.0,10.355941704035864,False,0,C_DIP4_STOPFILL_5,KOSPI,5.94170403587444,-2.90850661841513
2026-09-22,059090,미코,22600.0,21696.0,True,FILLED,2026-09-29,21500,OPEN_BETTER_THAN_LIMIT,3,19780.0,26660.0,OPEN,,,,,,100.0,6.279069767441858,False,0,C_DIP4_STOPFILL_5,KOSDAQ,1.106194690265494,7.676358493731872
2026-09-22,095340,ISC,208000.0,199680.0,False,EXPIRED,,,,,,,,,,,,,,0.0,False,0.0,C_DIP4_STOPFILL_5,KOSDAQ,-2.644230769230771,7.676358493731872
2026-09-22,222800,심텍,148100.0,142176.0,False,EXPIRED,,,,,,,,,,,,,,0.0,False,0.0,C_DIP4_STOPFILL_5,KOSDAQ,15.057393652937211,7.676358493731872
2026-09-22,425420,티에프이,64400.0,61824.0,True,FILLED,2026-09-29,61824.0,INTRADAY_LIMIT,3,56878.08,76661.76,PARTIAL,2026-10-02,76661.76,,,,50.0,14.40683229813664,False,12.0,C_DIP4_STOPFILL_5,KOSDAQ,0.6211180124223503,7.676358493731872
2026-09-22,003490,대한항공,31400.0,30144.0,False,EXPIRED,,,,,,,,,,,,,,0.0,False,0.0,C_DIP4_STOPFILL_5,KOSPI,-1.7515923566879033,-3.0494833932039667
2026-09-22,020560,아시아나항공,8370.0,8035.2,False,EXPIRED,,,,,,,,,,,,,,0.0,False,0.0,C_DIP4_STOPFILL_5,KOSPI,-1.5531660692950977,-3.0494833932039667
2026-09-23,017890,한국알콜,15390.0,14774.4,False,EXPIRED,,,,,,,,,,,,,,0.0,False,0.0,C_DIP4_STOPFILL_5,KOSDAQ,4.483430799220267,6.388546798029537
2026-09-23,084370,유진테크,163600.0,157056.0,True,FILLED,2026-09-28,157056.0,INTRADAY_LIMIT,1,144491.52000000002,194749.43999999994,OPEN,,,,,,100.0,7.604930725346382,False,0,C_DIP4_STOPFILL_5,KOSDAQ,3.3007334963325086,6.388546798029537
2026-09-23,114810,한솔아이원스,14770.0,14179.199999999999,False,EXPIRED,,,,,,,,,,,,,,0.0,False,0.0,C_DIP4_STOPFILL_5,KOSDAQ,-0.9478672985781977,6.388546798029537
2026-09-23,417840,저스템,17080.0,16396.8,False,EXPIRED,,,,,,,,,,,,,,0.0,False,0.0,C_DIP4_STOPFILL_5,KOSDAQ,10.070257611241207,6.388546798029537
2026-09-23,446540,메가터치,10900.0,10464.0,True,FILLED,2026-09-28,10464.0,INTRADAY_LIMIT,1,9626.880000000001,12975.359999999997,OPEN,,,,,,100.0,5.026758409785925,False,0,C_DIP4_STOPFILL_5,KOSDAQ,0.8256880733944927,6.388546798029537
2026-09-23,006120,SK디스커버리,60300.0,57888.0,False,EXPIRED,,,,,,,,,,,,,,0.0,False,0.0,C_DIP4_STOPFILL_5,KOSPI,19.237147595356554,-3.91220349898036
2026-09-23,010955,S-Oil우,84000.0,80640.0,True,FILLED,2026-10-01,80640.0,INTRADAY_LIMIT,4,74188.8,99993.59999999999,OPEN,,,,,,100.0,11.979166666666675,False,0,C_DIP4_STOPFILL_5,KOSPI,7.499999999999996,-3.91220349898036
2026-09-28,009240,한샘,40750.0,39120.0,True,FILLED,2026-09-30,39120.0,INTRADAY_LIMIT,2,35990.4,48508.799999999996,OPEN,,,,,,100.0,3.527607361963181,False,0,C_DIP4_STOPFILL_5,KOSPI,-0.6134969325153339,-1.245910585885679
2026-09-28,025000,KPX케미칼,57700.0,55392.0,False,EXPIRED,,,,,,,,,,,,,,0.0,False,0.0,C_DIP4_STOPFILL_5,KOSPI,1.559792027729645,-1.245910585885679
2026-09-28,284740,쿠쿠홈시스,24300.0,23328.0,False,EXPIRED,,,,,,,,,,,,,,0.0,False,0.0,C_DIP4_STOPFILL_5,KOSPI,2.4691358024691468,-1.245910585885679
2026-09-29,031980,피에스케이홀딩스,180800.0,173568.0,False,EXPIRED,,,,,,,,,,,,,,0.0,False,0.0,C_DIP4_STOPFILL_5,KOSDAQ,12.831858407079654,5.72252294657567
2026-09-29,064760,티씨케이,300000.0,288000.0,True,FILLED,2026-10-06,288000.0,INTRADAY_LIMIT,4,264960.0,357120.0,OPEN,,,,,,100.0,-1.041666666666663,False,0,C_DIP4_STOPFILL_5,KOSDAQ,-5.000000000000004,5.72252294657567
2026-09-29,101160,월덱스,32250.0,30960.0,False,EXPIRED,,,,,,,,,,,,,,0.0,False,0.0,C_DIP4_STOPFILL_5,KOSDAQ,-0.15503875968991832,5.72252294657567
2026-09-29,219130,타이거일렉,91000.0,87360.0,False,EXPIRED,,,,,,,,,,,,,,0.0,False,0.0,C_DIP4_STOPFILL_5,KOSDAQ,7.692307692307687,5.72252294657567
2026-09-29,252990,샘씨엔에스,19950.0,19152.0,True,FILLED,2026-10-06,19152.0,INTRADAY_LIMIT,4,17619.84,23748.48,OPEN,,,,,,100.0,-0.5325814536340845,False,0,C_DIP4_STOPFILL_5,KOSDAQ,-4.511278195488721,5.72252294657567
2026-09-29,029460,케이씨,46250.0,44400.0,True,FILLED,2026-09-30,44400.0,INTRADAY_LIMIT,1,40848.0,55056.0,OPEN,,,,,,100.0,6.4189189189189255,False,0,C_DIP4_STOPFILL_5,KOSPI,2.1621621621621623,-0.9738298686763347
2026-09-30,036930,주성엔지니어링,232500.0,223200.0,False,NOT_REACHED,,,,,,,,,,,,,,0.0,False,0.0,C_DIP4_STOPFILL_5,KOSDAQ,6.451612903225801,4.967812036312225
2026-09-30,059090,미코,23200.0,22272.0,False,NOT_REACHED,,,,,,,,,,,,,,0.0,False,0.0,C_DIP4_STOPFILL_5,KOSDAQ,-1.5086206896551713,4.967812036312225
2026-09-30,078350,한양디지텍,31950.0,30672.0,False,NOT_REACHED,,,,,,,,,,,,,,0.0,False,0.0,C_DIP4_STOPFILL_5,KOSDAQ,13.928012519561817,4.967812036312225
2026-09-30,122640,예스티,33600.0,32256.0,True,FILLED,2026-10-07,32256.0,INTRADAY_LIMIT,4,29675.52,39997.44,OPEN,,,,,,100.0,-1.4136904761904767,False,0,C_DIP4_STOPFILL_5,KOSDAQ,-5.35714285714286,4.967812036312225
2026-09-30,001120,LX인터내셔널,43300.0,41568.0,False,NOT_REACHED,,,,,,,,,,,,,,0.0,False,0.0,C_DIP4_STOPFILL_5,KOSPI,1.501154734411081,-0.4992658715070486
2026-09-30,020000,한섬,21000.0,20160.0,False,NOT_REACHED,,,,,,,,,,,,,,0.0,False,0.0,C_DIP4_STOPFILL_5,KOSPI,3.3333333333333437,-0.4992658715070486
2026-09-30,306200,세아제강,153200.0,147072.0,True,FILLED,2026-10-02,147072.0,INTRADAY_LIMIT,2,135306.24000000002,182369.27999999994,OPEN,,,,,,100.0,0.9709530026109636,False,0,C_DIP4_STOPFILL_5,KOSPI,-3.067885117493474,-0.4992658715070486
2026-10-02,005160,동국산업,3970.0,3811.2,False,NOT_REACHED,,,,,,,,,,,,,,0.0,False,0.0,C_DIP4_STOPFILL_5,KOSDAQ,-3.0226700251889116,0.5754010455730985
2026-10-02,036710,심텍홀딩스,4960.0,4761.599999999999,False,NOT_REACHED,,,,,,,,,,,,,,0.0,False,0.0,C_DIP4_STOPFILL_5,KOSDAQ,2.4193548387096753,0.5754010455730985
2026-10-02,064290,인텍플러스,59100.0,56736.0,False,NOT_REACHED,,,,,,,,,,,,,,0.0,False,0.0,C_DIP4_STOPFILL_5,KOSDAQ,-1.0152284263959421,0.5754010455730985
2026-10-06,031980,피에스케이홀딩스,197000.0,189120.0,True,FILLED,2026-10-07,189120.0,INTRADAY_LIMIT,1,173990.4,234508.80000000002,OPEN,,,,,,100.0,7.868020304568524,False,0,C_DIP4_STOPFILL_5,KOSDAQ,3.5532994923857864,-2.33607270197409
2026-10-06,091580,상신이디피,24850.0,23856.0,False,NOT_REACHED,,,,,,,,,,,,,,0.0,False,0.0,C_DIP4_STOPFILL_5,KOSDAQ,-1.2072434607645843,-2.33607270197409
2026-10-06,236200,슈프리마,60400.0,57984.0,True,FILLED,2026-10-07,57984.0,INTRADAY_LIMIT,1,53345.28,71900.16,OPEN,,,,,,100.0,-5.491169977924947,False,0,C_DIP4_STOPFILL_5,KOSDAQ,-9.27152317880795,-2.33607270197409
2026-10-06,006400,삼성SDI,575000.0,552000.0,False,NOT_REACHED,,,,,,,,,,,,,,0.0,False,0.0,C_DIP4_STOPFILL_5,KOSPI,-2.260869565217394,-1.980727203053001
2026-10-06,007660,이수페타시스,131900.0,126624.0,True,FILLED,2026-10-07,126624.0,INTRADAY_LIMIT,1,116494.08,157013.76,OPEN,,,,,,100.0,-3.6517563810967935,False,0,C_DIP4_STOPFILL_5,KOSPI,-7.505686125852917,-1.980727203053001
2026-10-06,192820,코스맥스,298000.0,286080.0,False,NOT_REACHED,,,,,,,,,,,,,,0.0,False,0.0,C_DIP4_STOPFILL_5,KOSPI,3.523489932885915,-1.980727203053001
2026-10-06,226320,잇츠한불,11260.0,10809.6,False,NOT_REACHED,,,,,,,,,,,,,,0.0,False,0.0,C_DIP4_STOPFILL_5,KOSPI,4.440497335701599,-1.980727203053001
2026-10-06,373220,LG에너지솔루션,390000.0,374400.0,False,NOT_REACHED,,,,,,,,,,,,,,0.0,False,0.0,C_DIP4_STOPFILL_5,KOSPI,0.2564102564102555,-1.980727203053001
2026-10-07,041960,코미팜,11000.0,10560.0,False,NO_FUTURE_BAR,,,,,,,,,,,,,,0.0,False,0.0,C_DIP4_STOPFILL_5,KOSDAQ,0.0,0.0
2026-10-07,131290,티에스이,316000.0,303360.0,False,NO_FUTURE_BAR,,,,,,,,,,,,,,0.0,False,0.0,C_DIP4_STOPFILL_5,KOSDAQ,0.0,0.0
2026-10-07,219130,타이거일렉,98000.0,94080.0,False,NO_FUTURE_BAR,,,,,,,,,,,,,,0.0,False,0.0,C_DIP4_STOPFILL_5,KOSDAQ,0.0,0.0
2026-10-07,002320,한진,16860.0,16185.599999999999,False,NO_FUTURE_BAR,,,,,,,,,,,,,,0.0,False,0.0,C_DIP4_STOPFILL_5,KOSPI,0.0,0.0
2026-10-07,002960,한국쉘석유,541000.0,519360.0,False,NO_FUTURE_BAR,,,,,,,,,,,,,,0.0,False,0.0,C_DIP4_STOPFILL_5,KOSPI,0.0,0.0
2026-10-07,008930,한미사이언스,58100.0,55776.0,False,NO_FUTURE_BAR,,,,,,,,,,,,,,0.0,False,0.0,C_DIP4_STOPFILL_5,KOSPI,0.0,0.0
2026-10-07,078520,에이블씨엔씨,11880.0,11404.8,False,NO_FUTURE_BAR,,,,,,,,,,,,,,0.0,False,0.0,C_DIP4_STOPFILL_5,KOSPI,0.0,0.0
2026-10-07,383220,F&F,74100.0,71136.0,False,NO_FUTURE_BAR,,,,,,,,,,,,,,0.0,False,0.0,C_DIP4_STOPFILL_5,KOSPI,0.0,0.0
2026-08-24,002840,미원상사,131800.0,126528.0,False,NOT_REACHED,,,,,,,,,,,,,,0.0,False,0.0,B_DIP4_KEEP_GTC_OPTIMISTIC,KOSPI,5.993930197268593,1.5968439411314872
2026-08-24,028670,팬오션,6320.0,6067.2,True,FILLED,2026-08-26,6067.2,INTRADAY_LIMIT,2,5814.400000000001,7836.799999999998,CLOSED,,,2026-08-26,5610,STOP_LOSS,0.0,-7.535601265822778,False,-7.535601265822778,B_DIP4_KEEP_GTC_OPTIMISTIC,KOSPI,-11.234177215189877,1.5968439411314872
2026-08-24,058650,세아홀딩스,132600.0,127296.0,True,FILLED,2026-09-23,127296.0,INTRADAY_LIMIT,22,121992.0,164424.0,OPEN,,,,,,100.0,-0.7824283559577649,False,0,B_DIP4_KEEP_GTC_OPTIMISTIC,KOSPI,-4.751131221719462,1.5968439411314872
2026-08-25,002310,아세아제지,8560.0,8217.6,True,FILLED,2026-08-27,8217.6,INTRADAY_LIMIT,2,7875.200000000001,10614.399999999998,CLOSED,,,2026-09-30,7850,STOP_LOSS,0.0,-4.473325545171347,False,-4.473325545171347,B_DIP4_KEEP_GTC_OPTIMISTIC,KOSPI,-8.294392523364492,0.9070496563711394
2026-08-25,078930,GS,121800.0,116928.0,True,FILLED,2026-08-26,116928.0,INTRADAY_LIMIT,1,112056.0,151032.0,CLOSED,,,2026-09-16,112000,STOP_LOSS,0.0,-4.214559386973182,False,-4.214559386973182,B_DIP4_KEEP_GTC_OPTIMISTIC,KOSPI,-8.045977011494255,0.9070496563711394
2026-08-25,080580,오킨스전자,19400.0,18624.0,True,FILLED,2026-08-26,18624.0,INTRADAY_LIMIT,1,17848.0,24056.0,PARTIAL,2026-09-21,24056.0,,,,50.0,40.15786082474227,False,14.583333333333337,B_DIP4_KEEP_GTC_OPTIMISTIC,KOSDAQ,34.551546391752574,8.617542162848334
2026-08-25,090430,아모레퍼시픽,143300.0,137568.0,True,FILLED,2026-09-09,137568.0,INTRADAY_LIMIT,11,131836.0,177692.0,OPEN,,,,,,100.0,0.6774831356129329,False,0,B_DIP4_KEEP_GTC_OPTIMISTIC,KOSPI,-3.3496161898115884,0.9070496563711394
2026-08-25,122900,아이마켓코리아,8350.0,8016.0,True,FILLED,2026-09-09,8016.0,INTRADAY_LIMIT,11,7682.0,10354.0,OPEN,,,,,,100.0,2.6696606786427157,False,0,B_DIP4_KEEP_GTC_OPTIMISTIC,KOSPI,-1.4371257485029987,0.9070496563711394
2026-08-25,123330,제닉,32200.0,30912.0,True,FILLED,2026-09-07,30912.0,INTRADAY_LIMIT,9,29624.0,39928.0,CLOSED,,,2026-09-07,28350,STOP_LOSS,0.0,-8.288043478260864,False,-8.288043478260864,B_DIP4_KEEP_GTC_OPTIMISTIC,KOSDAQ,-11.956521739130432,8.617542162848334
2026-08-25,161890,한국콜마,150000.0,144000.0,True,FILLED,2026-08-27,144000.0,INTRADAY_LIMIT,2,138000.0,186000.0,CLOSED,,,2026-09-11,137200,STOP_LOSS_GAP,0.0,-4.722222222222228,False,-4.722222222222228,B_DIP4_KEEP_GTC_OPTIMISTIC,KOSPI,-8.533333333333337,0.9070496563711394
2026-08-25,257720,실리콘투,51900.0,49824.0,True,FILLED,2026-08-27,48250,OPEN_BETTER_THAN_LIMIT,2,47748.0,64356.0,CLOSED,,,2026-09-07,47150,STOP_LOSS,0.0,-2.2797927461139844,False,-2.2797927461139844,B_DIP4_KEEP_GTC_OPTIMISTIC,KOSDAQ,-9.152215799614638,8.617542162848334
2026-08-25,278470,에이피알,440500.0,422880.0,True,FILLED,2026-09-02,422880.0,INTRADAY_LIMIT,6,405260.0,546220.0,CLOSED,,,2026-09-04,394000,STOP_LOSS,0.0,-6.829360575104049,False,-6.829360575104049,B_DIP4_KEEP_GTC_OPTIMISTIC,KOSPI,-10.556186152099889,0.9070496563711394
2026-08-25,280360,롯데웰푸드,135200.0,129792.0,True,FILLED,2026-09-16,129792.0,INTRADAY_LIMIT,16,124384.0,167648.0,CLOSED,,,2026-09-22,123900,STOP_LOSS,0.0,-4.539571005917164,False,-4.539571005917164,B_DIP4_KEEP_GTC_OPTIMISTIC,KOSPI,-8.357988165680474,0.9070496563711394
2026-08-26,000815,삼성화재우,425000.0,408000.0,True,FILLED,2026-09-16,408000.0,INTRADAY_LIMIT,15,391000.0,527000.0,CLOSED,,,2026-10-01,391000,STOP_LOSS,0.0,-4.1666666666666625,False,-4.1666666666666625,B_DIP4_KEEP_GTC_OPTIMISTIC,KOSPI,-7.9999999999999964,-0.06330592035205251
2026-08-26,003230,삼양식품,1507000.0,1446720.0,True,FILLED,2026-09-03,1446720.0,INTRADAY_LIMIT,6,1386440.0,1868680.0,CLOSED,,,2026-09-07,1330000,STOP_LOSS,0.0,-8.067905330679048,False,-8.067905330679048,B_DIP4_KEEP_GTC_OPTIMISTIC,KOSPI,-11.745189117451893,-0.06330592035205251
2026-08-26,003300,한일홀딩스,18350.0,17616.0,True,FILLED,2026-09-10,17616.0,INTRADAY_LIMIT,11,16882.0,22754.0,OPEN,,,,,,100.0,-3.0994550408719346,False,0,B_DIP4_KEEP_GTC_OPTIMISTIC,KOSPI,-6.975476839237061,-0.06330592035205251
2026-08-26,004490,세방전지,59800.0,57408.0,False,NOT_REACHED,,,,,,,,,,,,,,0.0,False,0.0,B_DIP4_KEEP_GTC_OPTIMISTIC,KOSPI,4.849498327759205,-0.06330592035205251
2026-08-26,006360,GS건설,37800.0,36288.0,True,FILLED,2026-08-28,36288.0,INTRADAY_LIMIT,2,34776.0,46872.0,CLOSED,,,2026-09-01,33300,STOP_LOSS,0.0,-8.234126984126988,False,-8.234126984126988,B_DIP4_KEEP_GTC_OPTIMISTIC,KOSPI,-11.904761904761907,-0.06330592035205251
2026-08-26,017940,E1,97700.0,93792.0,True,FILLED,2026-09-16,93792.0,INTRADAY_LIMIT,15,89884.0,121148.0,CLOSED,,,2026-10-01,88300,STOP_LOSS,0.0,-5.855510064824287,False,-5.855510064824287,B_DIP4_KEEP_GTC_OPTIMISTIC,KOSPI,-9.621289662231325,-0.06330592035205251
2026-08-27,006400,삼성SDI,569000.0,546240.0,True,FILLED,2026-09-02,546240.0,INTRADAY_LIMIT,4,523480.0,705560.0,CLOSED,,,2026-09-23,521000,STOP_LOSS,0.0,-4.620679554774454,False,-4.620679554774454,B_DIP4_KEEP_GTC_OPTIMISTIC,KOSPI,-8.435852372583474,-1.5692157682531516
2026-08-27,012750,에스원,85500.0,82080.0,True,FILLED,2026-08-28,82080.0,INTRADAY_LIMIT,1,78660.0,106020.0,OPEN,,,,,,100.0,2.0955165692007727,False,0,B_DIP4_KEEP_GTC_OPTIMISTIC,KOSPI,-1.9883040935672502,-1.5692157682531516
2026-08-27,029460,케이씨,38650.0,37104.0,True,FILLED,2026-08-28,37104.0,INTRADAY_LIMIT,1,35558.0,47926.0,OPEN,,,,,,100.0,27.34476067270375,False,0,B_DIP4_KEEP_GTC_OPTIMISTIC,KOSPI,22.25097024579561,-1.5692157682531516
2026-08-27,183190,아세아시멘트,10550.0,10128.0,True,FILLED,2026-10-01,10128.0,INTRADAY_LIMIT,23,9706.0,13082.0,OPEN,,,,,,100.0,-1.6587677725118488,False,0,B_DIP4_KEEP_GTC_OPTIMISTIC,KOSPI,-5.592417061611377,-1.5692157682531516
2026-08-27,222800,심텍,126900.0,121824.0,True,FILLED,2026-08-28,121824.0,INTRADAY_LIMIT,1,116748.0,157356.0,PARTIAL,2026-10-01,157356.0,,,,50.0,34.520291568163906,False,14.583333333333337,B_DIP4_KEEP_GTC_OPTIMISTIC,KOSDAQ,29.139479905437348,7.256013848265974
2026-08-28,035600,KG이니시스,10640.0,10214.4,True,FILLED,2026-09-07,10214.4,INTRADAY_LIMIT,6,9788.800000000001,13193.599999999997,CLOSED,,,2026-09-30,9770,STOP_LOSS,0.0,-4.35072055137844,False,-4.35072055137844,B_DIP4_KEEP_GTC_OPTIMISTIC,KOSDAQ,-8.176691729323304,7.158788659486404
2026-08-28,096530,씨젠,35650.0,34224.0,True,FILLED,2026-08-31,34224.0,INTRADAY_LIMIT,1,32798.0,44206.0,CLOSED,,,2026-09-02,32100,STOP_LOSS,0.0,-6.206171107994384,False,-6.206171107994384,B_DIP4_KEEP_GTC_OPTIMISTIC,KOSDAQ,-9.957924263674611,7.158788659486404
2026-08-28,204620,글로벌텍스프리,5960.0,5721.599999999999,True,FILLED,2026-08-31,5721.599999999999,INTRADAY_LIMIT,1,5483.2,7390.400000000001,CLOSED,,,2026-09-03,5370,STOP_LOSS,0.0,-6.14513422818791,False,-6.14513422818791,B_DIP4_KEEP_GTC_OPTIMISTIC,KOSDAQ,-9.899328859060407,7.158788659486404
2026-08-28,002790,아모레퍼시픽홀딩스,28000.0,26880.0,True,FILLED,2026-09-01,26880.0,INTRADAY_LIMIT,2,25760.0,34720.0,CLOSED,,,2026-09-09,25500,STOP_LOSS,0.0,-5.133928571428569,False,-5.133928571428569,B_DIP4_KEEP_GTC_OPTIMISTIC,KOSPI,-8.92857142857143,0.22124415220183824
2026-08-28,025000,KPX케미칼,55800.0,53568.0,True,FILLED,2026-09-10,53568.0,INTRADAY_LIMIT,9,51336.0,69192.0,OPEN,,,,,,100.0,9.393667861409805,False,0,B_DIP4_KEEP_GTC_OPTIMISTIC,KOSPI,5.017921146953408,0.22124415220183824
2026-08-28,044820,코스맥스비티아이,26800.0,25728.0,True,FILLED,2026-09-01,25728.0,INTRADAY_LIMIT,2,24656.0,33232.0,CLOSED,,,2026-09-03,24600,STOP_LOSS_GAP,0.0,-4.384328358208956,False,-4.384328358208956,B_DIP4_KEEP_GTC_OPTIMISTIC,KOSPI,-8.208955223880599,0.22124415220183824
2026-08-28,088350,한화생명,5950.0,5712.0,True,FILLED,2026-09-04,5712.0,INTRADAY_LIMIT,5,5474.0,7378.0,CLOSED,,,2026-09-30,5330,STOP_LOSS,0.0,-6.68767507002801,False,-6.68767507002801,B_DIP4_KEEP_GTC_OPTIMISTIC,KOSPI,-10.420168067226887,0.22124415220183824
2026-08-28,090430,아모레퍼시픽,150600.0,144576.0,True,FILLED,2026-09-01,144576.0,INTRADAY_LIMIT,2,138552.0,186744.0,CLOSED,,,2026-09-09,138300,STOP_LOSS,0.0,-4.34096945551129,False,-4.34096945551129,B_DIP4_KEEP_GTC_OPTIMISTIC,KOSPI,-8.16733067729084,0.22124415220183824
2026-08-28,104700,한국철강,10120.0,9715.199999999999,True,FILLED,2026-09-02,9715.199999999999,INTRADAY_LIMIT,3,9310.4,12548.800000000001,CLOSED,,,2026-09-30,9310,STOP_LOSS,0.0,-4.170783926218702,False,-4.170783926218702,B_DIP4_KEEP_GTC_OPTIMISTIC,KOSPI,-8.00395256916996,0.22124415220183824
2026-08-28,161890,한국콜마,161700.0,155232.0,True,FILLED,2026-09-01,155232.0,INTRADAY_LIMIT,2,148764.0,200508.0,CLOSED,,,2026-09-04,145800,STOP_LOSS,0.0,-6.076066790352508,False,-6.076066790352508,B_DIP4_KEEP_GTC_OPTIMISTIC,KOSPI,-9.83302411873841,0.22124415220183824
2026-08-28,192820,코스맥스,303000.0,290880.0,True,FILLED,2026-09-01,290880.0,INTRADAY_LIMIT,2,278760.0,375720.0,CLOSED,,,2026-09-02,278500,STOP_LOSS_GAP,0.0,-4.256050605060501,False,-4.256050605060501,B_DIP4_KEEP_GTC_OPTIMISTIC,KOSPI,-8.085808580858089,0.22124415220183824
2026-08-28,278470,에이피알,461500.0,443040.0,True,FILLED,2026-09-01,443040.0,INTRADAY_LIMIT,2,424580.0,572260.0,CLOSED,,,2026-09-02,419000,STOP_LOSS,0.0,-5.4261466233297195,False,-5.4261466233297195,B_DIP4_KEEP_GTC_OPTIMISTIC,KOSPI,-9.209100758396538,0.22124415220183824
2026-08-28,300720,한일시멘트,16950.0,16272.0,True,FILLED,2026-09-02,16272.0,INTRADAY_LIMIT,3,15594.0,21018.0,OPEN,,,,,,100.0,-0.5653883972468021,False,0,B_DIP4_KEEP_GTC_OPTIMISTIC,KOSPI,-4.542772861356936,0.22124415220183824
2026-08-31,068930,디지털대성,8660.0,8313.6,False,NOT_REACHED,,,,,,,,,,,,,,0.0,False,0.0,B_DIP4_KEEP_GTC_OPTIMISTIC,KOSDAQ,6.235565819861422,7.687974205611958
2026-08-31,353810,이지바이오,6830.0,6556.8,True,FILLED,2026-09-02,6556.8,INTRADAY_LIMIT,2,6283.6,8469.199999999999,CLOSED,,,2026-09-07,6160,STOP_LOSS,0.0,-6.0517325524646175,False,-6.0517325524646175,B_DIP4_KEEP_GTC_OPTIMISTIC,KOSDAQ,-9.809663250366029,7.687974205611958
2026-08-31,014820,동원시스템즈,23200.0,22272.0,True,FILLED,2026-09-02,22272.0,INTRADAY_LIMIT,2,21344.0,28768.0,CLOSED,,,2026-09-09,21250,STOP_LOSS_GAP,0.0,-4.588721264367813,False,-4.588721264367813,B_DIP4_KEEP_GTC_OPTIMISTIC,KOSPI,-8.405172413793105,-0.2363629432171832
2026-08-31,086790,하나금융지주,136300.0,130848.0,True,FILLED,2026-09-30,130848.0,INTRADAY_LIMIT,20,125396.0,169012.0,OPEN,,,,,,100.0,-1.4887503056982165,False,0,B_DIP4_KEEP_GTC_OPTIMISTIC,KOSPI,-5.4292002934702825,-0.2363629432171832
2026-08-31,123890,한국자산신탁,2640.0,2534.4,True,FILLED,2026-09-08,2534.4,INTRADAY_LIMIT,6,2428.8,3273.5999999999995,CLOSED,,,2026-09-23,2425,STOP_LOSS,0.0,-4.316603535353536,False,-4.316603535353536,B_DIP4_KEEP_GTC_OPTIMISTIC,KOSPI,-8.143939393939393,-0.2363629432171832
2026-08-31,373220,LG에너지솔루션,378000.0,362880.0,True,FILLED,2026-09-02,359500,OPEN_BETTER_THAN_LIMIT,2,347760.0,468720.0,CLOSED,,,2026-09-02,347500,STOP_LOSS,0.0,-3.3379694019471495,False,-3.3379694019471495,B_DIP4_KEEP_GTC_OPTIMISTIC,KOSPI,-8.06878306878307,-0.2363629432171832
2026-09-01,001060,JW중외제약,29000.0,27840.0,True,FILLED,2026-09-02,27840.0,INTRADAY_LIMIT,1,26680.0,35960.0,CLOSED,,,2026-09-11,26400,STOP_LOSS_GAP,0.0,-5.1724137931034475,False,-5.1724137931034475,B_DIP4_KEEP_GTC_OPTIMISTIC,KOSPI,-8.965517241379306,-0.46666081512040103
2026-09-01,089860,롯데렌탈,51400.0,49344.0,True,FILLED,2026-09-08,49344.0,INTRADAY_LIMIT,5,47288.0,63736.0,OPEN,,,,,,100.0,3.9640077821011754,False,0,B_DIP4_KEEP_GTC_OPTIMISTIC,KOSPI,-0.1945525291828787,-0.46666081512040103
2026-09-01,126560,현대퓨처넷,3425.0,3288.0,False,NOT_REACHED,,,,,,,,,,,,,,0.0,False,0.0,B_DIP4_KEEP_GTC_OPTIMISTIC,KOSPI,-1.4598540145985384,-0.46666081512040103
2026-09-02,159010,아스플로,24100.0,23136.0,True,FILLED,2026-09-08,23136.0,INTRADAY_LIMIT,4,22172.0,29884.0,CLOSED,,,2026-09-15,22000,STOP_LOSS_GAP,0.0,-4.9100968188105165,False,-4.9100968188105165,B_DIP4_KEEP_GTC_OPTIMISTIC,KOSDAQ,-8.713692946058094,11.747804671758
2026-09-02,377450,리파인,16800.0,16128.0,True,FILLED,2026-09-15,16128.0,INTRADAY_LIMIT,9,15456.0,20832.0,CLOSED,,,2026-09-15,14250,STOP_LOSS,0.0,-11.644345238095234,False,-11.644345238095234,B_DIP4_KEEP_GTC_OPTIMISTIC,KOSDAQ,-15.17857142857143,11.747804671758
2026-09-02,180640,한진칼,139100.0,133536.0,True,FILLED,2026-09-03,133536.0,INTRADAY_LIMIT,1,127972.0,172484.0,OPEN,,,,,,100.0,0.2725856697819218,False,0,B_DIP4_KEEP_GTC_OPTIMISTIC,KOSPI,-3.738317757009346,3.675000609503365
2026-09-03,008930,한미사이언스,51500.0,49440.0,True,FILLED,2026-09-14,49100,OPEN_BETTER_THAN_LIMIT,7,47380.0,63860.0,OPEN,,,,,,100.0,18.32993890020367,False,0,B_DIP4_KEEP_GTC_OPTIMISTIC,KOSPI,12.815533980582527,3.4109078529002357
2026-09-03,088350,한화생명,6110.0,5865.599999999999,True,FILLED,2026-09-04,5865.599999999999,INTRADAY_LIMIT,1,5621.2,7576.400000000001,CLOSED,,,2026-09-30,5330,STOP_LOSS,0.0,-9.131205673758858,False,-9.131205673758858,B_DIP4_KEEP_GTC_OPTIMISTIC,KOSPI,-12.765957446808507,3.4109078529002357
2026-09-03,145990,삼양사,47400.0,45504.0,True,FILLED,2026-09-22,45504.0,INTRADAY_LIMIT,13,43608.0,58776.0,OPEN,,,,,,100.0,1.3097749648382617,False,0,B_DIP4_KEEP_GTC_OPTIMISTIC,KOSPI,-2.742616033755274,3.4109078529002357
2026-09-03,306200,세아제강,147500.0,141600.0,True,FILLED,2026-09-16,141600.0,INTRADAY_LIMIT,9,135700.0,182900.0,OPEN,,,,,,100.0,4.8728813559322015,False,0,B_DIP4_KEEP_GTC_OPTIMISTIC,KOSPI,0.6779661016949046,3.4109078529002357
2026-09-04,031980,피에스케이홀딩스,144000.0,138240.0,False,NOT_REACHED,,,,,,,,,,,,,,0.0,False,0.0,B_DIP4_KEEP_GTC_OPTIMISTIC,KOSDAQ,32.833333333333336,10.440073755377988
2026-09-04,049430,코메론,22450.0,21552.0,True,FILLED,2026-09-07,21552.0,INTRADAY_LIMIT,1,20654.0,27838.0,OPEN,,,,,,100.0,1.6146993318485459,False,0,B_DIP4_KEEP_GTC_OPTIMISTIC,KOSDAQ,-2.4498886414253906,10.440073755377988
2026-09-04,064290,인텍플러스,40150.0,38544.0,False,NOT_REACHED,,,,,,,,,,,,,,0.0,False,0.0,B_DIP4_KEEP_GTC_OPTIMISTIC,KOSDAQ,34.85180572851806,10.440073755377988
2026-09-04,377450,리파인,16960.0,16281.599999999999,True,FILLED,2026-09-15,16281.599999999999,INTRADAY_LIMIT,7,15603.2,21030.399999999998,CLOSED,,,2026-09-15,14250,STOP_LOSS,0.0,-12.477889150943389,False,-12.477889150943389,B_DIP4_KEEP_GTC_OPTIMISTIC,KOSDAQ,-15.978773584905658,10.440073755377988
2026-09-04,002310,아세아제지,8840.0,8486.4,True,FILLED,2026-09-15,8486.4,INTRADAY_LIMIT,7,8132.8,10961.599999999999,CLOSED,,,2026-09-29,7960,STOP_LOSS,0.0,-6.202865761689291,False,-6.202865761689291,B_DIP4_KEEP_GTC_OPTIMISTIC,KOSPI,-9.954751131221718,1.7449728661130592
2026-09-04,004690,삼천리,136700.0,131232.0,True,FILLED,2026-09-16,131232.0,INTRADAY_LIMIT,8,125764.0,169508.0,OPEN,,,,,,100.0,-2.2342111680078047,False,0,B_DIP4_KEEP_GTC_OPTIMISTIC,KOSPI,-6.144842721287491,1.7449728661130592
2026-09-04,180640,한진칼,146000.0,140160.0,True,FILLED,2026-09-07,140160.0,INTRADAY_LIMIT,1,134320.0,181040.0,CLOSED,,,2026-09-11,131700,STOP_LOSS_GAP,0.0,-6.0359589041095845,False,-6.0359589041095845,B_DIP4_KEEP_GTC_OPTIMISTIC,KOSPI,-9.794520547945208,1.7449728661130592
2026-09-04,272450,진에어,6140.0,5894.4,True,FILLED,2026-09-14,5894.4,INTRADAY_LIMIT,6,5648.8,7613.599999999999,OPEN,,,,,,100.0,-1.092562432138977,False,0,B_DIP4_KEEP_GTC_OPTIMISTIC,KOSPI,-5.048859934853422,1.7449728661130592
2026-09-07,064760,티씨케이,268500.0,257760.0,True,FILLED,2026-09-09,257760.0,INTRADAY_LIMIT,2,247020.0,332940.0,OPEN,,,,,,100.0,10.567970204841703,False,0,B_DIP4_KEEP_GTC_OPTIMISTIC,KOSDAQ,6.145251396648055,9.272795825782353
2026-09-07,131290,티에스이,261500.0,251040.0,True,FILLED,2026-09-14,251000,OPEN_BETTER_THAN_LIMIT,5,240580.0,324260.0,CLOSED,,,2026-09-14,236000,STOP_LOSS,0.0,-5.976095617529875,False,-5.976095617529875,B_DIP4_KEEP_GTC_OPTIMISTIC,KOSDAQ,-9.751434034416828,9.272795825782353
2026-09-08,241770,메카로,42350.0,40656.0,True,FILLED,2026-09-14,40656.0,INTRADAY_LIMIT,4,38962.0,52514.0,CLOSED,,,2026-09-15,38750,STOP_LOSS,0.0,-4.688114915387642,False,-4.688114915387642,B_DIP4_KEEP_GTC_OPTIMISTIC,KOSDAQ,-8.500590318772138,10.66044242991575
2026-09-09,00088K,한화3우B,43600.0,41856.0,True,FILLED,2026-09-10,41856.0,INTRADAY_LIMIT,1,40112.0,54064.0,CLOSED,,,2026-09-21,39600,STOP_LOSS,0.0,-5.389908256880737,False,-5.389908256880737,B_DIP4_KEEP_GTC_OPTIMISTIC,KOSPI,-9.174311926605505,-3.5132252922724483
2026-09-09,012630,HDC,24700.0,23712.0,True,FILLED,2026-10-02,23712.0,INTRADAY_LIMIT,15,22724.0,30628.0,CLOSED,,,2026-10-07,22600,STOP_LOSS,0.0,-4.689608636977061,False,-4.689608636977061,B_DIP4_KEEP_GTC_OPTIMISTIC,KOSPI,-8.502024291497978,-3.5132252922724483
2026-09-09,020120,키다리스튜디오,7960.0,7641.599999999999,True,FILLED,2026-09-21,7641.599999999999,INTRADAY_LIMIT,8,7323.200000000001,9870.399999999998,CLOSED,,,2026-10-06,7140,STOP_LOSS,0.0,-6.564070351758788,False,-6.564070351758788,B_DIP4_KEEP_GTC_OPTIMISTIC,KOSPI,-10.301507537688437,-3.5132252922724483
2026-09-09,096770,SK이노베이션,153500.0,147360.0,True,FILLED,2026-09-11,147360.0,INTRADAY_LIMIT,2,141220.0,190340.0,CLOSED,,,2026-09-14,136700,STOP_LOSS,0.0,-7.233984799131377,False,-7.233984799131377,B_DIP4_KEEP_GTC_OPTIMISTIC,KOSPI,-10.94462540716612,-3.5132252922724483
2026-09-10,078340,컴투스,34850.0,33456.0,True,FILLED,2026-09-16,33456.0,INTRADAY_LIMIT,4,32062.0,43214.0,OPEN,,,,,,100.0,10.294117647058831,False,0,B_DIP4_KEEP_GTC_OPTIMISTIC,KOSDAQ,5.882352941176472,7.349567461645079
2026-09-10,425420,티에프이,58900.0,56544.0,True,FILLED,2026-09-11,56544.0,INTRADAY_LIMIT,1,54188.0,73036.0,CLOSED,,,2026-09-14,53300,STOP_LOSS_GAP,0.0,-5.737125070741367,False,-5.737125070741367,B_DIP4_KEEP_GTC_OPTIMISTIC,KOSDAQ,-9.507640067911716,7.349567461645079
2026-09-10,004690,삼천리,138000.0,132480.0,True,FILLED,2026-09-16,132480.0,INTRADAY_LIMIT,4,126960.0,171120.0,OPEN,,,,,,100.0,-3.1551932367149704,False,0,B_DIP4_KEEP_GTC_OPTIMISTIC,KOSPI,-7.028985507246377,-3.2701537691642857
2026-09-10,018670,SK가스,252000.0,241920.0,True,FILLED,2026-09-14,241920.0,INTRADAY_LIMIT,2,231840.0,312480.0,OPEN,,,,,,100.0,11.813822751322745,False,0,B_DIP4_KEEP_GTC_OPTIMISTIC,KOSPI,7.341269841269837,-3.2701537691642857
2026-09-11,005090,SGC에너지,61200.0,58752.0,True,FILLED,2026-09-14,58752.0,INTRADAY_LIMIT,1,56304.0,75888.0,CLOSED,,,2026-09-15,55300,STOP_LOSS,0.0,-5.875544662309373,False,-5.875544662309373,B_DIP4_KEEP_GTC_OPTIMISTIC,KOSPI,-9.640522875816993,-1.5341733828660553
2026-09-11,030210,다올투자증권,4050.0,3888.0,True,FILLED,2026-09-16,3888.0,INTRADAY_LIMIT,3,3726.0,5022.0,OPEN,,,,,,100.0,1.9804526748971263,False,0,B_DIP4_KEEP_GTC_OPTIMISTIC,KOSPI,-2.0987654320987703,-1.5341733828660553
2026-09-11,294870,IPARK현대산업개발,24850.0,23856.0,True,FILLED,2026-09-16,23856.0,INTRADAY_LIMIT,3,22862.0,30814.0,CLOSED,,,2026-10-01,22650,STOP_LOSS,0.0,-5.0553319919517055,False,-5.0553319919517055,B_DIP4_KEEP_GTC_OPTIMISTIC,KOSPI,-8.853118712273645,-1.5341733828660553
2026-09-14,068930,디지털대성,8850.0,8496.0,False,NOT_REACHED,,,,,,,,,,,,,,0.0,False,0.0,B_DIP4_KEEP_GTC_OPTIMISTIC,KOSDAQ,3.9548022598870025,11.358593933985306
2026-09-14,377450,리파인,17160.0,16473.6,True,FILLED,2026-09-15,16473.6,INTRADAY_LIMIT,1,15787.2,21278.399999999998,CLOSED,,,2026-09-15,14250,STOP_LOSS,0.0,-13.49796037296036,False,-13.49796037296036,B_DIP4_KEEP_GTC_OPTIMISTIC,KOSDAQ,-16.95804195804196,11.358593933985306
2026-09-14,094800,맵스리얼티,7420.0,7123.2,False,NOT_REACHED,,,,,,,,,,,,,,0.0,False,0.0,B_DIP4_KEEP_GTC_OPTIMISTIC,KOSPI,1.0781671159029615,1.7882014310997008
2026-09-15,028100,동아지질,18690.0,17942.399999999998,False,NOT_REACHED,,,,,,,,,,,,,,0.0,False,0.0,B_DIP4_KEEP_GTC_OPTIMISTIC,KOSPI,5.7784911717496,2.6653549128900833
2026-09-15,453340,현대그린푸드,19400.0,18624.0,True,FILLED,2026-09-18,18624.0,INTRADAY_LIMIT,3,17848.0,24056.0,OPEN,,,,,,100.0,1.9652061855670144,False,0,B_DIP4_KEEP_GTC_OPTIMISTIC,KOSPI,-2.1134020618556737,2.6653549128900833
2026-09-16,219130,타이거일렉,74800.0,71808.0,True,FILLED,2026-09-17,71800,OPEN_BETTER_THAN_LIMIT,1,68816.0,92752.0,PARTIAL,2026-09-30,92752.0,,,,50.0,32.835654596100284,False,14.590529247910865,B_DIP4_KEEP_GTC_OPTIMISTIC,KOSDAQ,27.508021390374328,10.104414323880473
2026-09-16,001120,LX인터내셔널,41650.0,39984.0,True,FILLED,2026-09-23,39984.0,INTRADAY_LIMIT,5,38318.0,51646.0,OPEN,,,,,,100.0,9.91896758703481,False,0,B_DIP4_KEEP_GTC_OPTIMISTIC,KOSPI,5.522208883553414,1.2791066348911917
2026-09-18,045100,한양이엔지,32100.0,30816.0,False,NOT_REACHED,,,,,,,,,,,,,,0.0,False,0.0,B_DIP4_KEEP_GTC_OPTIMISTIC,KOSDAQ,4.672897196261672,8.621481768062678
2026-09-18,013580,계룡건설,23500.0,22560.0,True,FILLED,2026-09-22,22560.0,INTRADAY_LIMIT,2,21620.0,29140.0,CLOSED,,,2026-10-01,21450,STOP_LOSS,0.0,-4.9202127659574435,False,-4.9202127659574435,B_DIP4_KEEP_GTC_OPTIMISTIC,KOSPI,-8.723404255319146,-1.3102260876123983
2026-09-21,098120,마이크로컨텍솔,57600.0,55296.0,True,FILLED,2026-09-30,55296.0,INTRADAY_LIMIT,5,52992.0,71424.0,OPEN,,,,,,100.0,9.411168981481488,False,0,B_DIP4_KEEP_GTC_OPTIMISTIC,KOSDAQ,5.034722222222232,7.433006086550997
2026-09-21,252990,샘씨엔에스,18090.0,17366.399999999998,True,FILLED,2026-09-22,17366.399999999998,INTRADAY_LIMIT,1,16642.8,22431.600000000002,OPEN,,,,,,100.0,9.69458264234384,False,0,B_DIP4_KEEP_GTC_OPTIMISTIC,KOSDAQ,5.306799336650081,7.433006086550997
2026-09-21,000430,대원강업,5040.0,4838.4,True,FILLED,2026-09-23,4838.4,INTRADAY_LIMIT,2,4636.8,6249.599999999999,CLOSED,,,2026-09-29,4580,STOP_LOSS,0.0,-5.3406084656084545,False,-5.3406084656084545,B_DIP4_KEEP_GTC_OPTIMISTIC,KOSPI,-9.126984126984128,-2.90850661841513
2026-09-21,003160,디아이,35400.0,33984.0,False,NOT_REACHED,,,,,,,,,,,,,,0.0,False,0.0,B_DIP4_KEEP_GTC_OPTIMISTIC,KOSPI,20.6864406779661,-2.90850661841513
2026-09-21,029460,케이씨,44600.0,42816.0,True,FILLED,2026-09-22,42816.0,INTRADAY_LIMIT,1,41032.0,55304.0,OPEN,,,,,,100.0,10.355941704035864,False,0,B_DIP4_KEEP_GTC_OPTIMISTIC,KOSPI,5.94170403587444,-2.90850661841513
2026-09-22,059090,미코,22600.0,21696.0,True,FILLED,2026-09-29,21500,OPEN_BETTER_THAN_LIMIT,3,20792.0,28024.0,OPEN,,,,,,100.0,6.279069767441858,False,0,B_DIP4_KEEP_GTC_OPTIMISTIC,KOSDAQ,1.106194690265494,7.676358493731872
2026-09-22,095340,ISC,208000.0,199680.0,False,NOT_REACHED,,,,,,,,,,,,,,0.0,False,0.0,B_DIP4_KEEP_GTC_OPTIMISTIC,KOSDAQ,-2.644230769230771,7.676358493731872
2026-09-22,222800,심텍,148100.0,142176.0,False,NOT_REACHED,,,,,,,,,,,,,,0.0,False,0.0,B_DIP4_KEEP_GTC_OPTIMISTIC,KOSDAQ,15.057393652937211,7.676358493731872
2026-09-22,425420,티에프이,64400.0,61824.0,True,FILLED,2026-09-29,61824.0,INTRADAY_LIMIT,3,59248.0,79856.0,OPEN,,,,,,100.0,4.813664596273282,False,0,B_DIP4_KEEP_GTC_OPTIMISTIC,KOSDAQ,0.6211180124223503,7.676358493731872
2026-09-22,003490,대한항공,31400.0,30144.0,False,NOT_REACHED,,,,,,,,,,,,,,0.0,False,0.0,B_DIP4_KEEP_GTC_OPTIMISTIC,KOSPI,-1.7515923566879033,-3.0494833932039667
2026-09-22,020560,아시아나항공,8370.0,8035.2,False,NOT_REACHED,,,,,,,,,,,,,,0.0,False,0.0,B_DIP4_KEEP_GTC_OPTIMISTIC,KOSPI,-1.5531660692950977,-3.0494833932039667
2026-09-23,017890,한국알콜,15390.0,14774.4,False,NOT_REACHED,,,,,,,,,,,,,,0.0,False,0.0,B_DIP4_KEEP_GTC_OPTIMISTIC,KOSDAQ,4.483430799220267,6.388546798029537
2026-09-23,084370,유진테크,163600.0,157056.0,True,FILLED,2026-09-28,157056.0,INTRADAY_LIMIT,1,150512.0,202864.0,OPEN,,,,,,100.0,7.604930725346382,False,0,B_DIP4_KEEP_GTC_OPTIMISTIC,KOSDAQ,3.3007334963325086,6.388546798029537
2026-09-23,114810,한솔아이원스,14770.0,14179.199999999999,False,NOT_REACHED,,,,,,,,,,,,,,0.0,False,0.0,B_DIP4_KEEP_GTC_OPTIMISTIC,KOSDAQ,-0.9478672985781977,6.388546798029537
2026-09-23,417840,저스템,17080.0,16396.8,False,NOT_REACHED,,,,,,,,,,,,,,0.0,False,0.0,B_DIP4_KEEP_GTC_OPTIMISTIC,KOSDAQ,10.070257611241207,6.388546798029537
2026-09-23,446540,메가터치,10900.0,10464.0,True,FILLED,2026-09-28,10464.0,INTRADAY_LIMIT,1,10028.0,13516.0,OPEN,,,,,,100.0,5.026758409785925,False,0,B_DIP4_KEEP_GTC_OPTIMISTIC,KOSDAQ,0.8256880733944927,6.388546798029537
2026-09-23,006120,SK디스커버리,60300.0,57888.0,False,NOT_REACHED,,,,,,,,,,,,,,0.0,False,0.0,B_DIP4_KEEP_GTC_OPTIMISTIC,KOSPI,19.237147595356554,-3.91220349898036
2026-09-23,010955,S-Oil우,84000.0,80640.0,True,FILLED,2026-10-01,80640.0,INTRADAY_LIMIT,4,77280.0,104160.0,OPEN,,,,,,100.0,11.979166666666675,False,0,B_DIP4_KEEP_GTC_OPTIMISTIC,KOSPI,7.499999999999996,-3.91220349898036
2026-09-28,009240,한샘,40750.0,39120.0,True,FILLED,2026-09-30,39120.0,INTRADAY_LIMIT,2,37490.0,50530.0,OPEN,,,,,,100.0,3.527607361963181,False,0,B_DIP4_KEEP_GTC_OPTIMISTIC,KOSPI,-0.6134969325153339,-1.245910585885679
2026-09-28,025000,KPX케미칼,57700.0,55392.0,False,NOT_REACHED,,,,,,,,,,,,,,0.0,False,0.0,B_DIP4_KEEP_GTC_OPTIMISTIC,KOSPI,1.559792027729645,-1.245910585885679
2026-09-28,284740,쿠쿠홈시스,24300.0,23328.0,False,NOT_REACHED,,,,,,,,,,,,,,0.0,False,0.0,B_DIP4_KEEP_GTC_OPTIMISTIC,KOSPI,2.4691358024691468,-1.245910585885679
2026-09-29,031980,피에스케이홀딩스,180800.0,173568.0,False,NOT_REACHED,,,,,,,,,,,,,,0.0,False,0.0,B_DIP4_KEEP_GTC_OPTIMISTIC,KOSDAQ,12.831858407079654,5.72252294657567
2026-09-29,064760,티씨케이,300000.0,288000.0,True,FILLED,2026-10-06,288000.0,INTRADAY_LIMIT,4,276000.0,372000.0,OPEN,,,,,,100.0,-1.041666666666663,False,0,B_DIP4_KEEP_GTC_OPTIMISTIC,KOSDAQ,-5.000000000000004,5.72252294657567
2026-09-29,101160,월덱스,32250.0,30960.0,False,NOT_REACHED,,,,,,,,,,,,,,0.0,False,0.0,B_DIP4_KEEP_GTC_OPTIMISTIC,KOSDAQ,-0.15503875968991832,5.72252294657567
2026-09-29,219130,타이거일렉,91000.0,87360.0,False,NOT_REACHED,,,,,,,,,,,,,,0.0,False,0.0,B_DIP4_KEEP_GTC_OPTIMISTIC,KOSDAQ,7.692307692307687,5.72252294657567
2026-09-29,252990,샘씨엔에스,19950.0,19152.0,True,FILLED,2026-10-06,19152.0,INTRADAY_LIMIT,4,18354.0,24738.0,OPEN,,,,,,100.0,-0.5325814536340845,False,0,B_DIP4_KEEP_GTC_OPTIMISTIC,KOSDAQ,-4.511278195488721,5.72252294657567
2026-09-29,029460,케이씨,46250.0,44400.0,True,FILLED,2026-09-30,44400.0,INTRADAY_LIMIT,1,42550.0,57350.0,OPEN,,,,,,100.0,6.4189189189189255,False,0,B_DIP4_KEEP_GTC_OPTIMISTIC,KOSPI,2.1621621621621623,-0.9738298686763347
2026-09-30,036930,주성엔지니어링,232500.0,223200.0,False,NOT_REACHED,,,,,,,,,,,,,,0.0,False,0.0,B_DIP4_KEEP_GTC_OPTIMISTIC,KOSDAQ,6.451612903225801,4.967812036312225
2026-09-30,059090,미코,23200.0,22272.0,False,NOT_REACHED,,,,,,,,,,,,,,0.0,False,0.0,B_DIP4_KEEP_GTC_OPTIMISTIC,KOSDAQ,-1.5086206896551713,4.967812036312225
2026-09-30,078350,한양디지텍,31950.0,30672.0,False,NOT_REACHED,,,,,,,,,,,,,,0.0,False,0.0,B_DIP4_KEEP_GTC_OPTIMISTIC,KOSDAQ,13.928012519561817,4.967812036312225
2026-09-30,122640,예스티,33600.0,32256.0,True,FILLED,2026-10-07,32256.0,INTRADAY_LIMIT,4,30912.0,41664.0,OPEN,,,,,,100.0,-1.4136904761904767,False,0,B_DIP4_KEEP_GTC_OPTIMISTIC,KOSDAQ,-5.35714285714286,4.967812036312225
2026-09-30,001120,LX인터내셔널,43300.0,41568.0,False,NOT_REACHED,,,,,,,,,,,,,,0.0,False,0.0,B_DIP4_KEEP_GTC_OPTIMISTIC,KOSPI,1.501154734411081,-0.4992658715070486
2026-09-30,020000,한섬,21000.0,20160.0,False,NOT_REACHED,,,,,,,,,,,,,,0.0,False,0.0,B_DIP4_KEEP_GTC_OPTIMISTIC,KOSPI,3.3333333333333437,-0.4992658715070486
2026-09-30,306200,세아제강,153200.0,147072.0,True,FILLED,2026-10-02,147072.0,INTRADAY_LIMIT,2,140944.0,189968.0,OPEN,,,,,,100.0,0.9709530026109636,False,0,B_DIP4_KEEP_GTC_OPTIMISTIC,KOSPI,-3.067885117493474,-0.4992658715070486
2026-10-02,005160,동국산업,3970.0,3811.2,False,NOT_REACHED,,,,,,,,,,,,,,0.0,False,0.0,B_DIP4_KEEP_GTC_OPTIMISTIC,KOSDAQ,-3.0226700251889116,0.5754010455730985
2026-10-02,036710,심텍홀딩스,4960.0,4761.599999999999,False,NOT_REACHED,,,,,,,,,,,,,,0.0,False,0.0,B_DIP4_KEEP_GTC_OPTIMISTIC,KOSDAQ,2.4193548387096753,0.5754010455730985
2026-10-02,064290,인텍플러스,59100.0,56736.0,False,NOT_REACHED,,,,,,,,,,,,,,0.0,False,0.0,B_DIP4_KEEP_GTC_OPTIMISTIC,KOSDAQ,-1.0152284263959421,0.5754010455730985
2026-10-06,031980,피에스케이홀딩스,197000.0,189120.0,True,FILLED,2026-10-07,189120.0,INTRADAY_LIMIT,1,181240.0,244280.0,OPEN,,,,,,100.0,7.868020304568524,False,0,B_DIP4_KEEP_GTC_OPTIMISTIC,KOSDAQ,3.5532994923857864,-2.33607270197409
2026-10-06,091580,상신이디피,24850.0,23856.0,False,NOT_REACHED,,,,,,,,,,,,,,0.0,False,0.0,B_DIP4_KEEP_GTC_OPTIMISTIC,KOSDAQ,-1.2072434607645843,-2.33607270197409
2026-10-06,236200,슈프리마,60400.0,57984.0,True,FILLED,2026-10-07,57984.0,INTRADAY_LIMIT,1,55568.0,74896.0,CLOSED,,,2026-10-07,54800,STOP_LOSS,0.0,-5.491169977924947,False,-5.491169977924947,B_DIP4_KEEP_GTC_OPTIMISTIC,KOSDAQ,-9.27152317880795,-2.33607270197409
2026-10-06,006400,삼성SDI,575000.0,552000.0,False,NOT_REACHED,,,,,,,,,,,,,,0.0,False,0.0,B_DIP4_KEEP_GTC_OPTIMISTIC,KOSPI,-2.260869565217394,-1.980727203053001
2026-10-06,007660,이수페타시스,131900.0,126624.0,True,FILLED,2026-10-07,126624.0,INTRADAY_LIMIT,1,121348.0,163556.0,OPEN,,,,,,100.0,-3.6517563810967935,False,0,B_DIP4_KEEP_GTC_OPTIMISTIC,KOSPI,-7.505686125852917,-1.980727203053001
2026-10-06,192820,코스맥스,298000.0,286080.0,False,NOT_REACHED,,,,,,,,,,,,,,0.0,False,0.0,B_DIP4_KEEP_GTC_OPTIMISTIC,KOSPI,3.523489932885915,-1.980727203053001
2026-10-06,226320,잇츠한불,11260.0,10809.6,False,NOT_REACHED,,,,,,,,,,,,,,0.0,False,0.0,B_DIP4_KEEP_GTC_OPTIMISTIC,KOSPI,4.440497335701599,-1.980727203053001
2026-10-06,373220,LG에너지솔루션,390000.0,374400.0,False,NOT_REACHED,,,,,,,,,,,,,,0.0,False,0.0,B_DIP4_KEEP_GTC_OPTIMISTIC,KOSPI,0.2564102564102555,-1.980727203053001
2026-10-07,041960,코미팜,11000.0,10560.0,False,NO_FUTURE_BAR,,,,,,,,,,,,,,0.0,False,0.0,B_DIP4_KEEP_GTC_OPTIMISTIC,KOSDAQ,0.0,0.0
2026-10-07,131290,티에스이,316000.0,303360.0,False,NO_FUTURE_BAR,,,,,,,,,,,,,,0.0,False,0.0,B_DIP4_KEEP_GTC_OPTIMISTIC,KOSDAQ,0.0,0.0
2026-10-07,219130,타이거일렉,98000.0,94080.0,False,NO_FUTURE_BAR,,,,,,,,,,,,,,0.0,False,0.0,B_DIP4_KEEP_GTC_OPTIMISTIC,KOSDAQ,0.0,0.0
2026-10-07,002320,한진,16860.0,16185.599999999999,False,NO_FUTURE_BAR,,,,,,,,,,,,,,0.0,False,0.0,B_DIP4_KEEP_GTC_OPTIMISTIC,KOSPI,0.0,0.0
2026-10-07,002960,한국쉘석유,541000.0,519360.0,False,NO_FUTURE_BAR,,,,,,,,,,,,,,0.0,False,0.0,B_DIP4_KEEP_GTC_OPTIMISTIC,KOSPI,0.0,0.0
2026-10-07,008930,한미사이언스,58100.0,55776.0,False,NO_FUTURE_BAR,,,,,,,,,,,,,,0.0,False,0.0,B_DIP4_KEEP_GTC_OPTIMISTIC,KOSPI,0.0,0.0
2026-10-07,078520,에이블씨엔씨,11880.0,11404.8,False,NO_FUTURE_BAR,,,,,,,,,,,,,,0.0,False,0.0,B_DIP4_KEEP_GTC_OPTIMISTIC,KOSPI,0.0,0.0
2026-10-07,383220,F&F,74100.0,71136.0,False,NO_FUTURE_BAR,,,,,,,,,,,,,,0.0,False,0.0,B_DIP4_KEEP_GTC_OPTIMISTIC,KOSPI,0.0,0.0
2026-08-24,002840,미원상사,131800.0,126528.0,False,NOT_REACHED,,,,,,,,,,,,,,0.0,False,0.0,B_DIP4_3R_GTC_OPTIMISTIC,KOSPI,5.993930197268593,1.5968439411314872
2026-08-24,028670,팬오션,6320.0,6067.2,True,FILLED,2026-08-26,6067.2,INTRADAY_LIMIT,2,5814.400000000001,6825.599999999998,CLOSED,,,2026-08-26,5610,STOP_LOSS,0.0,-7.535601265822778,False,-7.535601265822778,B_DIP4_3R_GTC_OPTIMISTIC,KOSPI,-11.234177215189877,1.5968439411314872
2026-08-24,058650,세아홀딩스,132600.0,127296.0,True,FILLED,2026-09-23,127296.0,INTRADAY_LIMIT,22,121992.0,143208.0,OPEN,,,,,,100.0,-0.7824283559577649,False,0,B_DIP4_3R_GTC_OPTIMISTIC,KOSPI,-4.751131221719462,1.5968439411314872
2026-08-25,002310,아세아제지,8560.0,8217.6,True,FILLED,2026-08-27,8217.6,INTRADAY_LIMIT,2,7875.200000000001,9244.8,CLOSED,,,2026-09-30,7850,STOP_LOSS,0.0,-4.473325545171347,False,-4.473325545171347,B_DIP4_3R_GTC_OPTIMISTIC,KOSPI,-8.294392523364492,0.9070496563711394
2026-08-25,078930,GS,121800.0,116928.0,True,FILLED,2026-08-26,116928.0,INTRADAY_LIMIT,1,112056.0,131544.0,CLOSED,2026-08-27,131544.0,2026-09-11,115500,TREND_EXIT_GAP_50MA,0.0,5.639367816091956,False,5.639367816091956,B_DIP4_3R_GTC_OPTIMISTIC,KOSPI,-8.045977011494255,0.9070496563711394
2026-08-25,080580,오킨스전자,19400.0,18624.0,True,FILLED,2026-08-26,18624.0,INTRADAY_LIMIT,1,17848.0,20952.0,CLOSED,2026-08-28,20952.0,2026-10-01,24400,TREND_EXIT_GAP_5MA,0.0,21.756872852233677,False,21.756872852233677,B_DIP4_3R_GTC_OPTIMISTIC,KOSDAQ,34.551546391752574,8.617542162848334
2026-08-25,090430,아모레퍼시픽,143300.0,137568.0,True,FILLED,2026-09-09,137568.0,INTRADAY_LIMIT,11,131836.0,154764.0,OPEN,,,,,,100.0,0.6774831356129329,False,0,B_DIP4_3R_GTC_OPTIMISTIC,KOSPI,-3.3496161898115884,0.9070496563711394
2026-08-25,122900,아이마켓코리아,8350.0,8016.0,True,FILLED,2026-09-09,8016.0,INTRADAY_LIMIT,11,7682.0,9018.0,OPEN,,,,,,100.0,2.6696606786427157,False,0,B_DIP4_3R_GTC_OPTIMISTIC,KOSPI,-1.4371257485029987,0.9070496563711394
2026-08-25,123330,제닉,32200.0,30912.0,True,FILLED,2026-09-07,30912.0,INTRADAY_LIMIT,9,29624.0,34776.0,CLOSED,,,2026-09-07,28350,STOP_LOSS,0.0,-8.288043478260864,False,-8.288043478260864,B_DIP4_3R_GTC_OPTIMISTIC,KOSDAQ,-11.956521739130432,8.617542162848334
2026-08-25,161890,한국콜마,150000.0,144000.0,True,FILLED,2026-08-27,144000.0,INTRADAY_LIMIT,2,138000.0,162000.0,CLOSED,2026-08-31,162000.0,2026-09-08,141000,TREND_EXIT_50MA,0.0,5.208333333333331,False,5.208333333333331,B_DIP4_3R_GTC_OPTIMISTIC,KOSPI,-8.533333333333337,0.9070496563711394
2026-08-25,257720,실리콘투,51900.0,49824.0,True,FILLED,2026-08-27,48250,OPEN_BETTER_THAN_LIMIT,2,47748.0,49756.0,CLOSED,2026-08-28,49756.0,2026-09-01,51900,TREND_EXIT_5MA,0.0,5.343005181347149,False,5.343005181347149,B_DIP4_3R_GTC_OPTIMISTIC,KOSDAQ,-9.152215799614638,8.617542162848334
2026-08-25,278470,에이피알,440500.0,422880.0,True,FILLED,2026-09-02,422880.0,INTRADAY_LIMIT,6,405260.0,475740.0,CLOSED,,,2026-09-04,394000,STOP_LOSS,0.0,-6.829360575104049,False,-6.829360575104049,B_DIP4_3R_GTC_OPTIMISTIC,KOSPI,-10.556186152099889,0.9070496563711394
2026-08-25,280360,롯데웰푸드,135200.0,129792.0,True,FILLED,2026-09-16,129792.0,INTRADAY_LIMIT,16,124384.0,146016.0,CLOSED,,,2026-09-22,123900,STOP_LOSS,0.0,-4.539571005917164,False,-4.539571005917164,B_DIP4_3R_GTC_OPTIMISTIC,KOSPI,-8.357988165680474,0.9070496563711394
2026-08-26,000815,삼성화재우,425000.0,408000.0,True,FILLED,2026-09-16,408000.0,INTRADAY_LIMIT,15,391000.0,459000.0,CLOSED,,,2026-10-01,391000,STOP_LOSS,0.0,-4.1666666666666625,False,-4.1666666666666625,B_DIP4_3R_GTC_OPTIMISTIC,KOSPI,-7.9999999999999964,-0.06330592035205251
2026-08-26,003230,삼양식품,1507000.0,1446720.0,True,FILLED,2026-09-03,1446720.0,INTRADAY_LIMIT,6,1386440.0,1627560.0,CLOSED,,,2026-09-07,1330000,STOP_LOSS,0.0,-8.067905330679048,False,-8.067905330679048,B_DIP4_3R_GTC_OPTIMISTIC,KOSPI,-11.745189117451893,-0.06330592035205251
2026-08-26,003300,한일홀딩스,18350.0,17616.0,True,FILLED,2026-09-10,17616.0,INTRADAY_LIMIT,11,16882.0,19818.0,OPEN,,,,,,100.0,-3.0994550408719346,False,0,B_DIP4_3R_GTC_OPTIMISTIC,KOSPI,-6.975476839237061,-0.06330592035205251
2026-08-26,004490,세방전지,59800.0,57408.0,False,NOT_REACHED,,,,,,,,,,,,,,0.0,False,0.0,B_DIP4_3R_GTC_OPTIMISTIC,KOSPI,4.849498327759205,-0.06330592035205251
2026-08-26,006360,GS건설,37800.0,36288.0,True,FILLED,2026-08-28,36288.0,INTRADAY_LIMIT,2,34776.0,40824.0,CLOSED,,,2026-09-01,33300,STOP_LOSS,0.0,-8.234126984126988,False,-8.234126984126988,B_DIP4_3R_GTC_OPTIMISTIC,KOSPI,-11.904761904761907,-0.06330592035205251
2026-08-26,017940,E1,97700.0,93792.0,True,FILLED,2026-09-16,93792.0,INTRADAY_LIMIT,15,89884.0,105516.0,CLOSED,,,2026-10-01,88300,STOP_LOSS,0.0,-5.855510064824287,False,-5.855510064824287,B_DIP4_3R_GTC_OPTIMISTIC,KOSPI,-9.621289662231325,-0.06330592035205251
2026-08-27,006400,삼성SDI,569000.0,546240.0,True,FILLED,2026-09-02,546240.0,INTRADAY_LIMIT,4,523480.0,614520.0,CLOSED,,,2026-09-23,521000,STOP_LOSS,0.0,-4.620679554774454,False,-4.620679554774454,B_DIP4_3R_GTC_OPTIMISTIC,KOSPI,-8.435852372583474,-1.5692157682531516
2026-08-27,012750,에스원,85500.0,82080.0,True,FILLED,2026-08-28,82080.0,INTRADAY_LIMIT,1,78660.0,92340.0,OPEN,,,,,,100.0,2.0955165692007727,False,0,B_DIP4_3R_GTC_OPTIMISTIC,KOSPI,-1.9883040935672502,-1.5692157682531516
2026-08-27,029460,케이씨,38650.0,37104.0,True,FILLED,2026-08-28,37104.0,INTRADAY_LIMIT,1,35558.0,41742.0,PARTIAL,2026-09-10,41742.0,,,,50.0,19.922380336351875,False,6.25,B_DIP4_3R_GTC_OPTIMISTIC,KOSPI,22.25097024579561,-1.5692157682531516
2026-08-27,183190,아세아시멘트,10550.0,10128.0,True,FILLED,2026-10-01,10128.0,INTRADAY_LIMIT,23,9706.0,11394.0,OPEN,,,,,,100.0,-1.6587677725118488,False,0,B_DIP4_3R_GTC_OPTIMISTIC,KOSPI,-5.592417061611377,-1.5692157682531516
2026-08-27,222800,심텍,126900.0,121824.0,True,FILLED,2026-08-28,121824.0,INTRADAY_LIMIT,1,116748.0,137052.0,PARTIAL,2026-09-10,137052.0,,,,50.0,26.18695823483057,False,6.25,B_DIP4_3R_GTC_OPTIMISTIC,KOSDAQ,29.139479905437348,7.256013848265974
2026-08-28,035600,KG이니시스,10640.0,10214.4,True,FILLED,2026-09-07,10214.4,INTRADAY_LIMIT,6,9788.800000000001,11491.199999999995,CLOSED,,,2026-09-30,9770,STOP_LOSS,0.0,-4.35072055137844,False,-4.35072055137844,B_DIP4_3R_GTC_OPTIMISTIC,KOSDAQ,-8.176691729323304,7.158788659486404
2026-08-28,096530,씨젠,35650.0,34224.0,True,FILLED,2026-08-31,34224.0,INTRADAY_LIMIT,1,32798.0,38502.0,CLOSED,,,2026-09-02,32100,STOP_LOSS,0.0,-6.206171107994384,False,-6.206171107994384,B_DIP4_3R_GTC_OPTIMISTIC,KOSDAQ,-9.957924263674611,7.158788659486404
2026-08-28,204620,글로벌텍스프리,5960.0,5721.599999999999,True,FILLED,2026-08-31,5721.599999999999,INTRADAY_LIMIT,1,5483.2,6436.799999999998,CLOSED,,,2026-09-03,5370,STOP_LOSS,0.0,-6.14513422818791,False,-6.14513422818791,B_DIP4_3R_GTC_OPTIMISTIC,KOSDAQ,-9.899328859060407,7.158788659486404
2026-08-28,002790,아모레퍼시픽홀딩스,28000.0,26880.0,True,FILLED,2026-09-01,26880.0,INTRADAY_LIMIT,2,25760.0,30240.0,CLOSED,,,2026-09-09,25500,STOP_LOSS,0.0,-5.133928571428569,False,-5.133928571428569,B_DIP4_3R_GTC_OPTIMISTIC,KOSPI,-8.92857142857143,0.22124415220183824
2026-08-28,025000,KPX케미칼,55800.0,53568.0,True,FILLED,2026-09-10,53568.0,INTRADAY_LIMIT,9,51336.0,60264.0,OPEN,,,,,,100.0,9.393667861409805,False,0,B_DIP4_3R_GTC_OPTIMISTIC,KOSPI,5.017921146953408,0.22124415220183824
2026-08-28,044820,코스맥스비티아이,26800.0,25728.0,True,FILLED,2026-09-01,25728.0,INTRADAY_LIMIT,2,24656.0,28944.0,CLOSED,,,2026-09-03,24600,STOP_LOSS_GAP,0.0,-4.384328358208956,False,-4.384328358208956,B_DIP4_3R_GTC_OPTIMISTIC,KOSPI,-8.208955223880599,0.22124415220183824
2026-08-28,088350,한화생명,5950.0,5712.0,True,FILLED,2026-09-04,5712.0,INTRADAY_LIMIT,5,5474.0,6426.0,CLOSED,,,2026-09-30,5330,STOP_LOSS,0.0,-6.68767507002801,False,-6.68767507002801,B_DIP4_3R_GTC_OPTIMISTIC,KOSPI,-10.420168067226887,0.22124415220183824
2026-08-28,090430,아모레퍼시픽,150600.0,144576.0,True,FILLED,2026-09-01,144576.0,INTRADAY_LIMIT,2,138552.0,162648.0,CLOSED,,,2026-09-09,138300,STOP_LOSS,0.0,-4.34096945551129,False,-4.34096945551129,B_DIP4_3R_GTC_OPTIMISTIC,KOSPI,-8.16733067729084,0.22124415220183824
2026-08-28,104700,한국철강,10120.0,9715.199999999999,True,FILLED,2026-09-02,9715.199999999999,INTRADAY_LIMIT,3,9310.4,10929.599999999997,CLOSED,,,2026-09-30,9310,STOP_LOSS,0.0,-4.170783926218702,False,-4.170783926218702,B_DIP4_3R_GTC_OPTIMISTIC,KOSPI,-8.00395256916996,0.22124415220183824
2026-08-28,161890,한국콜마,161700.0,155232.0,True,FILLED,2026-09-01,155232.0,INTRADAY_LIMIT,2,148764.0,174636.0,CLOSED,,,2026-09-04,145800,STOP_LOSS,0.0,-6.076066790352508,False,-6.076066790352508,B_DIP4_3R_GTC_OPTIMISTIC,KOSPI,-9.83302411873841,0.22124415220183824
2026-08-28,192820,코스맥스,303000.0,290880.0,True,FILLED,2026-09-01,290880.0,INTRADAY_LIMIT,2,278760.0,327240.0,CLOSED,,,2026-09-02,278500,STOP_LOSS_GAP,0.0,-4.256050605060501,False,-4.256050605060501,B_DIP4_3R_GTC_OPTIMISTIC,KOSPI,-8.085808580858089,0.22124415220183824
2026-08-28,278470,에이피알,461500.0,443040.0,True,FILLED,2026-09-01,443040.0,INTRADAY_LIMIT,2,424580.0,498420.0,CLOSED,,,2026-09-02,419000,STOP_LOSS,0.0,-5.4261466233297195,False,-5.4261466233297195,B_DIP4_3R_GTC_OPTIMISTIC,KOSPI,-9.209100758396538,0.22124415220183824
2026-08-28,300720,한일시멘트,16950.0,16272.0,True,FILLED,2026-09-02,16272.0,INTRADAY_LIMIT,3,15594.0,18306.0,OPEN,,,,,,100.0,-0.5653883972468021,False,0,B_DIP4_3R_GTC_OPTIMISTIC,KOSPI,-4.542772861356936,0.22124415220183824
2026-08-31,068930,디지털대성,8660.0,8313.6,False,NOT_REACHED,,,,,,,,,,,,,,0.0,False,0.0,B_DIP4_3R_GTC_OPTIMISTIC,KOSDAQ,6.235565819861422,7.687974205611958
2026-08-31,353810,이지바이오,6830.0,6556.8,True,FILLED,2026-09-02,6556.8,INTRADAY_LIMIT,2,6283.6,7376.4,CLOSED,,,2026-09-07,6160,STOP_LOSS,0.0,-6.0517325524646175,False,-6.0517325524646175,B_DIP4_3R_GTC_OPTIMISTIC,KOSDAQ,-9.809663250366029,7.687974205611958
2026-08-31,014820,동원시스템즈,23200.0,22272.0,True,FILLED,2026-09-02,22272.0,INTRADAY_LIMIT,2,21344.0,25056.0,CLOSED,,,2026-09-09,21250,STOP_LOSS_GAP,0.0,-4.588721264367813,False,-4.588721264367813,B_DIP4_3R_GTC_OPTIMISTIC,KOSPI,-8.405172413793105,-0.2363629432171832
2026-08-31,086790,하나금융지주,136300.0,130848.0,True,FILLED,2026-09-30,130848.0,INTRADAY_LIMIT,20,125396.0,147204.0,OPEN,,,,,,100.0,-1.4887503056982165,False,0,B_DIP4_3R_GTC_OPTIMISTIC,KOSPI,-5.4292002934702825,-0.2363629432171832
2026-08-31,123890,한국자산신탁,2640.0,2534.4,True,FILLED,2026-09-08,2534.4,INTRADAY_LIMIT,6,2428.8,2851.2,CLOSED,,,2026-09-23,2425,STOP_LOSS,0.0,-4.316603535353536,False,-4.316603535353536,B_DIP4_3R_GTC_OPTIMISTIC,KOSPI,-8.143939393939393,-0.2363629432171832
2026-08-31,373220,LG에너지솔루션,378000.0,362880.0,True,FILLED,2026-09-02,359500,OPEN_BETTER_THAN_LIMIT,2,347760.0,394720.0,CLOSED,,,2026-09-02,347500,STOP_LOSS,0.0,-3.3379694019471495,False,-3.3379694019471495,B_DIP4_3R_GTC_OPTIMISTIC,KOSPI,-8.06878306878307,-0.2363629432171832
2026-09-01,001060,JW중외제약,29000.0,27840.0,True,FILLED,2026-09-02,27840.0,INTRADAY_LIMIT,1,26680.0,31320.0,CLOSED,,,2026-09-11,26400,STOP_LOSS_GAP,0.0,-5.1724137931034475,False,-5.1724137931034475,B_DIP4_3R_GTC_OPTIMISTIC,KOSPI,-8.965517241379306,-0.46666081512040103
2026-09-01,089860,롯데렌탈,51400.0,49344.0,True,FILLED,2026-09-08,49344.0,INTRADAY_LIMIT,5,47288.0,55512.0,OPEN,,,,,,100.0,3.9640077821011754,False,0,B_DIP4_3R_GTC_OPTIMISTIC,KOSPI,-0.1945525291828787,-0.46666081512040103
2026-09-01,126560,현대퓨처넷,3425.0,3288.0,False,NOT_REACHED,,,,,,,,,,,,,,0.0,False,0.0,B_DIP4_3R_GTC_OPTIMISTIC,KOSPI,-1.4598540145985384,-0.46666081512040103
2026-09-02,159010,아스플로,24100.0,23136.0,True,FILLED,2026-09-08,23136.0,INTRADAY_LIMIT,4,22172.0,26028.0,CLOSED,,,2026-09-15,22000,STOP_LOSS_GAP,0.0,-4.9100968188105165,False,-4.9100968188105165,B_DIP4_3R_GTC_OPTIMISTIC,KOSDAQ,-8.713692946058094,11.747804671758
2026-09-02,377450,리파인,16800.0,16128.0,True,FILLED,2026-09-15,16128.0,INTRADAY_LIMIT,9,15456.0,18144.0,CLOSED,,,2026-09-15,14250,STOP_LOSS,0.0,-11.644345238095234,False,-11.644345238095234,B_DIP4_3R_GTC_OPTIMISTIC,KOSDAQ,-15.17857142857143,11.747804671758
2026-09-02,180640,한진칼,139100.0,133536.0,True,FILLED,2026-09-03,133536.0,INTRADAY_LIMIT,1,127972.0,150228.0,CLOSED,2026-09-08,150228.0,2026-09-11,131700,TREND_EXIT_GAP_50MA,0.0,5.562544931703811,False,5.562544931703811,B_DIP4_3R_GTC_OPTIMISTIC,KOSPI,-3.738317757009346,3.675000609503365
2026-09-03,008930,한미사이언스,51500.0,49440.0,True,FILLED,2026-09-14,49100,OPEN_BETTER_THAN_LIMIT,7,47380.0,54260.0,PARTIAL,2026-10-01,54260.0,,,,50.0,14.41955193482688,False,5.254582484725045,B_DIP4_3R_GTC_OPTIMISTIC,KOSPI,12.815533980582527,3.4109078529002357
2026-09-03,088350,한화생명,6110.0,5865.599999999999,True,FILLED,2026-09-04,5865.599999999999,INTRADAY_LIMIT,1,5621.2,6598.799999999998,CLOSED,,,2026-09-30,5330,STOP_LOSS,0.0,-9.131205673758858,False,-9.131205673758858,B_DIP4_3R_GTC_OPTIMISTIC,KOSPI,-12.765957446808507,3.4109078529002357
2026-09-03,145990,삼양사,47400.0,45504.0,True,FILLED,2026-09-22,45504.0,INTRADAY_LIMIT,13,43608.0,51192.0,OPEN,,,,,,100.0,1.3097749648382617,False,0,B_DIP4_3R_GTC_OPTIMISTIC,KOSPI,-2.742616033755274,3.4109078529002357
2026-09-03,306200,세아제강,147500.0,141600.0,True,FILLED,2026-09-16,141600.0,INTRADAY_LIMIT,9,135700.0,159300.0,PARTIAL,2026-10-01,159300.0,,,,50.0,8.6864406779661,False,6.25,B_DIP4_3R_GTC_OPTIMISTIC,KOSPI,0.6779661016949046,3.4109078529002357
2026-09-04,031980,피에스케이홀딩스,144000.0,138240.0,False,NOT_REACHED,,,,,,,,,,,,,,0.0,False,0.0,B_DIP4_3R_GTC_OPTIMISTIC,KOSDAQ,32.833333333333336,10.440073755377988
2026-09-04,049430,코메론,22450.0,21552.0,True,FILLED,2026-09-07,21552.0,INTRADAY_LIMIT,1,20654.0,24246.0,OPEN,,,,,,100.0,1.6146993318485459,False,0,B_DIP4_3R_GTC_OPTIMISTIC,KOSDAQ,-2.4498886414253906,10.440073755377988
2026-09-04,064290,인텍플러스,40150.0,38544.0,False,NOT_REACHED,,,,,,,,,,,,,,0.0,False,0.0,B_DIP4_3R_GTC_OPTIMISTIC,KOSDAQ,34.85180572851806,10.440073755377988
2026-09-04,377450,리파인,16960.0,16281.599999999999,True,FILLED,2026-09-15,16281.599999999999,INTRADAY_LIMIT,7,15603.2,18316.799999999992,CLOSED,,,2026-09-15,14250,STOP_LOSS,0.0,-12.477889150943389,False,-12.477889150943389,B_DIP4_3R_GTC_OPTIMISTIC,KOSDAQ,-15.978773584905658,10.440073755377988
2026-09-04,002310,아세아제지,8840.0,8486.4,True,FILLED,2026-09-15,8486.4,INTRADAY_LIMIT,7,8132.8,9547.199999999997,CLOSED,,,2026-09-29,7960,STOP_LOSS,0.0,-6.202865761689291,False,-6.202865761689291,B_DIP4_3R_GTC_OPTIMISTIC,KOSPI,-9.954751131221718,1.7449728661130592
2026-09-04,004690,삼천리,136700.0,131232.0,True,FILLED,2026-09-16,131232.0,INTRADAY_LIMIT,8,125764.0,147636.0,OPEN,,,,,,100.0,-2.2342111680078047,False,0,B_DIP4_3R_GTC_OPTIMISTIC,KOSPI,-6.144842721287491,1.7449728661130592
2026-09-04,180640,한진칼,146000.0,140160.0,True,FILLED,2026-09-07,140160.0,INTRADAY_LIMIT,1,134320.0,157680.0,CLOSED,,,2026-09-11,131700,STOP_LOSS_GAP,0.0,-6.0359589041095845,False,-6.0359589041095845,B_DIP4_3R_GTC_OPTIMISTIC,KOSPI,-9.794520547945208,1.7449728661130592
2026-09-04,272450,진에어,6140.0,5894.4,True,FILLED,2026-09-14,5894.4,INTRADAY_LIMIT,6,5648.8,6631.199999999998,OPEN,,,,,,100.0,-1.092562432138977,False,0,B_DIP4_3R_GTC_OPTIMISTIC,KOSPI,-5.048859934853422,1.7449728661130592
2026-09-07,064760,티씨케이,268500.0,257760.0,True,FILLED,2026-09-09,257760.0,INTRADAY_LIMIT,2,247020.0,289980.0,PARTIAL,2026-09-29,289980.0,,,,50.0,11.533985102420852,False,6.25,B_DIP4_3R_GTC_OPTIMISTIC,KOSDAQ,6.145251396648055,9.272795825782353
2026-09-07,131290,티에스이,261500.0,251040.0,True,FILLED,2026-09-14,251000,OPEN_BETTER_THAN_LIMIT,5,240580.0,282260.0,CLOSED,,,2026-09-14,236000,STOP_LOSS,0.0,-5.976095617529875,False,-5.976095617529875,B_DIP4_3R_GTC_OPTIMISTIC,KOSDAQ,-9.751434034416828,9.272795825782353
2026-09-08,241770,메카로,42350.0,40656.0,True,FILLED,2026-09-14,40656.0,INTRADAY_LIMIT,4,38962.0,45738.0,CLOSED,,,2026-09-15,38750,STOP_LOSS,0.0,-4.688114915387642,False,-4.688114915387642,B_DIP4_3R_GTC_OPTIMISTIC,KOSDAQ,-8.500590318772138,10.66044242991575
2026-09-09,00088K,한화3우B,43600.0,41856.0,True,FILLED,2026-09-10,41856.0,INTRADAY_LIMIT,1,40112.0,47088.0,CLOSED,,,2026-09-21,39600,STOP_LOSS,0.0,-5.389908256880737,False,-5.389908256880737,B_DIP4_3R_GTC_OPTIMISTIC,KOSPI,-9.174311926605505,-3.5132252922724483
2026-09-09,012630,HDC,24700.0,23712.0,True,FILLED,2026-10-02,23712.0,INTRADAY_LIMIT,15,22724.0,26676.0,CLOSED,,,2026-10-07,22600,STOP_LOSS,0.0,-4.689608636977061,False,-4.689608636977061,B_DIP4_3R_GTC_OPTIMISTIC,KOSPI,-8.502024291497978,-3.5132252922724483
2026-09-09,020120,키다리스튜디오,7960.0,7641.599999999999,True,FILLED,2026-09-21,7641.599999999999,INTRADAY_LIMIT,8,7323.200000000001,8596.799999999996,CLOSED,2026-09-28,8596.799999999996,2026-10-06,7140,TREND_EXIT_50MA,0.0,2.9679648241205836,False,2.9679648241205836,B_DIP4_3R_GTC_OPTIMISTIC,KOSPI,-10.301507537688437,-3.5132252922724483
2026-09-09,096770,SK이노베이션,153500.0,147360.0,True,FILLED,2026-09-11,147360.0,INTRADAY_LIMIT,2,141220.0,165780.0,CLOSED,,,2026-09-14,136700,STOP_LOSS,0.0,-7.233984799131377,False,-7.233984799131377,B_DIP4_3R_GTC_OPTIMISTIC,KOSPI,-10.94462540716612,-3.5132252922724483
2026-09-10,078340,컴투스,34850.0,33456.0,True,FILLED,2026-09-16,33456.0,INTRADAY_LIMIT,4,32062.0,37638.0,PARTIAL,2026-09-28,37638.0,,,,50.0,11.397058823529417,False,6.25,B_DIP4_3R_GTC_OPTIMISTIC,KOSDAQ,5.882352941176472,7.349567461645079
2026-09-10,425420,티에프이,58900.0,56544.0,True,FILLED,2026-09-11,56544.0,INTRADAY_LIMIT,1,54188.0,63612.0,CLOSED,,,2026-09-14,53300,STOP_LOSS_GAP,0.0,-5.737125070741367,False,-5.737125070741367,B_DIP4_3R_GTC_OPTIMISTIC,KOSDAQ,-9.507640067911716,7.349567461645079
2026-09-10,004690,삼천리,138000.0,132480.0,True,FILLED,2026-09-16,132480.0,INTRADAY_LIMIT,4,126960.0,149040.0,OPEN,,,,,,100.0,-3.1551932367149704,False,0,B_DIP4_3R_GTC_OPTIMISTIC,KOSPI,-7.028985507246377,-3.2701537691642857
2026-09-10,018670,SK가스,252000.0,241920.0,True,FILLED,2026-09-14,241920.0,INTRADAY_LIMIT,2,231840.0,272160.0,PARTIAL,2026-10-07,272160.0,,,,50.0,12.156911375661373,False,6.25,B_DIP4_3R_GTC_OPTIMISTIC,KOSPI,7.341269841269837,-3.2701537691642857
2026-09-11,005090,SGC에너지,61200.0,58752.0,True,FILLED,2026-09-14,58752.0,INTRADAY_LIMIT,1,56304.0,66096.0,CLOSED,,,2026-09-15,55300,STOP_LOSS,0.0,-5.875544662309373,False,-5.875544662309373,B_DIP4_3R_GTC_OPTIMISTIC,KOSPI,-9.640522875816993,-1.5341733828660553
2026-09-11,030210,다올투자증권,4050.0,3888.0,True,FILLED,2026-09-16,3888.0,INTRADAY_LIMIT,3,3726.0,4374.0,OPEN,,,,,,100.0,1.9804526748971263,False,0,B_DIP4_3R_GTC_OPTIMISTIC,KOSPI,-2.0987654320987703,-1.5341733828660553
2026-09-11,294870,IPARK현대산업개발,24850.0,23856.0,True,FILLED,2026-09-16,23856.0,INTRADAY_LIMIT,3,22862.0,26838.0,CLOSED,,,2026-10-01,22650,STOP_LOSS,0.0,-5.0553319919517055,False,-5.0553319919517055,B_DIP4_3R_GTC_OPTIMISTIC,KOSPI,-8.853118712273645,-1.5341733828660553
2026-09-14,068930,디지털대성,8850.0,8496.0,False,NOT_REACHED,,,,,,,,,,,,,,0.0,False,0.0,B_DIP4_3R_GTC_OPTIMISTIC,KOSDAQ,3.9548022598870025,11.358593933985306
2026-09-14,377450,리파인,17160.0,16473.6,True,FILLED,2026-09-15,16473.6,INTRADAY_LIMIT,1,15787.2,18532.799999999992,CLOSED,,,2026-09-15,14250,STOP_LOSS,0.0,-13.49796037296036,False,-13.49796037296036,B_DIP4_3R_GTC_OPTIMISTIC,KOSDAQ,-16.95804195804196,11.358593933985306
2026-09-14,094800,맵스리얼티,7420.0,7123.2,False,NOT_REACHED,,,,,,,,,,,,,,0.0,False,0.0,B_DIP4_3R_GTC_OPTIMISTIC,KOSPI,1.0781671159029615,1.7882014310997008
2026-09-15,028100,동아지질,18690.0,17942.399999999998,False,NOT_REACHED,,,,,,,,,,,,,,0.0,False,0.0,B_DIP4_3R_GTC_OPTIMISTIC,KOSPI,5.7784911717496,2.6653549128900833
2026-09-15,453340,현대그린푸드,19400.0,18624.0,True,FILLED,2026-09-18,18624.0,INTRADAY_LIMIT,3,17848.0,20952.0,OPEN,,,,,,100.0,1.9652061855670144,False,0,B_DIP4_3R_GTC_OPTIMISTIC,KOSPI,-2.1134020618556737,2.6653549128900833
2026-09-16,219130,타이거일렉,74800.0,71808.0,True,FILLED,2026-09-17,71800,OPEN_BETTER_THAN_LIMIT,1,68816.0,80752.0,PARTIAL,2026-09-23,80752.0,,,,50.0,24.479108635097493,False,6.233983286908074,B_DIP4_3R_GTC_OPTIMISTIC,KOSDAQ,27.508021390374328,10.104414323880473
2026-09-16,001120,LX인터내셔널,41650.0,39984.0,True,FILLED,2026-09-23,39984.0,INTRADAY_LIMIT,5,38318.0,44982.0,OPEN,,,,,,100.0,9.91896758703481,False,0,B_DIP4_3R_GTC_OPTIMISTIC,KOSPI,5.522208883553414,1.2791066348911917
2026-09-18,045100,한양이엔지,32100.0,30816.0,False,NOT_REACHED,,,,,,,,,,,,,,0.0,False,0.0,B_DIP4_3R_GTC_OPTIMISTIC,KOSDAQ,4.672897196261672,8.621481768062678
2026-09-18,013580,계룡건설,23500.0,22560.0,True,FILLED,2026-09-22,22560.0,INTRADAY_LIMIT,2,21620.0,25380.0,CLOSED,,,2026-10-01,21450,STOP_LOSS,0.0,-4.9202127659574435,False,-4.9202127659574435,B_DIP4_3R_GTC_OPTIMISTIC,KOSPI,-8.723404255319146,-1.3102260876123983
2026-09-21,098120,마이크로컨텍솔,57600.0,55296.0,True,FILLED,2026-09-30,55296.0,INTRADAY_LIMIT,5,52992.0,62208.0,PARTIAL,2026-10-07,62208.0,,,,50.0,10.955584490740744,False,6.25,B_DIP4_3R_GTC_OPTIMISTIC,KOSDAQ,5.034722222222232,7.433006086550997
2026-09-21,252990,샘씨엔에스,18090.0,17366.399999999998,True,FILLED,2026-09-22,17366.399999999998,INTRADAY_LIMIT,1,16642.8,19537.199999999993,PARTIAL,2026-09-29,19537.199999999993,,,,50.0,11.097291321171909,False,6.249999999999989,B_DIP4_3R_GTC_OPTIMISTIC,KOSDAQ,5.306799336650081,7.433006086550997
2026-09-21,000430,대원강업,5040.0,4838.4,True,FILLED,2026-09-23,4838.4,INTRADAY_LIMIT,2,4636.8,5443.199999999998,CLOSED,,,2026-09-29,4580,STOP_LOSS,0.0,-5.3406084656084545,False,-5.3406084656084545,B_DIP4_3R_GTC_OPTIMISTIC,KOSPI,-9.126984126984128,-2.90850661841513
2026-09-21,003160,디아이,35400.0,33984.0,False,NOT_REACHED,,,,,,,,,,,,,,0.0,False,0.0,B_DIP4_3R_GTC_OPTIMISTIC,KOSPI,20.6864406779661,-2.90850661841513
2026-09-21,029460,케이씨,44600.0,42816.0,True,FILLED,2026-09-22,42816.0,INTRADAY_LIMIT,1,41032.0,48168.0,OPEN,,,,,,100.0,10.355941704035864,False,0,B_DIP4_3R_GTC_OPTIMISTIC,KOSPI,5.94170403587444,-2.90850661841513
2026-09-22,059090,미코,22600.0,21696.0,True,FILLED,2026-09-29,21500,OPEN_BETTER_THAN_LIMIT,3,20792.0,23624.0,PARTIAL,2026-10-01,23624.0,,,,50.0,8.07906976744186,False,4.939534883720931,B_DIP4_3R_GTC_OPTIMISTIC,KOSDAQ,1.106194690265494,7.676358493731872
2026-09-22,095340,ISC,208000.0,199680.0,False,NOT_REACHED,,,,,,,,,,,,,,0.0,False,0.0,B_DIP4_3R_GTC_OPTIMISTIC,KOSDAQ,-2.644230769230771,7.676358493731872
2026-09-22,222800,심텍,148100.0,142176.0,False,NOT_REACHED,,,,,,,,,,,,,,0.0,False,0.0,B_DIP4_3R_GTC_OPTIMISTIC,KOSDAQ,15.057393652937211,7.676358493731872
2026-09-22,425420,티에프이,64400.0,61824.0,True,FILLED,2026-09-29,61824.0,INTRADAY_LIMIT,3,59248.0,69552.0,PARTIAL,2026-10-01,69552.0,,,,50.0,8.65683229813664,False,6.25,B_DIP4_3R_GTC_OPTIMISTIC,KOSDAQ,0.6211180124223503,7.676358493731872
2026-09-22,003490,대한항공,31400.0,30144.0,False,NOT_REACHED,,,,,,,,,,,,,,0.0,False,0.0,B_DIP4_3R_GTC_OPTIMISTIC,KOSPI,-1.7515923566879033,-3.0494833932039667
2026-09-22,020560,아시아나항공,8370.0,8035.2,False,NOT_REACHED,,,,,,,,,,,,,,0.0,False,0.0,B_DIP4_3R_GTC_OPTIMISTIC,KOSPI,-1.5531660692950977,-3.0494833932039667
2026-09-23,017890,한국알콜,15390.0,14774.4,False,NOT_REACHED,,,,,,,,,,,,,,0.0,False,0.0,B_DIP4_3R_GTC_OPTIMISTIC,KOSDAQ,4.483430799220267,6.388546798029537
2026-09-23,084370,유진테크,163600.0,157056.0,True,FILLED,2026-09-28,157056.0,INTRADAY_LIMIT,1,150512.0,176688.0,PARTIAL,2026-10-01,176688.0,,,,50.0,10.05246536267319,False,6.25,B_DIP4_3R_GTC_OPTIMISTIC,KOSDAQ,3.3007334963325086,6.388546798029537
2026-09-23,114810,한솔아이원스,14770.0,14179.199999999999,False,NOT_REACHED,,,,,,,,,,,,,,0.0,False,0.0,B_DIP4_3R_GTC_OPTIMISTIC,KOSDAQ,-0.9478672985781977,6.388546798029537
2026-09-23,417840,저스템,17080.0,16396.8,False,NOT_REACHED,,,,,,,,,,,,,,0.0,False,0.0,B_DIP4_3R_GTC_OPTIMISTIC,KOSDAQ,10.070257611241207,6.388546798029537
2026-09-23,446540,메가터치,10900.0,10464.0,True,FILLED,2026-09-28,10464.0,INTRADAY_LIMIT,1,10028.0,11772.0,OPEN,,,,,,100.0,5.026758409785925,False,0,B_DIP4_3R_GTC_OPTIMISTIC,KOSDAQ,0.8256880733944927,6.388546798029537
2026-09-23,006120,SK디스커버리,60300.0,57888.0,False,NOT_REACHED,,,,,,,,,,,,,,0.0,False,0.0,B_DIP4_3R_GTC_OPTIMISTIC,KOSPI,19.237147595356554,-3.91220349898036
2026-09-23,010955,S-Oil우,84000.0,80640.0,True,FILLED,2026-10-01,80640.0,INTRADAY_LIMIT,4,77280.0,90720.0,OPEN,,,,,,100.0,11.979166666666675,False,0,B_DIP4_3R_GTC_OPTIMISTIC,KOSPI,7.499999999999996,-3.91220349898036
2026-09-28,009240,한샘,40750.0,39120.0,True,FILLED,2026-09-30,39120.0,INTRADAY_LIMIT,2,37490.0,44010.0,OPEN,,,,,,100.0,3.527607361963181,False,0,B_DIP4_3R_GTC_OPTIMISTIC,KOSPI,-0.6134969325153339,-1.245910585885679
2026-09-28,025000,KPX케미칼,57700.0,55392.0,False,NOT_REACHED,,,,,,,,,,,,,,0.0,False,0.0,B_DIP4_3R_GTC_OPTIMISTIC,KOSPI,1.559792027729645,-1.245910585885679
2026-09-28,284740,쿠쿠홈시스,24300.0,23328.0,False,NOT_REACHED,,,,,,,,,,,,,,0.0,False,0.0,B_DIP4_3R_GTC_OPTIMISTIC,KOSPI,2.4691358024691468,-1.245910585885679
2026-09-29,031980,피에스케이홀딩스,180800.0,173568.0,False,NOT_REACHED,,,,,,,,,,,,,,0.0,False,0.0,B_DIP4_3R_GTC_OPTIMISTIC,KOSDAQ,12.831858407079654,5.72252294657567
2026-09-29,064760,티씨케이,300000.0,288000.0,True,FILLED,2026-10-06,288000.0,INTRADAY_LIMIT,4,276000.0,324000.0,OPEN,,,,,,100.0,-1.041666666666663,False,0,B_DIP4_3R_GTC_OPTIMISTIC,KOSDAQ,-5.000000000000004,5.72252294657567
2026-09-29,101160,월덱스,32250.0,30960.0,False,NOT_REACHED,,,,,,,,,,,,,,0.0,False,0.0,B_DIP4_3R_GTC_OPTIMISTIC,KOSDAQ,-0.15503875968991832,5.72252294657567
2026-09-29,219130,타이거일렉,91000.0,87360.0,False,NOT_REACHED,,,,,,,,,,,,,,0.0,False,0.0,B_DIP4_3R_GTC_OPTIMISTIC,KOSDAQ,7.692307692307687,5.72252294657567
2026-09-29,252990,샘씨엔에스,19950.0,19152.0,True,FILLED,2026-10-06,19152.0,INTRADAY_LIMIT,4,18354.0,21546.0,OPEN,,,,,,100.0,-0.5325814536340845,False,0,B_DIP4_3R_GTC_OPTIMISTIC,KOSDAQ,-4.511278195488721,5.72252294657567
2026-09-29,029460,케이씨,46250.0,44400.0,True,FILLED,2026-09-30,44400.0,INTRADAY_LIMIT,1,42550.0,49950.0,OPEN,,,,,,100.0,6.4189189189189255,False,0,B_DIP4_3R_GTC_OPTIMISTIC,KOSPI,2.1621621621621623,-0.9738298686763347
2026-09-30,036930,주성엔지니어링,232500.0,223200.0,False,NOT_REACHED,,,,,,,,,,,,,,0.0,False,0.0,B_DIP4_3R_GTC_OPTIMISTIC,KOSDAQ,6.451612903225801,4.967812036312225
2026-09-30,059090,미코,23200.0,22272.0,False,NOT_REACHED,,,,,,,,,,,,,,0.0,False,0.0,B_DIP4_3R_GTC_OPTIMISTIC,KOSDAQ,-1.5086206896551713,4.967812036312225
2026-09-30,078350,한양디지텍,31950.0,30672.0,False,NOT_REACHED,,,,,,,,,,,,,,0.0,False,0.0,B_DIP4_3R_GTC_OPTIMISTIC,KOSDAQ,13.928012519561817,4.967812036312225
2026-09-30,122640,예스티,33600.0,32256.0,True,FILLED,2026-10-07,32256.0,INTRADAY_LIMIT,4,30912.0,36288.0,OPEN,,,,,,100.0,-1.4136904761904767,False,0,B_DIP4_3R_GTC_OPTIMISTIC,KOSDAQ,-5.35714285714286,4.967812036312225
2026-09-30,001120,LX인터내셔널,43300.0,41568.0,False,NOT_REACHED,,,,,,,,,,,,,,0.0,False,0.0,B_DIP4_3R_GTC_OPTIMISTIC,KOSPI,1.501154734411081,-0.4992658715070486
2026-09-30,020000,한섬,21000.0,20160.0,False,NOT_REACHED,,,,,,,,,,,,,,0.0,False,0.0,B_DIP4_3R_GTC_OPTIMISTIC,KOSPI,3.3333333333333437,-0.4992658715070486
2026-09-30,306200,세아제강,153200.0,147072.0,True,FILLED,2026-10-02,147072.0,INTRADAY_LIMIT,2,140944.0,165456.0,OPEN,,,,,,100.0,0.9709530026109636,False,0,B_DIP4_3R_GTC_OPTIMISTIC,KOSPI,-3.067885117493474,-0.4992658715070486
2026-10-02,005160,동국산업,3970.0,3811.2,False,NOT_REACHED,,,,,,,,,,,,,,0.0,False,0.0,B_DIP4_3R_GTC_OPTIMISTIC,KOSDAQ,-3.0226700251889116,0.5754010455730985
2026-10-02,036710,심텍홀딩스,4960.0,4761.599999999999,False,NOT_REACHED,,,,,,,,,,,,,,0.0,False,0.0,B_DIP4_3R_GTC_OPTIMISTIC,KOSDAQ,2.4193548387096753,0.5754010455730985
2026-10-02,064290,인텍플러스,59100.0,56736.0,False,NOT_REACHED,,,,,,,,,,,,,,0.0,False,0.0,B_DIP4_3R_GTC_OPTIMISTIC,KOSDAQ,-1.0152284263959421,0.5754010455730985
2026-10-06,031980,피에스케이홀딩스,197000.0,189120.0,True,FILLED,2026-10-07,189120.0,INTRADAY_LIMIT,1,181240.0,212760.0,OPEN,,,,,,100.0,7.868020304568524,False,0,B_DIP4_3R_GTC_OPTIMISTIC,KOSDAQ,3.5532994923857864,-2.33607270197409
2026-10-06,091580,상신이디피,24850.0,23856.0,False,NOT_REACHED,,,,,,,,,,,,,,0.0,False,0.0,B_DIP4_3R_GTC_OPTIMISTIC,KOSDAQ,-1.2072434607645843,-2.33607270197409
2026-10-06,236200,슈프리마,60400.0,57984.0,True,FILLED,2026-10-07,57984.0,INTRADAY_LIMIT,1,55568.0,65232.0,CLOSED,,,2026-10-07,54800,STOP_LOSS,0.0,-5.491169977924947,False,-5.491169977924947,B_DIP4_3R_GTC_OPTIMISTIC,KOSDAQ,-9.27152317880795,-2.33607270197409
2026-10-06,006400,삼성SDI,575000.0,552000.0,False,NOT_REACHED,,,,,,,,,,,,,,0.0,False,0.0,B_DIP4_3R_GTC_OPTIMISTIC,KOSPI,-2.260869565217394,-1.980727203053001
2026-10-06,007660,이수페타시스,131900.0,126624.0,True,FILLED,2026-10-07,126624.0,INTRADAY_LIMIT,1,121348.0,142452.0,OPEN,,,,,,100.0,-3.6517563810967935,False,0,B_DIP4_3R_GTC_OPTIMISTIC,KOSPI,-7.505686125852917,-1.980727203053001
2026-10-06,192820,코스맥스,298000.0,286080.0,False,NOT_REACHED,,,,,,,,,,,,,,0.0,False,0.0,B_DIP4_3R_GTC_OPTIMISTIC,KOSPI,3.523489932885915,-1.980727203053001
2026-10-06,226320,잇츠한불,11260.0,10809.6,False,NOT_REACHED,,,,,,,,,,,,,,0.0,False,0.0,B_DIP4_3R_GTC_OPTIMISTIC,KOSPI,4.440497335701599,-1.980727203053001
2026-10-06,373220,LG에너지솔루션,390000.0,374400.0,False,NOT_REACHED,,,,,,,,,,,,,,0.0,False,0.0,B_DIP4_3R_GTC_OPTIMISTIC,KOSPI,0.2564102564102555,-1.980727203053001
2026-10-07,041960,코미팜,11000.0,10560.0,False,NO_FUTURE_BAR,,,,,,,,,,,,,,0.0,False,0.0,B_DIP4_3R_GTC_OPTIMISTIC,KOSDAQ,0.0,0.0
2026-10-07,131290,티에스이,316000.0,303360.0,False,NO_FUTURE_BAR,,,,,,,,,,,,,,0.0,False,0.0,B_DIP4_3R_GTC_OPTIMISTIC,KOSDAQ,0.0,0.0
2026-10-07,219130,타이거일렉,98000.0,94080.0,False,NO_FUTURE_BAR,,,,,,,,,,,,,,0.0,False,0.0,B_DIP4_3R_GTC_OPTIMISTIC,KOSDAQ,0.0,0.0
2026-10-07,002320,한진,16860.0,16185.599999999999,False,NO_FUTURE_BAR,,,,,,,,,,,,,,0.0,False,0.0,B_DIP4_3R_GTC_OPTIMISTIC,KOSPI,0.0,0.0
2026-10-07,002960,한국쉘석유,541000.0,519360.0,False,NO_FUTURE_BAR,,,,,,,,,,,,,,0.0,False,0.0,B_DIP4_3R_GTC_OPTIMISTIC,KOSPI,0.0,0.0
2026-10-07,008930,한미사이언스,58100.0,55776.0,False,NO_FUTURE_BAR,,,,,,,,,,,,,,0.0,False,0.0,B_DIP4_3R_GTC_OPTIMISTIC,KOSPI,0.0,0.0
2026-10-07,078520,에이블씨엔씨,11880.0,11404.8,False,NO_FUTURE_BAR,,,,,,,,,,,,,,0.0,False,0.0,B_DIP4_3R_GTC_OPTIMISTIC,KOSPI,0.0,0.0
2026-10-07,383220,F&F,74100.0,71136.0,False,NO_FUTURE_BAR,,,,,,,,,,,,,,0.0,False,0.0,B_DIP4_3R_GTC_OPTIMISTIC,KOSPI,0.0,0.0
2026-08-24,002840,미원상사,131800.0,126528.0,False,NOT_REACHED,,,,,,,,,,,,,,0.0,False,0.0,B_DIP4_KEEP_GTC_GAPFILL,KOSPI,5.993930197268593,1.5968439411314872
2026-08-24,028670,팬오션,6320.0,6067.2,True,FILLED,2026-08-26,6067.2,INTRADAY_LIMIT,2,5814.400000000001,7836.799999999998,CLOSED,,,2026-08-26,5610,STOP_LOSS,0.0,-7.535601265822778,False,-7.535601265822778,B_DIP4_KEEP_GTC_GAPFILL,KOSPI,-11.234177215189877,1.5968439411314872
2026-08-24,058650,세아홀딩스,132600.0,127296.0,True,FILLED,2026-09-23,127296.0,INTRADAY_LIMIT,22,121992.0,164424.0,OPEN,,,,,,100.0,-0.7824283559577649,False,0,B_DIP4_KEEP_GTC_GAPFILL,KOSPI,-4.751131221719462,1.5968439411314872
2026-08-25,002310,아세아제지,8560.0,8217.6,True,FILLED,2026-08-27,8217.6,INTRADAY_LIMIT,2,7875.200000000001,10614.399999999998,CLOSED,,,2026-09-30,7850,STOP_LOSS,0.0,-4.473325545171347,False,-4.473325545171347,B_DIP4_KEEP_GTC_GAPFILL,KOSPI,-8.294392523364492,0.9070496563711394
2026-08-25,078930,GS,121800.0,116928.0,True,FILLED,2026-08-26,116928.0,INTRADAY_LIMIT,1,112056.0,151032.0,CLOSED,,,2026-09-16,112000,STOP_LOSS,0.0,-4.214559386973182,False,-4.214559386973182,B_DIP4_KEEP_GTC_GAPFILL,KOSPI,-8.045977011494255,0.9070496563711394
2026-08-25,080580,오킨스전자,19400.0,18624.0,True,FILLED,2026-08-26,18624.0,INTRADAY_LIMIT,1,17848.0,24056.0,PARTIAL,2026-09-21,24056.0,,,,50.0,40.15786082474227,False,14.583333333333337,B_DIP4_KEEP_GTC_GAPFILL,KOSDAQ,34.551546391752574,8.617542162848334
2026-08-25,090430,아모레퍼시픽,143300.0,137568.0,True,FILLED,2026-09-09,137568.0,INTRADAY_LIMIT,11,131836.0,177692.0,OPEN,,,,,,100.0,0.6774831356129329,False,0,B_DIP4_KEEP_GTC_GAPFILL,KOSPI,-3.3496161898115884,0.9070496563711394
2026-08-25,122900,아이마켓코리아,8350.0,8016.0,True,FILLED,2026-09-09,8016.0,INTRADAY_LIMIT,11,7682.0,10354.0,OPEN,,,,,,100.0,2.6696606786427157,False,0,B_DIP4_KEEP_GTC_GAPFILL,KOSPI,-1.4371257485029987,0.9070496563711394
2026-08-25,123330,제닉,32200.0,30912.0,True,FILLED,2026-09-07,30912.0,INTRADAY_LIMIT,9,29624.0,39928.0,CLOSED,,,2026-09-07,28350,STOP_LOSS,0.0,-8.288043478260864,False,-8.288043478260864,B_DIP4_KEEP_GTC_GAPFILL,KOSDAQ,-11.956521739130432,8.617542162848334
2026-08-25,161890,한국콜마,150000.0,144000.0,True,FILLED,2026-08-27,144000.0,INTRADAY_LIMIT,2,138000.0,186000.0,CLOSED,,,2026-09-11,137200,STOP_LOSS_GAP,0.0,-4.722222222222228,False,-4.722222222222228,B_DIP4_KEEP_GTC_GAPFILL,KOSPI,-8.533333333333337,0.9070496563711394
2026-08-25,257720,실리콘투,51900.0,49824.0,True,FILLED,2026-08-27,48250,OPEN_BETTER_THAN_LIMIT,2,47748.0,64356.0,CLOSED,,,2026-09-07,47150,STOP_LOSS,0.0,-2.2797927461139844,False,-2.2797927461139844,B_DIP4_KEEP_GTC_GAPFILL,KOSDAQ,-9.152215799614638,8.617542162848334
2026-08-25,278470,에이피알,440500.0,422880.0,True,FILLED,2026-09-02,422880.0,INTRADAY_LIMIT,6,405260.0,546220.0,CLOSED,,,2026-09-04,394000,STOP_LOSS,0.0,-6.829360575104049,False,-6.829360575104049,B_DIP4_KEEP_GTC_GAPFILL,KOSPI,-10.556186152099889,0.9070496563711394
2026-08-25,280360,롯데웰푸드,135200.0,129792.0,True,FILLED,2026-09-16,129792.0,INTRADAY_LIMIT,16,124384.0,167648.0,CLOSED,,,2026-09-22,123900,STOP_LOSS,0.0,-4.539571005917164,False,-4.539571005917164,B_DIP4_KEEP_GTC_GAPFILL,KOSPI,-8.357988165680474,0.9070496563711394
2026-08-26,000815,삼성화재우,425000.0,408000.0,True,FILLED,2026-09-16,408000.0,INTRADAY_LIMIT,15,391000.0,527000.0,CLOSED,,,2026-10-01,391000,STOP_LOSS,0.0,-4.1666666666666625,False,-4.1666666666666625,B_DIP4_KEEP_GTC_GAPFILL,KOSPI,-7.9999999999999964,-0.06330592035205251
2026-08-26,003230,삼양식품,1507000.0,1446720.0,True,FILLED,2026-09-03,1446720.0,INTRADAY_LIMIT,6,1386440.0,1868680.0,CLOSED,,,2026-09-07,1330000,STOP_LOSS,0.0,-8.067905330679048,False,-8.067905330679048,B_DIP4_KEEP_GTC_GAPFILL,KOSPI,-11.745189117451893,-0.06330592035205251
2026-08-26,003300,한일홀딩스,18350.0,17616.0,True,FILLED,2026-09-10,17616.0,INTRADAY_LIMIT,11,16882.0,22754.0,OPEN,,,,,,100.0,-3.0994550408719346,False,0,B_DIP4_KEEP_GTC_GAPFILL,KOSPI,-6.975476839237061,-0.06330592035205251
2026-08-26,004490,세방전지,59800.0,57408.0,False,NOT_REACHED,,,,,,,,,,,,,,0.0,False,0.0,B_DIP4_KEEP_GTC_GAPFILL,KOSPI,4.849498327759205,-0.06330592035205251
2026-08-26,006360,GS건설,37800.0,36288.0,True,FILLED,2026-08-28,36288.0,INTRADAY_LIMIT,2,34776.0,46872.0,CLOSED,,,2026-09-01,33300,STOP_LOSS,0.0,-8.234126984126988,False,-8.234126984126988,B_DIP4_KEEP_GTC_GAPFILL,KOSPI,-11.904761904761907,-0.06330592035205251
2026-08-26,017940,E1,97700.0,93792.0,True,FILLED,2026-09-16,93792.0,INTRADAY_LIMIT,15,89884.0,121148.0,CLOSED,,,2026-10-01,88300,STOP_LOSS,0.0,-5.855510064824287,False,-5.855510064824287,B_DIP4_KEEP_GTC_GAPFILL,KOSPI,-9.621289662231325,-0.06330592035205251
2026-08-27,006400,삼성SDI,569000.0,546240.0,True,FILLED,2026-09-02,546240.0,INTRADAY_LIMIT,4,523480.0,705560.0,CLOSED,,,2026-09-23,521000,STOP_LOSS,0.0,-4.620679554774454,False,-4.620679554774454,B_DIP4_KEEP_GTC_GAPFILL,KOSPI,-8.435852372583474,-1.5692157682531516
2026-08-27,012750,에스원,85500.0,82080.0,True,FILLED,2026-08-28,82080.0,INTRADAY_LIMIT,1,78660.0,106020.0,OPEN,,,,,,100.0,2.0955165692007727,False,0,B_DIP4_KEEP_GTC_GAPFILL,KOSPI,-1.9883040935672502,-1.5692157682531516
2026-08-27,029460,케이씨,38650.0,37104.0,True,FILLED,2026-08-28,37104.0,INTRADAY_LIMIT,1,35558.0,47926.0,OPEN,,,,,,100.0,27.34476067270375,False,0,B_DIP4_KEEP_GTC_GAPFILL,KOSPI,22.25097024579561,-1.5692157682531516
2026-08-27,183190,아세아시멘트,10550.0,10128.0,True,FILLED,2026-10-01,10128.0,INTRADAY_LIMIT,23,9706.0,13082.0,OPEN,,,,,,100.0,-1.6587677725118488,False,0,B_DIP4_KEEP_GTC_GAPFILL,KOSPI,-5.592417061611377,-1.5692157682531516
2026-08-27,222800,심텍,126900.0,121824.0,True,FILLED,2026-08-28,121824.0,INTRADAY_LIMIT,1,116748.0,157356.0,PARTIAL,2026-10-01,157356.0,,,,50.0,34.520291568163906,False,14.583333333333337,B_DIP4_KEEP_GTC_GAPFILL,KOSDAQ,29.139479905437348,7.256013848265974
2026-08-28,035600,KG이니시스,10640.0,10214.4,True,FILLED,2026-09-07,10214.4,INTRADAY_LIMIT,6,9788.800000000001,13193.599999999997,CLOSED,,,2026-09-30,9770,STOP_LOSS,0.0,-4.35072055137844,False,-4.35072055137844,B_DIP4_KEEP_GTC_GAPFILL,KOSDAQ,-8.176691729323304,7.158788659486404
2026-08-28,096530,씨젠,35650.0,34224.0,True,FILLED,2026-08-31,34224.0,INTRADAY_LIMIT,1,32798.0,44206.0,CLOSED,,,2026-09-02,32100,STOP_LOSS,0.0,-6.206171107994384,False,-6.206171107994384,B_DIP4_KEEP_GTC_GAPFILL,KOSDAQ,-9.957924263674611,7.158788659486404
2026-08-28,204620,글로벌텍스프리,5960.0,5721.599999999999,True,FILLED,2026-08-31,5721.599999999999,INTRADAY_LIMIT,1,5483.2,7390.400000000001,CLOSED,,,2026-09-03,5370,STOP_LOSS,0.0,-6.14513422818791,False,-6.14513422818791,B_DIP4_KEEP_GTC_GAPFILL,KOSDAQ,-9.899328859060407,7.158788659486404
2026-08-28,002790,아모레퍼시픽홀딩스,28000.0,26880.0,True,FILLED,2026-09-01,26880.0,INTRADAY_LIMIT,2,25760.0,34720.0,CLOSED,,,2026-09-09,25500,STOP_LOSS,0.0,-5.133928571428569,False,-5.133928571428569,B_DIP4_KEEP_GTC_GAPFILL,KOSPI,-8.92857142857143,0.22124415220183824
2026-08-28,025000,KPX케미칼,55800.0,53568.0,True,FILLED,2026-09-10,53568.0,INTRADAY_LIMIT,9,51336.0,69192.0,OPEN,,,,,,100.0,9.393667861409805,False,0,B_DIP4_KEEP_GTC_GAPFILL,KOSPI,5.017921146953408,0.22124415220183824
2026-08-28,044820,코스맥스비티아이,26800.0,25728.0,True,FILLED,2026-09-01,25728.0,INTRADAY_LIMIT,2,24656.0,33232.0,CLOSED,,,2026-09-03,24600,STOP_LOSS_GAP,0.0,-4.384328358208956,False,-4.384328358208956,B_DIP4_KEEP_GTC_GAPFILL,KOSPI,-8.208955223880599,0.22124415220183824
2026-08-28,088350,한화생명,5950.0,5712.0,True,FILLED,2026-09-04,5712.0,INTRADAY_LIMIT,5,5474.0,7378.0,CLOSED,,,2026-09-30,5330,STOP_LOSS,0.0,-6.68767507002801,False,-6.68767507002801,B_DIP4_KEEP_GTC_GAPFILL,KOSPI,-10.420168067226887,0.22124415220183824
2026-08-28,090430,아모레퍼시픽,150600.0,144576.0,True,FILLED,2026-09-01,144576.0,INTRADAY_LIMIT,2,138552.0,186744.0,CLOSED,,,2026-09-09,138300,STOP_LOSS,0.0,-4.34096945551129,False,-4.34096945551129,B_DIP4_KEEP_GTC_GAPFILL,KOSPI,-8.16733067729084,0.22124415220183824
2026-08-28,104700,한국철강,10120.0,9715.199999999999,True,FILLED,2026-09-02,9715.199999999999,INTRADAY_LIMIT,3,9310.4,12548.800000000001,CLOSED,,,2026-09-30,9310,STOP_LOSS,0.0,-4.170783926218702,False,-4.170783926218702,B_DIP4_KEEP_GTC_GAPFILL,KOSPI,-8.00395256916996,0.22124415220183824
2026-08-28,161890,한국콜마,161700.0,155232.0,True,FILLED,2026-09-01,155232.0,INTRADAY_LIMIT,2,148764.0,200508.0,CLOSED,,,2026-09-04,145800,STOP_LOSS,0.0,-6.076066790352508,False,-6.076066790352508,B_DIP4_KEEP_GTC_GAPFILL,KOSPI,-9.83302411873841,0.22124415220183824
2026-08-28,192820,코스맥스,303000.0,290880.0,True,FILLED,2026-09-01,290880.0,INTRADAY_LIMIT,2,278760.0,375720.0,CLOSED,,,2026-09-02,278500,STOP_LOSS_GAP,0.0,-4.256050605060501,False,-4.256050605060501,B_DIP4_KEEP_GTC_GAPFILL,KOSPI,-8.085808580858089,0.22124415220183824
2026-08-28,278470,에이피알,461500.0,443040.0,True,FILLED,2026-09-01,443040.0,INTRADAY_LIMIT,2,424580.0,572260.0,CLOSED,,,2026-09-02,419000,STOP_LOSS,0.0,-5.4261466233297195,False,-5.4261466233297195,B_DIP4_KEEP_GTC_GAPFILL,KOSPI,-9.209100758396538,0.22124415220183824
2026-08-28,300720,한일시멘트,16950.0,16272.0,True,FILLED,2026-09-02,16272.0,INTRADAY_LIMIT,3,15594.0,21018.0,OPEN,,,,,,100.0,-0.5653883972468021,False,0,B_DIP4_KEEP_GTC_GAPFILL,KOSPI,-4.542772861356936,0.22124415220183824
2026-08-31,068930,디지털대성,8660.0,8313.6,False,NOT_REACHED,,,,,,,,,,,,,,0.0,False,0.0,B_DIP4_KEEP_GTC_GAPFILL,KOSDAQ,6.235565819861422,7.687974205611958
2026-08-31,353810,이지바이오,6830.0,6556.8,True,FILLED,2026-09-02,6556.8,INTRADAY_LIMIT,2,6283.6,8469.199999999999,CLOSED,,,2026-09-07,6160,STOP_LOSS,0.0,-6.0517325524646175,False,-6.0517325524646175,B_DIP4_KEEP_GTC_GAPFILL,KOSDAQ,-9.809663250366029,7.687974205611958
2026-08-31,014820,동원시스템즈,23200.0,22272.0,True,FILLED,2026-09-02,22272.0,INTRADAY_LIMIT,2,21344.0,28768.0,CLOSED,,,2026-09-09,21250,STOP_LOSS_GAP,0.0,-4.588721264367813,False,-4.588721264367813,B_DIP4_KEEP_GTC_GAPFILL,KOSPI,-8.405172413793105,-0.2363629432171832
2026-08-31,086790,하나금융지주,136300.0,130848.0,True,FILLED,2026-09-30,130848.0,INTRADAY_LIMIT,20,125396.0,169012.0,OPEN,,,,,,100.0,-1.4887503056982165,False,0,B_DIP4_KEEP_GTC_GAPFILL,KOSPI,-5.4292002934702825,-0.2363629432171832
2026-08-31,123890,한국자산신탁,2640.0,2534.4,True,FILLED,2026-09-08,2534.4,INTRADAY_LIMIT,6,2428.8,3273.5999999999995,CLOSED,,,2026-09-23,2425,STOP_LOSS,0.0,-4.316603535353536,False,-4.316603535353536,B_DIP4_KEEP_GTC_GAPFILL,KOSPI,-8.143939393939393,-0.2363629432171832
2026-08-31,373220,LG에너지솔루션,378000.0,362880.0,True,FILLED,2026-09-02,359500,OPEN_BETTER_THAN_LIMIT,2,347760.0,468720.0,CLOSED,,,2026-09-02,347500,STOP_LOSS,0.0,-3.3379694019471495,False,-3.3379694019471495,B_DIP4_KEEP_GTC_GAPFILL,KOSPI,-8.06878306878307,-0.2363629432171832
2026-09-01,001060,JW중외제약,29000.0,27840.0,True,FILLED,2026-09-02,27840.0,INTRADAY_LIMIT,1,26680.0,35960.0,CLOSED,,,2026-09-11,26400,STOP_LOSS_GAP,0.0,-5.1724137931034475,False,-5.1724137931034475,B_DIP4_KEEP_GTC_GAPFILL,KOSPI,-8.965517241379306,-0.46666081512040103
2026-09-01,089860,롯데렌탈,51400.0,49344.0,True,FILLED,2026-09-08,49344.0,INTRADAY_LIMIT,5,47288.0,63736.0,OPEN,,,,,,100.0,3.9640077821011754,False,0,B_DIP4_KEEP_GTC_GAPFILL,KOSPI,-0.1945525291828787,-0.46666081512040103
2026-09-01,126560,현대퓨처넷,3425.0,3288.0,False,NOT_REACHED,,,,,,,,,,,,,,0.0,False,0.0,B_DIP4_KEEP_GTC_GAPFILL,KOSPI,-1.4598540145985384,-0.46666081512040103
2026-09-02,159010,아스플로,24100.0,23136.0,True,FILLED,2026-09-08,23136.0,INTRADAY_LIMIT,4,22172.0,29884.0,CLOSED,,,2026-09-15,22000,STOP_LOSS_GAP,0.0,-4.9100968188105165,False,-4.9100968188105165,B_DIP4_KEEP_GTC_GAPFILL,KOSDAQ,-8.713692946058094,11.747804671758
2026-09-02,377450,리파인,16800.0,16128.0,True,FILLED,2026-09-15,16128.0,INTRADAY_LIMIT,9,15456.0,20832.0,CLOSED,,,2026-09-15,14250,STOP_LOSS,0.0,-11.644345238095234,False,-11.644345238095234,B_DIP4_KEEP_GTC_GAPFILL,KOSDAQ,-15.17857142857143,11.747804671758
2026-09-02,180640,한진칼,139100.0,133536.0,True,FILLED,2026-09-03,133536.0,INTRADAY_LIMIT,1,127972.0,172484.0,OPEN,,,,,,100.0,0.2725856697819218,False,0,B_DIP4_KEEP_GTC_GAPFILL,KOSPI,-3.738317757009346,3.675000609503365
2026-09-03,008930,한미사이언스,51500.0,49440.0,True,FILLED,2026-09-14,49100,OPEN_BETTER_THAN_LIMIT,7,47380.0,63860.0,OPEN,,,,,,100.0,18.32993890020367,False,0,B_DIP4_KEEP_GTC_GAPFILL,KOSPI,12.815533980582527,3.4109078529002357
2026-09-03,088350,한화생명,6110.0,5865.599999999999,True,FILLED,2026-09-04,5865.599999999999,INTRADAY_LIMIT,1,5621.2,7576.400000000001,CLOSED,,,2026-09-30,5330,STOP_LOSS,0.0,-9.131205673758858,False,-9.131205673758858,B_DIP4_KEEP_GTC_GAPFILL,KOSPI,-12.765957446808507,3.4109078529002357
2026-09-03,145990,삼양사,47400.0,45504.0,True,FILLED,2026-09-22,45504.0,INTRADAY_LIMIT,13,43608.0,58776.0,OPEN,,,,,,100.0,1.3097749648382617,False,0,B_DIP4_KEEP_GTC_GAPFILL,KOSPI,-2.742616033755274,3.4109078529002357
2026-09-03,306200,세아제강,147500.0,141600.0,True,FILLED,2026-09-16,141600.0,INTRADAY_LIMIT,9,135700.0,182900.0,OPEN,,,,,,100.0,4.8728813559322015,False,0,B_DIP4_KEEP_GTC_GAPFILL,KOSPI,0.6779661016949046,3.4109078529002357
2026-09-04,031980,피에스케이홀딩스,144000.0,138240.0,False,NOT_REACHED,,,,,,,,,,,,,,0.0,False,0.0,B_DIP4_KEEP_GTC_GAPFILL,KOSDAQ,32.833333333333336,10.440073755377988
2026-09-04,049430,코메론,22450.0,21552.0,True,FILLED,2026-09-07,21552.0,INTRADAY_LIMIT,1,20654.0,27838.0,OPEN,,,,,,100.0,1.6146993318485459,False,0,B_DIP4_KEEP_GTC_GAPFILL,KOSDAQ,-2.4498886414253906,10.440073755377988
2026-09-04,064290,인텍플러스,40150.0,38544.0,False,NOT_REACHED,,,,,,,,,,,,,,0.0,False,0.0,B_DIP4_KEEP_GTC_GAPFILL,KOSDAQ,34.85180572851806,10.440073755377988
2026-09-04,377450,리파인,16960.0,16281.599999999999,True,FILLED,2026-09-15,16281.599999999999,INTRADAY_LIMIT,7,15603.2,21030.399999999998,CLOSED,,,2026-09-15,14250,STOP_LOSS,0.0,-12.477889150943389,False,-12.477889150943389,B_DIP4_KEEP_GTC_GAPFILL,KOSDAQ,-15.978773584905658,10.440073755377988
2026-09-04,002310,아세아제지,8840.0,8486.4,True,FILLED,2026-09-15,8486.4,INTRADAY_LIMIT,7,8132.8,10961.599999999999,CLOSED,,,2026-09-29,7960,STOP_LOSS,0.0,-6.202865761689291,False,-6.202865761689291,B_DIP4_KEEP_GTC_GAPFILL,KOSPI,-9.954751131221718,1.7449728661130592
2026-09-04,004690,삼천리,136700.0,131232.0,True,FILLED,2026-09-16,131232.0,INTRADAY_LIMIT,8,125764.0,169508.0,OPEN,,,,,,100.0,-2.2342111680078047,False,0,B_DIP4_KEEP_GTC_GAPFILL,KOSPI,-6.144842721287491,1.7449728661130592
2026-09-04,180640,한진칼,146000.0,140160.0,True,FILLED,2026-09-07,140160.0,INTRADAY_LIMIT,1,134320.0,181040.0,CLOSED,,,2026-09-11,131700,STOP_LOSS_GAP,0.0,-6.0359589041095845,False,-6.0359589041095845,B_DIP4_KEEP_GTC_GAPFILL,KOSPI,-9.794520547945208,1.7449728661130592
2026-09-04,272450,진에어,6140.0,5894.4,True,FILLED,2026-09-14,5894.4,INTRADAY_LIMIT,6,5648.8,7613.599999999999,OPEN,,,,,,100.0,-1.092562432138977,False,0,B_DIP4_KEEP_GTC_GAPFILL,KOSPI,-5.048859934853422,1.7449728661130592
2026-09-07,064760,티씨케이,268500.0,257760.0,True,FILLED,2026-09-09,257760.0,INTRADAY_LIMIT,2,247020.0,332940.0,OPEN,,,,,,100.0,10.567970204841703,False,0,B_DIP4_KEEP_GTC_GAPFILL,KOSDAQ,6.145251396648055,9.272795825782353
2026-09-07,131290,티에스이,261500.0,251040.0,True,FILLED,2026-09-14,251000,OPEN_BETTER_THAN_LIMIT,5,240580.0,324260.0,CLOSED,,,2026-09-14,236000,STOP_LOSS,0.0,-5.976095617529875,False,-5.976095617529875,B_DIP4_KEEP_GTC_GAPFILL,KOSDAQ,-9.751434034416828,9.272795825782353
2026-09-08,241770,메카로,42350.0,40656.0,True,FILLED,2026-09-14,40656.0,INTRADAY_LIMIT,4,38962.0,52514.0,CLOSED,,,2026-09-15,38750,STOP_LOSS,0.0,-4.688114915387642,False,-4.688114915387642,B_DIP4_KEEP_GTC_GAPFILL,KOSDAQ,-8.500590318772138,10.66044242991575
2026-09-09,00088K,한화3우B,43600.0,41856.0,True,FILLED,2026-09-10,41856.0,INTRADAY_LIMIT,1,40112.0,54064.0,CLOSED,,,2026-09-21,39600,STOP_LOSS,0.0,-5.389908256880737,False,-5.389908256880737,B_DIP4_KEEP_GTC_GAPFILL,KOSPI,-9.174311926605505,-3.5132252922724483
2026-09-09,012630,HDC,24700.0,23712.0,True,FILLED,2026-10-02,23712.0,INTRADAY_LIMIT,15,22724.0,30628.0,CLOSED,,,2026-10-07,22600,STOP_LOSS,0.0,-4.689608636977061,False,-4.689608636977061,B_DIP4_KEEP_GTC_GAPFILL,KOSPI,-8.502024291497978,-3.5132252922724483
2026-09-09,020120,키다리스튜디오,7960.0,7641.599999999999,True,FILLED,2026-09-21,7641.599999999999,INTRADAY_LIMIT,8,7323.200000000001,9870.399999999998,CLOSED,,,2026-10-06,7140,STOP_LOSS,0.0,-6.564070351758788,False,-6.564070351758788,B_DIP4_KEEP_GTC_GAPFILL,KOSPI,-10.301507537688437,-3.5132252922724483
2026-09-09,096770,SK이노베이션,153500.0,147360.0,True,FILLED,2026-09-11,147360.0,INTRADAY_LIMIT,2,141220.0,190340.0,CLOSED,,,2026-09-14,136700,STOP_LOSS,0.0,-7.233984799131377,False,-7.233984799131377,B_DIP4_KEEP_GTC_GAPFILL,KOSPI,-10.94462540716612,-3.5132252922724483
2026-09-10,078340,컴투스,34850.0,33456.0,True,FILLED,2026-09-16,33456.0,INTRADAY_LIMIT,4,32062.0,43214.0,OPEN,,,,,,100.0,10.294117647058831,False,0,B_DIP4_KEEP_GTC_GAPFILL,KOSDAQ,5.882352941176472,7.349567461645079
2026-09-10,425420,티에프이,58900.0,56544.0,True,FILLED,2026-09-11,56544.0,INTRADAY_LIMIT,1,54188.0,73036.0,CLOSED,,,2026-09-14,53300,STOP_LOSS_GAP,0.0,-5.737125070741367,False,-5.737125070741367,B_DIP4_KEEP_GTC_GAPFILL,KOSDAQ,-9.507640067911716,7.349567461645079
2026-09-10,004690,삼천리,138000.0,132480.0,True,FILLED,2026-09-16,132480.0,INTRADAY_LIMIT,4,126960.0,171120.0,OPEN,,,,,,100.0,-3.1551932367149704,False,0,B_DIP4_KEEP_GTC_GAPFILL,KOSPI,-7.028985507246377,-3.2701537691642857
2026-09-10,018670,SK가스,252000.0,241920.0,True,FILLED,2026-09-14,241920.0,INTRADAY_LIMIT,2,231840.0,312480.0,OPEN,,,,,,100.0,11.813822751322745,False,0,B_DIP4_KEEP_GTC_GAPFILL,KOSPI,7.341269841269837,-3.2701537691642857
2026-09-11,005090,SGC에너지,61200.0,58752.0,True,FILLED,2026-09-14,58752.0,INTRADAY_LIMIT,1,56304.0,75888.0,CLOSED,,,2026-09-15,55300,STOP_LOSS,0.0,-5.875544662309373,False,-5.875544662309373,B_DIP4_KEEP_GTC_GAPFILL,KOSPI,-9.640522875816993,-1.5341733828660553
2026-09-11,030210,다올투자증권,4050.0,3888.0,True,FILLED,2026-09-16,3888.0,INTRADAY_LIMIT,3,3726.0,5022.0,OPEN,,,,,,100.0,1.9804526748971263,False,0,B_DIP4_KEEP_GTC_GAPFILL,KOSPI,-2.0987654320987703,-1.5341733828660553
2026-09-11,294870,IPARK현대산업개발,24850.0,23856.0,True,FILLED,2026-09-16,23856.0,INTRADAY_LIMIT,3,22862.0,30814.0,CLOSED,,,2026-10-01,22650,STOP_LOSS,0.0,-5.0553319919517055,False,-5.0553319919517055,B_DIP4_KEEP_GTC_GAPFILL,KOSPI,-8.853118712273645,-1.5341733828660553
2026-09-14,068930,디지털대성,8850.0,8496.0,False,NOT_REACHED,,,,,,,,,,,,,,0.0,False,0.0,B_DIP4_KEEP_GTC_GAPFILL,KOSDAQ,3.9548022598870025,11.358593933985306
2026-09-14,377450,리파인,17160.0,16473.6,True,FILLED,2026-09-15,16473.6,INTRADAY_LIMIT,1,15787.2,21278.399999999998,CLOSED,,,2026-09-15,14250,STOP_LOSS,0.0,-13.49796037296036,False,-13.49796037296036,B_DIP4_KEEP_GTC_GAPFILL,KOSDAQ,-16.95804195804196,11.358593933985306
2026-09-14,094800,맵스리얼티,7420.0,7123.2,False,NOT_REACHED,,,,,,,,,,,,,,0.0,False,0.0,B_DIP4_KEEP_GTC_GAPFILL,KOSPI,1.0781671159029615,1.7882014310997008
2026-09-15,028100,동아지질,18690.0,17942.399999999998,False,NOT_REACHED,,,,,,,,,,,,,,0.0,False,0.0,B_DIP4_KEEP_GTC_GAPFILL,KOSPI,5.7784911717496,2.6653549128900833
2026-09-15,453340,현대그린푸드,19400.0,18624.0,True,FILLED,2026-09-18,18624.0,INTRADAY_LIMIT,3,17848.0,24056.0,OPEN,,,,,,100.0,1.9652061855670144,False,0,B_DIP4_KEEP_GTC_GAPFILL,KOSPI,-2.1134020618556737,2.6653549128900833
2026-09-16,219130,타이거일렉,74800.0,71808.0,True,FILLED,2026-09-17,71800,OPEN_BETTER_THAN_LIMIT,1,68816.0,92752.0,PARTIAL,2026-09-30,92752.0,,,,50.0,32.835654596100284,False,14.590529247910865,B_DIP4_KEEP_GTC_GAPFILL,KOSDAQ,27.508021390374328,10.104414323880473
2026-09-16,001120,LX인터내셔널,41650.0,39984.0,True,FILLED,2026-09-23,39984.0,INTRADAY_LIMIT,5,38318.0,51646.0,OPEN,,,,,,100.0,9.91896758703481,False,0,B_DIP4_KEEP_GTC_GAPFILL,KOSPI,5.522208883553414,1.2791066348911917
2026-09-18,045100,한양이엔지,32100.0,30816.0,False,NOT_REACHED,,,,,,,,,,,,,,0.0,False,0.0,B_DIP4_KEEP_GTC_GAPFILL,KOSDAQ,4.672897196261672,8.621481768062678
2026-09-18,013580,계룡건설,23500.0,22560.0,True,FILLED,2026-09-22,22560.0,INTRADAY_LIMIT,2,21620.0,29140.0,CLOSED,,,2026-10-01,21450,STOP_LOSS,0.0,-4.9202127659574435,False,-4.9202127659574435,B_DIP4_KEEP_GTC_GAPFILL,KOSPI,-8.723404255319146,-1.3102260876123983
2026-09-21,098120,마이크로컨텍솔,57600.0,55296.0,True,FILLED,2026-09-30,55296.0,INTRADAY_LIMIT,5,52992.0,71424.0,OPEN,,,,,,100.0,9.411168981481488,False,0,B_DIP4_KEEP_GTC_GAPFILL,KOSDAQ,5.034722222222232,7.433006086550997
2026-09-21,252990,샘씨엔에스,18090.0,17366.399999999998,True,FILLED,2026-09-22,17366.399999999998,INTRADAY_LIMIT,1,16642.8,22431.600000000002,OPEN,,,,,,100.0,9.69458264234384,False,0,B_DIP4_KEEP_GTC_GAPFILL,KOSDAQ,5.306799336650081,7.433006086550997
2026-09-21,000430,대원강업,5040.0,4838.4,True,FILLED,2026-09-23,4838.4,INTRADAY_LIMIT,2,4636.8,6249.599999999999,CLOSED,,,2026-09-29,4580,STOP_LOSS,0.0,-5.3406084656084545,False,-5.3406084656084545,B_DIP4_KEEP_GTC_GAPFILL,KOSPI,-9.126984126984128,-2.90850661841513
2026-09-21,003160,디아이,35400.0,33984.0,False,NOT_REACHED,,,,,,,,,,,,,,0.0,False,0.0,B_DIP4_KEEP_GTC_GAPFILL,KOSPI,20.6864406779661,-2.90850661841513
2026-09-21,029460,케이씨,44600.0,42816.0,True,FILLED,2026-09-22,42816.0,INTRADAY_LIMIT,1,41032.0,55304.0,OPEN,,,,,,100.0,10.355941704035864,False,0,B_DIP4_KEEP_GTC_GAPFILL,KOSPI,5.94170403587444,-2.90850661841513
2026-09-22,059090,미코,22600.0,21696.0,True,FILLED,2026-09-29,21500,OPEN_BETTER_THAN_LIMIT,3,20792.0,28024.0,OPEN,,,,,,100.0,6.279069767441858,False,0,B_DIP4_KEEP_GTC_GAPFILL,KOSDAQ,1.106194690265494,7.676358493731872
2026-09-22,095340,ISC,208000.0,199680.0,False,NOT_REACHED,,,,,,,,,,,,,,0.0,False,0.0,B_DIP4_KEEP_GTC_GAPFILL,KOSDAQ,-2.644230769230771,7.676358493731872
2026-09-22,222800,심텍,148100.0,142176.0,False,NOT_REACHED,,,,,,,,,,,,,,0.0,False,0.0,B_DIP4_KEEP_GTC_GAPFILL,KOSDAQ,15.057393652937211,7.676358493731872
2026-09-22,425420,티에프이,64400.0,61824.0,True,FILLED,2026-09-29,61824.0,INTRADAY_LIMIT,3,59248.0,79856.0,OPEN,,,,,,100.0,4.813664596273282,False,0,B_DIP4_KEEP_GTC_GAPFILL,KOSDAQ,0.6211180124223503,7.676358493731872
2026-09-22,003490,대한항공,31400.0,30144.0,False,NOT_REACHED,,,,,,,,,,,,,,0.0,False,0.0,B_DIP4_KEEP_GTC_GAPFILL,KOSPI,-1.7515923566879033,-3.0494833932039667
2026-09-22,020560,아시아나항공,8370.0,8035.2,False,NOT_REACHED,,,,,,,,,,,,,,0.0,False,0.0,B_DIP4_KEEP_GTC_GAPFILL,KOSPI,-1.5531660692950977,-3.0494833932039667
2026-09-23,017890,한국알콜,15390.0,14774.4,False,NOT_REACHED,,,,,,,,,,,,,,0.0,False,0.0,B_DIP4_KEEP_GTC_GAPFILL,KOSDAQ,4.483430799220267,6.388546798029537
2026-09-23,084370,유진테크,163600.0,157056.0,True,FILLED,2026-09-28,157056.0,INTRADAY_LIMIT,1,150512.0,202864.0,OPEN,,,,,,100.0,7.604930725346382,False,0,B_DIP4_KEEP_GTC_GAPFILL,KOSDAQ,3.3007334963325086,6.388546798029537
2026-09-23,114810,한솔아이원스,14770.0,14179.199999999999,False,NOT_REACHED,,,,,,,,,,,,,,0.0,False,0.0,B_DIP4_KEEP_GTC_GAPFILL,KOSDAQ,-0.9478672985781977,6.388546798029537
2026-09-23,417840,저스템,17080.0,16396.8,False,NOT_REACHED,,,,,,,,,,,,,,0.0,False,0.0,B_DIP4_KEEP_GTC_GAPFILL,KOSDAQ,10.070257611241207,6.388546798029537
2026-09-23,446540,메가터치,10900.0,10464.0,True,FILLED,2026-09-28,10464.0,INTRADAY_LIMIT,1,10028.0,13516.0,OPEN,,,,,,100.0,5.026758409785925,False,0,B_DIP4_KEEP_GTC_GAPFILL,KOSDAQ,0.8256880733944927,6.388546798029537
2026-09-23,006120,SK디스커버리,60300.0,57888.0,False,NOT_REACHED,,,,,,,,,,,,,,0.0,False,0.0,B_DIP4_KEEP_GTC_GAPFILL,KOSPI,19.237147595356554,-3.91220349898036
2026-09-23,010955,S-Oil우,84000.0,80640.0,True,FILLED,2026-10-01,80640.0,INTRADAY_LIMIT,4,77280.0,104160.0,OPEN,,,,,,100.0,11.979166666666675,False,0,B_DIP4_KEEP_GTC_GAPFILL,KOSPI,7.499999999999996,-3.91220349898036
2026-09-28,009240,한샘,40750.0,39120.0,True,FILLED,2026-09-30,39120.0,INTRADAY_LIMIT,2,37490.0,50530.0,OPEN,,,,,,100.0,3.527607361963181,False,0,B_DIP4_KEEP_GTC_GAPFILL,KOSPI,-0.6134969325153339,-1.245910585885679
2026-09-28,025000,KPX케미칼,57700.0,55392.0,False,NOT_REACHED,,,,,,,,,,,,,,0.0,False,0.0,B_DIP4_KEEP_GTC_GAPFILL,KOSPI,1.559792027729645,-1.245910585885679
2026-09-28,284740,쿠쿠홈시스,24300.0,23328.0,False,NOT_REACHED,,,,,,,,,,,,,,0.0,False,0.0,B_DIP4_KEEP_GTC_GAPFILL,KOSPI,2.4691358024691468,-1.245910585885679
2026-09-29,031980,피에스케이홀딩스,180800.0,173568.0,False,NOT_REACHED,,,,,,,,,,,,,,0.0,False,0.0,B_DIP4_KEEP_GTC_GAPFILL,KOSDAQ,12.831858407079654,5.72252294657567
2026-09-29,064760,티씨케이,300000.0,288000.0,True,FILLED,2026-10-06,288000.0,INTRADAY_LIMIT,4,276000.0,372000.0,OPEN,,,,,,100.0,-1.041666666666663,False,0,B_DIP4_KEEP_GTC_GAPFILL,KOSDAQ,-5.000000000000004,5.72252294657567
2026-09-29,101160,월덱스,32250.0,30960.0,False,NOT_REACHED,,,,,,,,,,,,,,0.0,False,0.0,B_DIP4_KEEP_GTC_GAPFILL,KOSDAQ,-0.15503875968991832,5.72252294657567
2026-09-29,219130,타이거일렉,91000.0,87360.0,False,NOT_REACHED,,,,,,,,,,,,,,0.0,False,0.0,B_DIP4_KEEP_GTC_GAPFILL,KOSDAQ,7.692307692307687,5.72252294657567
2026-09-29,252990,샘씨엔에스,19950.0,19152.0,True,FILLED,2026-10-06,19152.0,INTRADAY_LIMIT,4,18354.0,24738.0,OPEN,,,,,,100.0,-0.5325814536340845,False,0,B_DIP4_KEEP_GTC_GAPFILL,KOSDAQ,-4.511278195488721,5.72252294657567
2026-09-29,029460,케이씨,46250.0,44400.0,True,FILLED,2026-09-30,44400.0,INTRADAY_LIMIT,1,42550.0,57350.0,OPEN,,,,,,100.0,6.4189189189189255,False,0,B_DIP4_KEEP_GTC_GAPFILL,KOSPI,2.1621621621621623,-0.9738298686763347
2026-09-30,036930,주성엔지니어링,232500.0,223200.0,False,NOT_REACHED,,,,,,,,,,,,,,0.0,False,0.0,B_DIP4_KEEP_GTC_GAPFILL,KOSDAQ,6.451612903225801,4.967812036312225
2026-09-30,059090,미코,23200.0,22272.0,False,NOT_REACHED,,,,,,,,,,,,,,0.0,False,0.0,B_DIP4_KEEP_GTC_GAPFILL,KOSDAQ,-1.5086206896551713,4.967812036312225
2026-09-30,078350,한양디지텍,31950.0,30672.0,False,NOT_REACHED,,,,,,,,,,,,,,0.0,False,0.0,B_DIP4_KEEP_GTC_GAPFILL,KOSDAQ,13.928012519561817,4.967812036312225
2026-09-30,122640,예스티,33600.0,32256.0,True,FILLED,2026-10-07,32256.0,INTRADAY_LIMIT,4,30912.0,41664.0,OPEN,,,,,,100.0,-1.4136904761904767,False,0,B_DIP4_KEEP_GTC_GAPFILL,KOSDAQ,-5.35714285714286,4.967812036312225
2026-09-30,001120,LX인터내셔널,43300.0,41568.0,False,NOT_REACHED,,,,,,,,,,,,,,0.0,False,0.0,B_DIP4_KEEP_GTC_GAPFILL,KOSPI,1.501154734411081,-0.4992658715070486
2026-09-30,020000,한섬,21000.0,20160.0,False,NOT_REACHED,,,,,,,,,,,,,,0.0,False,0.0,B_DIP4_KEEP_GTC_GAPFILL,KOSPI,3.3333333333333437,-0.4992658715070486
2026-09-30,306200,세아제강,153200.0,147072.0,True,FILLED,2026-10-02,147072.0,INTRADAY_LIMIT,2,140944.0,189968.0,OPEN,,,,,,100.0,0.9709530026109636,False,0,B_DIP4_KEEP_GTC_GAPFILL,KOSPI,-3.067885117493474,-0.4992658715070486
2026-10-02,005160,동국산업,3970.0,3811.2,False,NOT_REACHED,,,,,,,,,,,,,,0.0,False,0.0,B_DIP4_KEEP_GTC_GAPFILL,KOSDAQ,-3.0226700251889116,0.5754010455730985
2026-10-02,036710,심텍홀딩스,4960.0,4761.599999999999,False,NOT_REACHED,,,,,,,,,,,,,,0.0,False,0.0,B_DIP4_KEEP_GTC_GAPFILL,KOSDAQ,2.4193548387096753,0.5754010455730985
2026-10-02,064290,인텍플러스,59100.0,56736.0,False,NOT_REACHED,,,,,,,,,,,,,,0.0,False,0.0,B_DIP4_KEEP_GTC_GAPFILL,KOSDAQ,-1.0152284263959421,0.5754010455730985
2026-10-06,031980,피에스케이홀딩스,197000.0,189120.0,True,FILLED,2026-10-07,189120.0,INTRADAY_LIMIT,1,181240.0,244280.0,OPEN,,,,,,100.0,7.868020304568524,False,0,B_DIP4_KEEP_GTC_GAPFILL,KOSDAQ,3.5532994923857864,-2.33607270197409
2026-10-06,091580,상신이디피,24850.0,23856.0,False,NOT_REACHED,,,,,,,,,,,,,,0.0,False,0.0,B_DIP4_KEEP_GTC_GAPFILL,KOSDAQ,-1.2072434607645843,-2.33607270197409
2026-10-06,236200,슈프리마,60400.0,57984.0,True,FILLED,2026-10-07,57984.0,INTRADAY_LIMIT,1,55568.0,74896.0,CLOSED,,,2026-10-07,54800,STOP_LOSS,0.0,-5.491169977924947,False,-5.491169977924947,B_DIP4_KEEP_GTC_GAPFILL,KOSDAQ,-9.27152317880795,-2.33607270197409
2026-10-06,006400,삼성SDI,575000.0,552000.0,False,NOT_REACHED,,,,,,,,,,,,,,0.0,False,0.0,B_DIP4_KEEP_GTC_GAPFILL,KOSPI,-2.260869565217394,-1.980727203053001
2026-10-06,007660,이수페타시스,131900.0,126624.0,True,FILLED,2026-10-07,126624.0,INTRADAY_LIMIT,1,121348.0,163556.0,OPEN,,,,,,100.0,-3.6517563810967935,False,0,B_DIP4_KEEP_GTC_GAPFILL,KOSPI,-7.505686125852917,-1.980727203053001
2026-10-06,192820,코스맥스,298000.0,286080.0,False,NOT_REACHED,,,,,,,,,,,,,,0.0,False,0.0,B_DIP4_KEEP_GTC_GAPFILL,KOSPI,3.523489932885915,-1.980727203053001
2026-10-06,226320,잇츠한불,11260.0,10809.6,False,NOT_REACHED,,,,,,,,,,,,,,0.0,False,0.0,B_DIP4_KEEP_GTC_GAPFILL,KOSPI,4.440497335701599,-1.980727203053001
2026-10-06,373220,LG에너지솔루션,390000.0,374400.0,False,NOT_REACHED,,,,,,,,,,,,,,0.0,False,0.0,B_DIP4_KEEP_GTC_GAPFILL,KOSPI,0.2564102564102555,-1.980727203053001
2026-10-07,041960,코미팜,11000.0,10560.0,False,NO_FUTURE_BAR,,,,,,,,,,,,,,0.0,False,0.0,B_DIP4_KEEP_GTC_GAPFILL,KOSDAQ,0.0,0.0
2026-10-07,131290,티에스이,316000.0,303360.0,False,NO_FUTURE_BAR,,,,,,,,,,,,,,0.0,False,0.0,B_DIP4_KEEP_GTC_GAPFILL,KOSDAQ,0.0,0.0
2026-10-07,219130,타이거일렉,98000.0,94080.0,False,NO_FUTURE_BAR,,,,,,,,,,,,,,0.0,False,0.0,B_DIP4_KEEP_GTC_GAPFILL,KOSDAQ,0.0,0.0
2026-10-07,002320,한진,16860.0,16185.599999999999,False,NO_FUTURE_BAR,,,,,,,,,,,,,,0.0,False,0.0,B_DIP4_KEEP_GTC_GAPFILL,KOSPI,0.0,0.0
2026-10-07,002960,한국쉘석유,541000.0,519360.0,False,NO_FUTURE_BAR,,,,,,,,,,,,,,0.0,False,0.0,B_DIP4_KEEP_GTC_GAPFILL,KOSPI,0.0,0.0
2026-10-07,008930,한미사이언스,58100.0,55776.0,False,NO_FUTURE_BAR,,,,,,,,,,,,,,0.0,False,0.0,B_DIP4_KEEP_GTC_GAPFILL,KOSPI,0.0,0.0
2026-10-07,078520,에이블씨엔씨,11880.0,11404.8,False,NO_FUTURE_BAR,,,,,,,,,,,,,,0.0,False,0.0,B_DIP4_KEEP_GTC_GAPFILL,KOSPI,0.0,0.0
2026-10-07,383220,F&F,74100.0,71136.0,False,NO_FUTURE_BAR,,,,,,,,,,,,,,0.0,False,0.0,B_DIP4_KEEP_GTC_GAPFILL,KOSPI,0.0,0.0
