ticker,name,strategic_sector,wi26_code,wi26_name,source,note,classification_date
000020,동화약품,제약바이오,WI410,건강관리,WI26,,20261008
000050,경방,소비재,WI310,"화장품,의류",WI26,,20261008
000070,삼양홀딩스,소재,WI110,화학,WI26,,20261008
000080,하이트진로,소비재,WI400,필수소비재,WI26,,20261008
000100,유한양행,제약바이오,WI410,건강관리,WI26,,20261008
000120,CJ대한통운,운송,WI260,운송,WI26,,20261008
000140,하이트진로홀딩스,소비재,WI400,필수소비재,WI26,,20261008
000150,두산,산업재,WI250,"상사,자본재",WI26,,20261008
000180,성창기업지주,소재,WI200,비철금속,WI26,,20261008
0001A0,덕양에너젠,에너지,WI100,에너지,WI26,,20261008
000210,DL,소재,WI110,화학,WI26,,20261008
000220,유유제약,제약바이오,WI410,건강관리,WI26,,20261008
000230,일동홀딩스,제약바이오,WI410,건강관리,WI26,,20261008
000240,한국앤컴퍼니,자동차,WI300,자동차,WI26,,20261008
000250,삼천당제약,제약바이오,WI410,건강관리,WI26,,20261008
000270,기아,자동차,WI300,자동차,WI26,,20261008
000300,DH오토넥스,자동차,WI300,자동차,WI26,,20261008
000320,노루홀딩스,건설,WI220,건설,WI26,,20261008
000370,한화손해보험,금융,WI520,보험,WI26,,20261008
000390,SP삼화,건설,WI220,건설,WI26,,20261008
000400,롯데손해보험,금융,WI520,보험,WI26,,20261008
000430,대원강업,자동차,WI300,자동차,WI26,,20261008
000440,중앙에너비스,에너지,WI100,에너지,WI26,,20261008
000480,CR홀딩스,소재,WI200,비철금속,WI26,,20261008
000490,대동,산업재,WI230,기계,WI26,,20261008
0004V0,엔비알모션,산업재,WI230,기계,WI26,,20261008
000500,가온전선,산업재,WI230,기계,WI26,,20261008
000520,삼일제약,제약바이오,WI410,건강관리,WI26,,20261008
000540,흥국화재,금융,WI520,보험,WI26,,20261008
000590,CS홀딩스,소재,WI210,철강,WI26,,20261008
000640,동아쏘시오홀딩스,제약바이오,WI410,건강관리,WI26,,20261008
000650,천일고속,운송,WI260,운송,WI26,,20261008
000660,SK하이닉스,반도체소부장,WI620,반도체,WI26,,20261008
000670,영풍,IT하드웨어,WI610,IT하드웨어,WI26,,20261008
000680,LS네트웍스,금융,WI510,증권,WI26,,20261008
000700,유수홀딩스,운송,WI260,운송,WI26,,20261008
000720,현대건설,건설,WI220,건설,WI26,,20261008
000760,이화산업,소재,WI110,화학,WI26,,20261008
0007C0,아크릴,IT서비스,WI600,소프트웨어,WI26,,20261008
0007J0,인벤테라,제약바이오,WI410,건강관리,WI26,,20261008
000810,삼성화재,금융,WI520,보험,WI26,,20261008
000850,화천기공,산업재,WI230,기계,WI26,,20261008
000860,강남제비스코,건설,WI220,건설,WI26,,20261008
000880,한화,산업재,WI250,"상사,자본재",WI26,,20261008
000890,보해양조,소비재,WI400,필수소비재,WI26,,20261008
0008Z0,에스엔시스,조선,WI240,조선,WI26,,20261008
000910,유니온,건설,WI220,건설,WI26,,20261008
000950,전방,소비재,WI310,"화장품,의류",WI26,,20261008
000970,한국주철관,소재,WI210,철강,WI26,,20261008
000990,DB하이텍,반도체소부장,WI620,반도체,WI26,,20261008
0009K0,에임드바이오,제약바이오,WI410,건강관리,WI26,,20261008
001020,페이퍼코리아,소재,WI200,비철금속,WI26,,20261008
001040,CJ,산업재,WI250,"상사,자본재",WI26,,20261008
001060,JW중외제약,제약바이오,WI410,건강관리,WI26,,20261008
001070,대한방직,소비재,WI310,"화장품,의류",WI26,,20261008
001080,만호제강,소재,WI210,철강,WI26,,20261008
0010F0,보원케미칼,소재,WI110,화학,WI26,,20261008
0010S0,와이즈플래닛컴퍼니,소비재,WI400,필수소비재,WI26,,20261008
0010V0,제이피아이헬스케어,제약바이오,WI410,건강관리,WI26,,20261008
001120,LX인터내셔널,산업재,WI250,"상사,자본재",WI26,,20261008
001130,대한제분,소비재,WI400,필수소비재,WI26,,20261008
0011A0,액스비스,IT하드웨어,WI610,IT하드웨어,WI26,,20261008
0011T0,채비,IT가전,WI630,IT가전,WI26,,20261008
001200,유진투자증권,금융,WI510,증권,WI26,,20261008
001210,금호전기,디스플레이,WI640,디스플레이,WI26,,20261008
001230,동국홀딩스,소재,WI210,철강,WI26,,20261008
001250,GS글로벌,산업재,WI250,"상사,자본재",WI26,,20261008
001260,남광토건,건설,WI220,건설,WI26,,20261008
001270,부국증권,금융,WI510,증권,WI26,,20261008
001290,상상인증권,금융,WI510,증권,WI26,,20261008
001340,PKC,소재,WI110,화학,WI26,,20261008
001360,삼성제약,제약바이오,WI410,건강관리,WI26,,20261008
001380,SG글로벌,자동차,WI300,자동차,WI26,,20261008
001390,KG케미칼,자동차,WI300,자동차,WI26,,20261008
0013V0,삼진식품,소비재,WI400,필수소비재,WI26,,20261008
001430,세아베스틸지주,소재,WI210,철강,WI26,,20261008
001440,대한전선,산업재,WI230,기계,WI26,,20261008
001450,현대해상,금융,WI520,보험,WI26,,20261008
001460,BYC,소비재,WI310,"화장품,의류",WI26,,20261008
001500,현대차증권,금융,WI510,증권,WI26,,20261008
001510,SK증권,금융,WI510,증권,WI26,,20261008
001520,동양,건설,WI220,건설,WI26,,20261008
001530,DI동일,소비재,WI310,"화장품,의류",WI26,,20261008
001540,안국약품,제약바이오,WI410,건강관리,WI26,,20261008
001550,조비,소재,WI110,화학,WI26,,20261008
001560,제일연마,소재,WI200,비철금속,WI26,,20261008
0015G0,그린광학,산업재,WI250,"상사,자본재",WI26,,20261008
0015N0,아로마티카,소비재,WI310,"화장품,의류",WI26,,20261008
0015S0,페스카로,자동차,WI300,자동차,WI26,,20261008
001620,케이비아이동국실업,자동차,WI300,자동차,WI26,,20261008
001630,종근당홀딩스,제약바이오,WI410,건강관리,WI26,,20261008
001680,대상,소비재,WI400,필수소비재,WI26,,20261008
001720,신영증권,금융,WI510,증권,WI26,,20261008
001740,SK네트웍스,산업재,WI250,"상사,자본재",WI26,,20261008
001750,한양증권,금융,WI510,증권,WI26,,20261008
001780,알루코,소재,WI200,비철금속,WI26,,20261008
001790,대한제당,소비재,WI400,필수소비재,WI26,,20261008
0017J0,세미티에스,반도체소부장,WI620,반도체,WI26,,20261008
001800,오리온홀딩스,소비재,WI400,필수소비재,WI26,,20261008
001810,무림SP,소재,WI200,비철금속,WI26,,20261008
001820,삼화콘덴서,IT가전,WI630,IT가전,WI26,,20261008
001940,KISCO홀딩스,소재,WI210,철강,WI26,,20261008
002020,코오롱,산업재,WI250,"상사,자본재",WI26,,20261008
002030,아세아,건설,WI220,건설,WI26,,20261008
002100,경농,소재,WI110,화학,WI26,,20261008
002140,고려산업,소비재,WI400,필수소비재,WI26,,20261008
002150,도화엔지니어링,건설,WI220,건설,WI26,,20261008
002170,SYTS,소비재,WI310,"화장품,의류",WI26,,20261008
002200,한국수출포장,소재,WI200,비철금속,WI26,,20261008
002210,동성제약,제약바이오,WI410,건강관리,WI26,,20261008
002220,한일철강,소재,WI210,철강,WI26,,20261008
002230,피에스텍,IT가전,WI630,IT가전,WI26,,20261008
002240,고려제강,소재,WI210,철강,WI26,,20261008
002290,삼일기업공사,건설,WI220,건설,WI26,,20261008
002310,아세아제지,소재,WI200,비철금속,WI26,,20261008
002320,한진,운송,WI260,운송,WI26,,20261008
002350,넥센타이어,자동차,WI300,자동차,WI26,,20261008
002380,KCC,건설,WI220,건설,WI26,,20261008
002390,한독,제약바이오,WI410,건강관리,WI26,,20261008
002420,우양피앤엘,에너지,WI100,에너지,WI26,,20261008
002450,삼익악기,소비재,WI310,"화장품,의류",WI26,,20261008
002460,HS화성,건설,WI220,건설,WI26,,20261008
002600,조흥,소비재,WI400,필수소비재,WI26,,20261008
002620,제일파마홀딩스,제약바이오,WI410,건강관리,WI26,,20261008
002630,오리엔트바이오,제약바이오,WI410,건강관리,WI26,,20261008
002690,동일제강,소재,WI210,철강,WI26,,20261008
002700,신일전자,소비재,WI310,"화장품,의류",WI26,,20261008
002710,TCC스틸,소재,WI210,철강,WI26,,20261008
002720,국제약품,제약바이오,WI410,건강관리,WI26,,20261008
002760,보락,소비재,WI400,필수소비재,WI26,,20261008
002780,진흥기업,건설,WI220,건설,WI26,,20261008
002790,아모레퍼시픽홀딩스,소비재,WI310,"화장품,의류",WI26,,20261008
002800,신신제약,제약바이오,WI410,건강관리,WI26,,20261008
002810,삼영무역,소재,WI110,화학,WI26,,20261008
002840,미원상사,소재,WI110,화학,WI26,,20261008
002870,신풍,소재,WI200,비철금속,WI26,,20261008
002880,디와이에이,자동차,WI300,자동차,WI26,,20261008
002900,TYM,산업재,WI230,기계,WI26,,20261008
002920,유성기업,자동차,WI300,자동차,WI26,,20261008
002960,한국쉘석유,소재,WI110,화학,WI26,,20261008
002990,금호건설,건설,WI220,건설,WI26,,20261008
003000,부광약품,제약바이오,WI410,건강관리,WI26,,20261008
003010,혜인,산업재,WI230,기계,WI26,,20261008
003030,세아제강지주,소재,WI210,철강,WI26,,20261008
003060,에이프로젠바이오로직스,제약바이오,WI410,건강관리,WI26,,20261008
003070,코오롱글로벌,건설,WI220,건설,WI26,,20261008
003080,SB성보,소재,WI110,화학,WI26,,20261008
003090,대웅,제약바이오,WI410,건강관리,WI26,,20261008
003100,선광,운송,WI260,운송,WI26,,20261008
003120,일성아이에스,제약바이오,WI410,건강관리,WI26,,20261008
003160,디아이,반도체소부장,WI620,반도체,WI26,,20261008
003200,일신방직,소비재,WI310,"화장품,의류",WI26,,20261008
003220,대원제약,제약바이오,WI410,건강관리,WI26,,20261008
003230,삼양식품,소비재,WI400,필수소비재,WI26,,20261008
003240,태광산업,소재,WI110,화학,WI26,,20261008
003280,흥아해운,운송,WI260,운송,WI26,,20261008
003300,한일홀딩스,건설,WI220,건설,WI26,,20261008
003310,대주산업,소비재,WI400,필수소비재,WI26,,20261008
003350,한국화장품제조,소비재,WI310,"화장품,의류",WI26,,20261008
003380,하림지주,소비재,WI400,필수소비재,WI26,,20261008
003460,유화증권,금융,WI510,증권,WI26,,20261008
003470,유안타증권,금융,WI510,증권,WI26,,20261008
003480,한진중공업홀딩스,유틸리티,WI800,유틸리티,WI26,,20261008
003490,대한항공,운송,WI260,운송,WI26,,20261008
003520,영진약품,제약바이오,WI410,건강관리,WI26,,20261008
003530,한화투자증권,금융,WI510,증권,WI26,,20261008
003540,대신증권,금융,WI510,증권,WI26,,20261008
003550,LG,산업재,WI250,"상사,자본재",WI26,,20261008
003570,SNT다이내믹스,자동차,WI300,자동차,WI26,,20261008
003580,HLB글로벌,소비재,WI340,소매(유통),WI26,,20261008
0035S0,빅웨이브로보틱스,IT서비스,WI600,소프트웨어,WI26,,20261008
003610,방림,소비재,WI310,"화장품,의류",WI26,,20261008
003620,KG모빌리티,자동차,WI300,자동차,WI26,,20261008
003650,미창석유,소재,WI110,화학,WI26,,20261008
003670,포스코퓨처엠,이차전지,WI110,화학,MANUAL_OVERRIDE,양극재/음극재,20261008
003680,한성기업,소비재,WI400,필수소비재,WI26,,20261008
003690,코리안리,금융,WI520,보험,WI26,,20261008
003720,삼영,소재,WI110,화학,WI26,,20261008
003780,진양산업,소재,WI110,화학,WI26,,20261008
003800,에이스침대,건설,WI220,건설,WI26,,20261008
003830,대한화섬,소재,WI110,화학,WI26,,20261008
003850,보령,제약바이오,WI410,건강관리,WI26,,20261008
003920,남양유업,소비재,WI400,필수소비재,WI26,,20261008
003960,사조대림,소비재,WI400,필수소비재,WI26,,20261008
0039P0,매드업,미디어,WI330,"미디어,교육",WI26,,20261008
004000,롯데정밀화학,소재,WI110,화학,WI26,,20261008
004020,현대제철,소재,WI210,철강,WI26,,20261008
004060,SG세계물산,소비재,WI310,"화장품,의류",WI26,,20261008
004080,신흥,제약바이오,WI410,건강관리,WI26,,20261008
004090,한국석유,소재,WI110,화학,WI26,,20261008
004100,태양금속,자동차,WI300,자동차,WI26,,20261008
004140,동방,운송,WI260,운송,WI26,,20261008
004150,한솔홀딩스,산업재,WI250,"상사,자본재",WI26,,20261008
004170,신세계,소비재,WI340,소매(유통),WI26,,20261008
004250,NPC,소재,WI200,비철금속,WI26,,20261008
004310,현대약품,제약바이오,WI410,건강관리,WI26,,20261008
004360,세방,운송,WI260,운송,WI26,,20261008
004370,농심,소비재,WI400,필수소비재,WI26,,20261008
004380,삼익THK,산업재,WI230,기계,WI26,,20261008
004410,서울식품,소비재,WI400,필수소비재,WI26,,20261008
004430,송원산업,소재,WI110,화학,WI26,,20261008
004440,삼일씨엔에스,건설,WI220,건설,WI26,,20261008
004450,삼화왕관,소재,WI200,비철금속,WI26,,20261008
004490,세방전지,자동차,WI300,자동차,WI26,,20261008
004540,깨끗한나라,소재,WI200,비철금속,WI26,,20261008
004560,현대비앤지스틸,소재,WI200,비철금속,WI26,,20261008
004590,한국가구,소비재,WI400,필수소비재,WI26,,20261008
004650,창해에탄올,소비재,WI400,필수소비재,WI26,,20261008
004690,삼천리,유틸리티,WI800,유틸리티,WI26,,20261008
004700,조광피혁,소비재,WI310,"화장품,의류",WI26,,20261008
004710,한솔테크닉스,IT하드웨어,WI610,IT하드웨어,WI26,,20261008
004720,팜젠사이언스,제약바이오,WI410,건강관리,WI26,,20261008
004770,써니전자,IT하드웨어,WI610,IT하드웨어,WI26,,20261008
004780,대륙제관,소재,WI200,비철금속,WI26,,20261008
004800,효성,산업재,WI250,"상사,자본재",WI26,,20261008
004830,덕성,소비재,WI310,"화장품,의류",WI26,,20261008
004840,DRB동일,소재,WI110,화학,WI26,,20261008
004890,동일산업,소재,WI210,철강,WI26,,20261008
004910,조광페인트,건설,WI220,건설,WI26,,20261008
004920,씨아이테크,IT하드웨어,WI610,IT하드웨어,WI26,,20261008
004960,한신공영,건설,WI220,건설,WI26,,20261008
004970,신라교역,소비재,WI400,필수소비재,WI26,,20261008
004980,성신양회,건설,WI220,건설,WI26,,20261008
004990,롯데지주,산업재,WI250,"상사,자본재",WI26,,20261008
005010,휴스틸,소재,WI210,철강,WI26,,20261008
005070,코스모신소재,이차전지,WI110,화학,MANUAL_OVERRIDE,양극재,20261008
005090,SGC에너지,에너지,WI100,에너지,WI26,,20261008
005160,동국산업,소재,WI210,철강,WI26,,20261008
005180,빙그레,소비재,WI400,필수소비재,WI26,,20261008
005250,녹십자홀딩스,제약바이오,WI410,건강관리,WI26,,20261008
005290,동진쎄미켐,반도체소부장,WI620,반도체,WI26,,20261008
005300,롯데칠성,소비재,WI400,필수소비재,WI26,,20261008
005380,현대차,자동차,WI300,자동차,WI26,,20261008
005420,코스모화학,소재,WI110,화학,WI26,,20261008
005430,한국공항,운송,WI260,운송,WI26,,20261008
005440,현대지에프홀딩스,산업재,WI250,"상사,자본재",WI26,,20261008
005490,POSCO홀딩스,소재,WI210,철강,WI26,,20261008
005500,삼진제약,제약바이오,WI410,건강관리,WI26,,20261008
005610,삼립,소비재,WI400,필수소비재,WI26,,20261008
005670,푸드웰,소비재,WI400,필수소비재,WI26,,20261008
005680,삼영전자,IT가전,WI630,IT가전,WI26,,20261008
005690,파미셀,소재,WI110,화학,WI26,,20261008
005710,대원산업,자동차,WI300,자동차,WI26,,20261008
005720,넥센,자동차,WI300,자동차,WI26,,20261008
005740,크라운해태홀딩스,소비재,WI400,필수소비재,WI26,,20261008
005750,대림바스,건설,WI220,건설,WI26,,20261008
005800,신영와코루,소비재,WI310,"화장품,의류",WI26,,20261008
005810,풍산홀딩스,소재,WI200,비철금속,WI26,,20261008
005820,원림,소재,WI200,비철금속,WI26,,20261008
005830,DB손해보험,금융,WI520,보험,WI26,,20261008
005850,에스엘,자동차,WI300,자동차,WI26,,20261008
005860,한일사료,소비재,WI400,필수소비재,WI26,,20261008
005870,휴니드,산업재,WI250,"상사,자본재",WI26,,20261008
005880,대한해운,운송,WI260,운송,WI26,,20261008
005930,삼성전자,반도체소부장,WI620,반도체,WI26,,20261008
005940,NH투자증권,금융,WI510,증권,WI26,,20261008
005950,이수화학,소재,WI110,화학,WI26,,20261008
005960,동부건설,건설,WI220,건설,WI26,,20261008
005990,매일홀딩스,소비재,WI400,필수소비재,WI26,,20261008
006040,동원산업,소비재,WI400,필수소비재,WI26,,20261008
006060,화승인더,소비재,WI310,"화장품,의류",WI26,,20261008
006090,사조오양,소비재,WI400,필수소비재,WI26,,20261008
006110,삼아알미늄,소재,WI200,비철금속,WI26,,20261008
006120,SK디스커버리,에너지,WI100,에너지,WI26,,20261008
006140,피제이전자,제약바이오,WI410,건강관리,WI26,,20261008
006220,제주은행,금융,WI500,은행,WI26,,20261008
006260,LS,산업재,WI230,기계,WI26,,20261008
006280,녹십자,제약바이오,WI410,건강관리,WI26,,20261008
006340,대원전선,산업재,WI230,기계,WI26,,20261008
006360,GS건설,건설,WI220,건설,WI26,,20261008
006370,대구백화점,소비재,WI340,소매(유통),WI26,,20261008
006400,삼성SDI,이차전지,WI630,IT가전,MANUAL_OVERRIDE,배터리 셀,20261008
006570,대림통상,건설,WI220,건설,WI26,,20261008
006620,동구바이오제약,제약바이오,WI410,건강관리,WI26,,20261008
006650,대한유화,소재,WI110,화학,WI26,,20261008
006660,삼성공조,자동차,WI300,자동차,WI26,,20261008
006730,서부T&D,소비재,WI320,"호텔,레저",WI26,,20261008
006740,블루산업개발,소재,WI200,비철금속,WI26,,20261008
006800,미래에셋증권,금융,WI510,증권,WI26,,20261008
006840,AK홀딩스,소재,WI110,화학,WI26,,20261008
006880,신송홀딩스,소비재,WI400,필수소비재,WI26,,20261008
006890,태경케미컬,소재,WI110,화학,WI26,,20261008
006910,보성파워텍,산업재,WI230,기계,WI26,,20261008
006920,모헨즈,건설,WI220,건설,WI26,,20261008
006980,우성,소비재,WI400,필수소비재,WI26,,20261008
007070,GS리테일,소비재,WI340,소매(유통),WI26,,20261008
007120,미래아이앤지,IT서비스,WI600,소프트웨어,WI26,,20261008
007160,사조산업,소비재,WI400,필수소비재,WI26,,20261008
007210,벽산,건설,WI220,건설,WI26,,20261008
007280,한국특강,소재,WI210,철강,WI26,,20261008
007310,오뚜기,소비재,WI400,필수소비재,WI26,,20261008
007330,푸른저축은행,금융,WI500,은행,WI26,,20261008
007340,DN오토모티브,자동차,WI300,자동차,WI26,,20261008
007370,진양제약,제약바이오,WI410,건강관리,WI26,,20261008
007390,네이처셀,제약바이오,WI410,건강관리,WI26,,20261008
007460,에이프로젠,제약바이오,WI410,건강관리,WI26,,20261008
007530,와이엠,자동차,WI300,자동차,WI26,,20261008
007540,샘표,소비재,WI400,필수소비재,WI26,,20261008
007570,일양약품,제약바이오,WI410,건강관리,WI26,,20261008
007590,동방아그로,소재,WI110,화학,WI26,,20261008
007610,선도전기,산업재,WI230,기계,WI26,,20261008
007660,이수페타시스,반도체소부장,WI620,반도체,WI26,,20261008
007680,대원,건설,WI220,건설,WI26,,20261008
007690,국도화학,소재,WI110,화학,WI26,,20261008
007700,F&F홀딩스,소비재,WI310,"화장품,의류",WI26,,20261008
007720,소노스퀘어,소비재,WI340,소매(유통),WI26,,20261008
007770,한일화학,소재,WI110,화학,WI26,,20261008
007810,코리아써키트,IT하드웨어,WI610,IT하드웨어,WI26,,20261008
007820,엠엑스로보틱스,산업재,WI230,기계,WI26,,20261008
007860,서연,자동차,WI300,자동차,WI26,,20261008
007980,TP,소비재,WI310,"화장품,의류",WI26,,20261008
008040,사조동아원,소비재,WI400,필수소비재,WI26,,20261008
008060,대덕,IT하드웨어,WI610,IT하드웨어,WI26,,20261008
008250,이건산업,건설,WI220,건설,WI26,,20261008
008260,NI스틸,건설,WI220,건설,WI26,,20261008
0082N0,카나프테라퓨틱스,제약바이오,WI410,건강관리,WI26,,20261008
008350,남선알미늄,소재,WI200,비철금속,WI26,,20261008
008370,원풍,소재,WI110,화학,WI26,,20261008
008420,문배철강,소재,WI210,철강,WI26,,20261008
008470,부스타,산업재,WI230,기계,WI26,,20261008
008490,서흥,제약바이오,WI410,건강관리,WI26,,20261008
008700,아남전자,IT가전,WI630,IT가전,WI26,,20261008
008730,율촌화학,소재,WI200,비철금속,WI26,,20261008
008770,호텔신라,소비재,WI340,소매(유통),WI26,,20261008
008830,대동기어,산업재,WI230,기계,WI26,,20261008
008870,금비,소재,WI200,비철금속,WI26,,20261008
0088M0,메쥬,제약바이오,WI410,건강관리,WI26,,20261008
008930,한미사이언스,제약바이오,WI410,건강관리,WI26,,20261008
008970,KBI동양철관,소재,WI210,철강,WI26,,20261008
009070,KCTC,운송,WI260,운송,WI26,,20261008
009140,케이아이이,IT가전,WI630,IT가전,WI26,,20261008
009150,삼성전기,IT하드웨어,WI610,IT하드웨어,WI26,,20261008
009160,SIMPAC,소재,WI200,비철금속,WI26,,20261008
009180,한솔로지스틱스,운송,WI260,운송,WI26,,20261008
009190,대양금속,소재,WI210,철강,WI26,,20261008
009200,무림페이퍼,소재,WI200,비철금속,WI26,,20261008
009240,한샘,건설,WI220,건설,WI26,,20261008
009270,신원,소비재,WI310,"화장품,의류",WI26,,20261008
009290,광동제약,제약바이오,WI410,건강관리,WI26,,20261008
009300,삼아제약,제약바이오,WI410,건강관리,WI26,,20261008
009310,참엔지니어링,디스플레이,WI640,디스플레이,WI26,,20261008
009320,아진전자부품,자동차,WI300,자동차,WI26,,20261008
009410,태영건설,건설,WI220,건설,WI26,,20261008
009420,한올바이오파마,제약바이오,WI410,건강관리,WI26,,20261008
009450,경동나비엔,소비재,WI310,"화장품,의류",WI26,,20261008
009460,한창제지,소재,WI200,비철금속,WI26,,20261008
009470,삼화전기,IT가전,WI630,IT가전,WI26,,20261008
009520,포스코엠텍,소재,WI210,철강,WI26,,20261008
009540,HD한국조선해양,조선,WI240,조선,WI26,,20261008
009580,무림P&P,소재,WI200,비철금속,WI26,,20261008
009620,삼보산업,소재,WI200,비철금속,WI26,,20261008
009680,모토닉,자동차,WI300,자동차,WI26,,20261008
009730,이렘,소재,WI200,비철금속,WI26,,20261008
009770,삼정펄프,소비재,WI400,필수소비재,WI26,,20261008
009780,엠에스씨,소비재,WI400,필수소비재,WI26,,20261008
009810,MDS스피어,소비재,WI340,소매(유통),WI26,,20261008
009830,한화솔루션,에너지,WI100,에너지,WI26,,20261008
009900,명신산업,자동차,WI300,자동차,WI26,,20261008
009970,영원무역홀딩스,소비재,WI310,"화장품,의류",WI26,,20261008
010040,한국내화,소재,WI200,비철금속,WI26,,20261008
010060,OCI홀딩스,소재,WI110,화학,WI26,,20261008
010100,한국무브넥스,자동차,WI300,자동차,WI26,,20261008
010120,LS ELECTRIC,산업재,WI230,기계,WI26,,20261008
010130,고려아연,소재,WI200,비철금속,WI26,,20261008
010140,삼성중공업,조선,WI240,조선,WI26,,20261008
010170,대한광통신,IT하드웨어,WI610,IT하드웨어,WI26,,20261008
010240,흥국,산업재,WI230,기계,WI26,,20261008
010280,아이티센엔텍,IT서비스,WI600,소프트웨어,WI26,,20261008
010400,우진아이엔에스,건설,WI220,건설,WI26,,20261008
010470,오리콤,미디어,WI330,"미디어,교육",WI26,,20261008
010580,에스엠벡셀,자동차,WI300,자동차,WI26,,20261008
010640,진양폴리,소재,WI110,화학,WI26,,20261008
010660,화천기계,산업재,WI230,기계,WI26,,20261008
010690,화신,자동차,WI300,자동차,WI26,,20261008
010770,평화홀딩스,자동차,WI300,자동차,WI26,,20261008
010780,아이에스동서,건설,WI220,건설,WI26,,20261008
010820,퍼스텍,산업재,WI250,"상사,자본재",WI26,,20261008
010950,S-Oil,에너지,WI100,에너지,WI26,,20261008
010960,삼호개발,건설,WI220,건설,WI26,,20261008
011040,경동제약,제약바이오,WI410,건강관리,WI26,,20261008
011070,LG이노텍,IT하드웨어,WI610,IT하드웨어,WI26,,20261008
011150,CJ씨푸드,소비재,WI400,필수소비재,WI26,,20261008
011170,롯데케미칼,소재,WI110,화학,WI26,,20261008
011200,HMM,운송,WI260,운송,WI26,,20261008
011210,현대위아,자동차,WI300,자동차,WI26,,20261008
011230,삼화전자,IT하드웨어,WI610,IT하드웨어,WI26,,20261008
011280,태림포장,소재,WI200,비철금속,WI26,,20261008
011300,우성머티리얼스,소비재,WI310,"화장품,의류",WI26,,20261008
011320,유니크,자동차,WI300,자동차,WI26,,20261008
011330,유니켐,자동차,WI300,자동차,WI26,,20261008
011370,서한,건설,WI220,건설,WI26,,20261008
011390,부산산업,건설,WI220,건설,WI26,,20261008
011420,갤럭시아에스엠,소비재,WI310,"화장품,의류",WI26,,20261008
011500,한농화성,소재,WI110,화학,WI26,,20261008
011560,세보엠이씨,건설,WI220,건설,WI26,,20261008
011690,와이투솔루션,IT하드웨어,WI610,IT하드웨어,WI26,,20261008
011700,한신기계,산업재,WI230,기계,WI26,,20261008
011760,현대코퍼레이션,산업재,WI250,"상사,자본재",WI26,,20261008
011780,금호석유화학,소재,WI110,화학,WI26,,20261008
011790,SKC,소재,WI110,화학,WI26,,20261008
0117P0,피스피스스튜디오,소비재,WI310,"화장품,의류",WI26,,20261008
011930,신성이엔지,반도체소부장,WI620,반도체,WI26,,20261008
012030,DB,IT서비스,WI600,소프트웨어,WI26,,20261008
0120G0,삼양바이오팜,제약바이오,WI410,건강관리,WI26,,20261008
012160,영흥,소재,WI210,철강,WI26,,20261008
012200,계양전기,자동차,WI300,자동차,WI26,,20261008
012210,삼미금속,산업재,WI230,기계,WI26,,20261008
012280,영화금속,자동차,WI300,자동차,WI26,,20261008
012320,경동인베스트,소재,WI200,비철금속,WI26,,20261008
012330,현대모비스,자동차,WI300,자동차,WI26,,20261008
012450,한화에어로스페이스,산업재,WI250,"상사,자본재",WI26,,20261008
012610,경인양행,소재,WI110,화학,WI26,,20261008
012620,원일특강,소재,WI210,철강,WI26,,20261008
012630,HDC,건설,WI220,건설,WI26,,20261008
012690,모나리자,소비재,WI400,필수소비재,WI26,,20261008
0126Z0,삼성에피스홀딩스,제약바이오,WI410,건강관리,WI26,,20261008
012700,리드코프,에너지,WI100,에너지,WI26,,20261008
012750,에스원,산업재,WI250,"상사,자본재",WI26,,20261008
012790,신일제약,제약바이오,WI410,건강관리,WI26,,20261008
012800,대창,소재,WI200,비철금속,WI26,,20261008
012860,모베이스전자,자동차,WI300,자동차,WI26,,20261008
013000,세우글로벌,소재,WI110,화학,WI26,,20261008
013030,하이록코리아,산업재,WI230,기계,WI26,,20261008
013120,동원개발,건설,WI220,건설,WI26,,20261008
013310,아진산업,자동차,WI300,자동차,WI26,,20261008
013360,일성건설,건설,WI220,건설,WI26,,20261008
013520,화승코퍼레이션,자동차,WI300,자동차,WI26,,20261008
013570,디와이,자동차,WI300,자동차,WI26,,20261008
013580,계룡건설,건설,WI220,건설,WI26,,20261008
013700,까뮤이앤씨,건설,WI220,건설,WI26,,20261008
013720,청보,자동차,WI300,자동차,WI26,,20261008
013810,스페코,산업재,WI230,기계,WI26,,20261008
013870,지엠비코리아,자동차,WI300,자동차,WI26,,20261008
013890,지누스,건설,WI220,건설,WI26,,20261008
013990,아가방컴퍼니,소비재,WI310,"화장품,의류",WI26,,20261008
014100,메디앙스,소비재,WI310,"화장품,의류",WI26,,20261008
014130,한익스프레스,운송,WI260,운송,WI26,,20261008
014190,원익큐브,소재,WI110,화학,WI26,,20261008
014280,금강공업,건설,WI220,건설,WI26,,20261008
014440,영보화학,소재,WI110,화학,WI26,,20261008
014470,부방,소비재,WI310,"화장품,의류",WI26,,20261008
014530,극동유화,에너지,WI100,에너지,WI26,,20261008
014570,고려제약,제약바이오,WI410,건강관리,WI26,,20261008
014580,태경비케이,소재,WI200,비철금속,WI26,,20261008
014620,성광벤드,산업재,WI230,기계,WI26,,20261008
014680,한솔케미칼,소재,WI110,화학,WI26,,20261008
014710,사조씨푸드,소비재,WI400,필수소비재,WI26,,20261008
014790,HL D&I,건설,WI220,건설,WI26,,20261008
014820,동원시스템즈,소재,WI200,비철금속,WI26,,20261008
014830,유니드,소재,WI110,화학,WI26,,20261008
014910,성문전자,IT가전,WI630,IT가전,WI26,,20261008
014940,오리엔탈정공,조선,WI240,조선,WI26,,20261008
014950,삼익제약,제약바이오,WI410,건강관리,WI26,,20261008
014970,삼륭물산,소재,WI200,비철금속,WI26,,20261008
014990,인디에프,소비재,WI310,"화장품,의류",WI26,,20261008
015230,대창단조,산업재,WI230,기계,WI26,,20261008
015360,INVENI,유틸리티,WI800,유틸리티,WI26,,20261008
015590,DKME,산업재,WI230,기계,WI26,,20261008
0155E0,해치텍,반도체소부장,WI620,반도체,WI26,,20261008
0156T0,에이치엘지노믹스,제약바이오,WI410,건강관리,WI26,,20261008
015710,코콤,IT하드웨어,WI610,IT하드웨어,WI26,,20261008
015750,성우하이텍,자동차,WI300,자동차,WI26,,20261008
015760,한국전력,유틸리티,WI800,유틸리티,WI26,,20261008
015860,일진홀딩스,산업재,WI230,기계,WI26,,20261008
015890,태경산업,소재,WI200,비철금속,WI26,,20261008
016090,대현,소비재,WI310,"화장품,의류",WI26,,20261008
016100,리더스코스메틱,소재,WI200,비철금속,WI26,,20261008
0161M0,네오사피엔스,IT서비스,WI600,소프트웨어,WI26,,20261008
016250,SGC E&C,건설,WI220,건설,WI26,,20261008
016360,삼성증권,금융,WI510,증권,WI26,,20261008
016380,KG스틸,소재,WI210,철강,WI26,,20261008
016450,한세예스24홀딩스,소비재,WI310,"화장품,의류",WI26,,20261008
016580,환인제약,제약바이오,WI410,건강관리,WI26,,20261008
016590,신대양제지,소재,WI200,비철금속,WI26,,20261008
016600,큐캐피탈,금융,WI500,은행,WI26,,20261008
016610,DB증권,금융,WI510,증권,WI26,,20261008
016670,디모아,IT서비스,WI600,소프트웨어,WI26,,20261008
016710,대성홀딩스,유틸리티,WI800,유틸리티,WI26,,20261008
016740,두올,자동차,WI300,자동차,WI26,,20261008
016800,퍼시스,건설,WI220,건설,WI26,,20261008
016880,웅진,미디어,WI330,"미디어,교육",WI26,,20261008
016920,카스,IT하드웨어,WI610,IT하드웨어,WI26,,20261008
017000,신원종합개발,건설,WI220,건설,WI26,,20261008
017180,명문제약,제약바이오,WI410,건강관리,WI26,,20261008
017250,인터엠,IT하드웨어,WI610,IT하드웨어,WI26,,20261008
017370,우신시스템,자동차,WI300,자동차,WI26,,20261008
017390,서울가스,유틸리티,WI800,유틸리티,WI26,,20261008
017480,삼현철강,소재,WI210,철강,WI26,,20261008
017510,세명전기,산업재,WI230,기계,WI26,,20261008
017550,수산세보틱스,산업재,WI230,기계,WI26,,20261008
017650,대림제지,소재,WI200,비철금속,WI26,,20261008
017670,SK텔레콤,통신,WI700,통신서비스,WI26,,20261008
017800,현대엘리베이터,산업재,WI230,기계,WI26,,20261008
017810,풀무원,소비재,WI400,필수소비재,WI26,,20261008
017860,DS단석,소재,WI110,화학,WI26,,20261008
017890,한국알콜,소재,WI110,화학,WI26,,20261008
017900,광전자,IT하드웨어,WI610,IT하드웨어,WI26,,20261008
017940,E1,유틸리티,WI800,유틸리티,WI26,,20261008
017960,한국카본,조선,WI240,조선,WI26,,20261008
018000,유니슨,에너지,WI100,에너지,WI26,,20261008
018120,진로발효,소비재,WI400,필수소비재,WI26,,20261008
018250,애경산업,소비재,WI310,"화장품,의류",WI26,,20261008
018260,삼성에스디에스,IT서비스,WI600,소프트웨어,WI26,,20261008
018290,브이티,소비재,WI310,"화장품,의류",WI26,,20261008
018310,삼목에스폼,건설,WI220,건설,WI26,,20261008
018470,조일알미늄,소재,WI200,비철금속,WI26,,20261008
018500,동원모빌리티,자동차,WI300,자동차,WI26,,20261008
018620,우진비앤지,제약바이오,WI410,건강관리,WI26,,20261008
018670,SK가스,유틸리티,WI800,유틸리티,WI26,,20261008
018680,서울제약,제약바이오,WI410,건강관리,WI26,,20261008
018700,졸스,소비재,WI310,"화장품,의류",WI26,,20261008
018880,한온시스템,자동차,WI300,자동차,WI26,,20261008
019010,베뉴지,소비재,WI320,"호텔,레저",WI26,,20261008
019170,신풍제약,제약바이오,WI410,건강관리,WI26,,20261008
019180,티에이치엔,자동차,WI300,자동차,WI26,,20261008
019210,와이지-원,산업재,WI230,기계,WI26,,20261008
019540,일지테크,자동차,WI300,자동차,WI26,,20261008
019550,SBI인베스트먼트,금융,WI500,은행,WI26,,20261008
019570,GMI벤처,금융,WI500,은행,WI26,,20261008
019660,글로본,소비재,WI340,소매(유통),WI26,,20261008
019680,대교,미디어,WI330,"미디어,교육",WI26,,20261008
019770,서연탑메탈,자동차,WI300,자동차,WI26,,20261008
019990,에너토크,산업재,WI230,기계,WI26,,20261008
020000,한섬,소비재,WI310,"화장품,의류",WI26,,20261008
020120,키다리스튜디오,IT서비스,WI600,소프트웨어,WI26,,20261008
020150,롯데에너지머티리얼즈,이차전지,WI610,IT하드웨어,MANUAL_OVERRIDE,동박,20261008
020180,대신정보통신,IT서비스,WI600,소프트웨어,WI26,,20261008
020400,대동금속,자동차,WI300,자동차,WI26,,20261008
020560,아시아나항공,운송,WI260,운송,WI26,,20261008
020710,시공테크,소비재,WI320,"호텔,레저",WI26,,20261008
020760,일진디스플,디스플레이,WI640,디스플레이,WI26,,20261008
021040,대호특수강,소재,WI210,철강,WI26,,20261008
021050,서원,소재,WI200,비철금속,WI26,,20261008
021080,에이티넘인베스트,금융,WI500,은행,WI26,,20261008
021240,코웨이,소비재,WI310,"화장품,의류",WI26,,20261008
021320,KCC건설,건설,WI220,건설,WI26,,20261008
021650,한국큐빅,자동차,WI300,자동차,WI26,,20261008
021820,세원정공,자동차,WI300,자동차,WI26,,20261008
021880,메이슨캐피탈,금융,WI500,은행,WI26,,20261008
0218L0,네오뷰,디스플레이,WI640,디스플레이,WI26,,20261008
0220W0,한화머시너리앤서비스홀딩스,산업재,WI250,"상사,자본재",WI26,,20261008
022100,포스코DX,IT서비스,WI600,소프트웨어,WI26,,20261008
023000,삼원강재,자동차,WI300,자동차,WI26,,20261008
023150,MH에탄올,소비재,WI400,필수소비재,WI26,,20261008
023160,태광,산업재,WI230,기계,WI26,,20261008
023350,한국종합기술,건설,WI220,건설,WI26,,20261008
023410,유진기업,건설,WI220,건설,WI26,,20261008
023450,동남합성,소재,WI110,화학,WI26,,20261008
023530,롯데쇼핑,소비재,WI340,소매(유통),WI26,,20261008
023590,다우기술,금융,WI510,증권,WI26,,20261008
023600,삼보판지,소재,WI200,비철금속,WI26,,20261008
023760,한국캐피탈,금융,WI500,은행,WI26,,20261008
023770,플레이위드,IT서비스,WI600,소프트웨어,WI26,,20261008
023790,동일스틸럭스,소재,WI210,철강,WI26,,20261008
023800,인지컨트롤스,자동차,WI300,자동차,WI26,,20261008
023810,인팩,자동차,WI300,자동차,WI26,,20261008
023900,풍국주정,소재,WI110,화학,WI26,,20261008
023910,대한약품,제약바이오,WI410,건강관리,WI26,,20261008
023960,에쓰씨엔지니어링,건설,WI220,건설,WI26,,20261008
024060,흥구석유,에너지,WI100,에너지,WI26,,20261008
024070,WISCOM,소재,WI110,화학,WI26,,20261008
024090,디씨엠,소재,WI200,비철금속,WI26,,20261008
024110,기업은행,금융,WI500,은행,WI26,,20261008
024120,KB오토시스,자동차,WI300,자동차,WI26,,20261008
024720,콜마홀딩스,소비재,WI310,"화장품,의류",WI26,,20261008
024740,한일단조,자동차,WI300,자동차,WI26,,20261008
024800,유성티엔에스,운송,WI260,운송,WI26,,20261008
024830,세원물산,자동차,WI300,자동차,WI26,,20261008
024840,KBI메탈,산업재,WI230,기계,WI26,,20261008
024850,HLB이노베이션,반도체소부장,WI620,반도체,WI26,,20261008
024880,케이피에프,산업재,WI230,기계,WI26,,20261008
024900,디와이덕양,자동차,WI300,자동차,WI26,,20261008
024910,경창산업,자동차,WI300,자동차,WI26,,20261008
024940,PN풍년,소비재,WI310,"화장품,의류",WI26,,20261008
024950,삼천리자전거,소비재,WI310,"화장품,의류",WI26,,20261008
025000,KPX케미칼,소재,WI110,화학,WI26,,20261008
025320,시노펙스,IT하드웨어,WI610,IT하드웨어,WI26,,20261008
025440,DH오토웨어,자동차,WI300,자동차,WI26,,20261008
025530,SJM홀딩스,자동차,WI300,자동차,WI26,,20261008
025540,한국단자,자동차,WI300,자동차,WI26,,20261008
025550,한국선재,소재,WI210,철강,WI26,,20261008
025560,미래산업,반도체소부장,WI620,반도체,WI26,,20261008
025620,차AI헬스케어,소비재,WI310,"화장품,의류",WI26,,20261008
025750,한솔홈데코,건설,WI220,건설,WI26,,20261008
025770,한국정보통신,IT서비스,WI600,소프트웨어,WI26,,20261008
025820,이구산업,소재,WI200,비철금속,WI26,,20261008
025860,남해화학,소재,WI110,화학,WI26,,20261008
025880,케이씨피드,소비재,WI400,필수소비재,WI26,,20261008
025890,한국주강,소재,WI210,철강,WI26,,20261008
025900,동화기업,건설,WI220,건설,WI26,,20261008
025950,동신건설,건설,WI220,건설,WI26,,20261008
025980,아난티,소비재,WI320,"호텔,레저",WI26,,20261008
026040,제이에스티나,소비재,WI310,"화장품,의류",WI26,,20261008
026150,특수건설,건설,WI220,건설,WI26,,20261008
026890,스틱인베스트먼트,금융,WI500,은행,WI26,,20261008
026910,광진실업,소재,WI210,철강,WI26,,20261008
026940,부국철강,소재,WI210,철강,WI26,,20261008
026960,동서,소비재,WI400,필수소비재,WI26,,20261008
027040,서울전자통신,IT하드웨어,WI610,IT하드웨어,WI26,,20261008
027050,코리아나,소비재,WI310,"화장품,의류",WI26,,20261008
027360,아주IB투자,금융,WI500,은행,WI26,,20261008
027410,BGF,소재,WI110,화학,WI26,,20261008
027580,상보,소재,WI110,화학,WI26,,20261008
027710,팜스토리,소비재,WI400,필수소비재,WI26,,20261008
027740,마니커,소비재,WI400,필수소비재,WI26,,20261008
027970,한국제지,소재,WI200,비철금속,WI26,,20261008
028050,삼성E&A,건설,WI220,건설,WI26,,20261008
028100,동아지질,건설,WI220,건설,WI26,,20261008
028260,삼성물산,산업재,WI250,"상사,자본재",WI26,,20261008
028300,HLB,제약바이오,WI410,건강관리,WI26,,20261008
028670,팬오션,운송,WI260,운송,WI26,,20261008
029460,케이씨,반도체소부장,WI620,반도체,WI26,,20261008
029480,광무,IT서비스,WI600,소프트웨어,WI26,,20261008
029530,신도리코,IT하드웨어,WI610,IT하드웨어,WI26,,20261008
029780,삼성카드,금융,WI500,은행,WI26,,20261008
030000,제일기획,미디어,WI330,"미디어,교육",WI26,,20261008
030190,NICE평가정보,산업재,WI250,"상사,자본재",WI26,,20261008
030200,KT,통신,WI700,통신서비스,WI26,,20261008
030210,다올투자증권,금융,WI510,증권,WI26,,20261008
030520,한컴,IT서비스,WI600,소프트웨어,WI26,,20261008
030530,원익홀딩스,반도체소부장,WI620,반도체,WI26,,20261008
030610,교보증권,금융,WI510,증권,WI26,,20261008
030960,양지사,산업재,WI250,"상사,자본재",WI26,,20261008
031210,서울보증보험,금융,WI520,보험,WI26,,20261008
031310,아이즈비전,IT하드웨어,WI610,IT하드웨어,WI26,,20261008
031330,에스에이엠티,IT하드웨어,WI610,IT하드웨어,WI26,,20261008
031430,신세계인터내셔날,소비재,WI310,"화장품,의류",WI26,,20261008
031510,오스템,자동차,WI300,자동차,WI26,,20261008
031820,아이티센씨티에스,IT서비스,WI600,소프트웨어,WI26,,20261008
031980,피에스케이홀딩스,반도체소부장,WI620,반도체,WI26,,20261008
032080,아즈텍WB,소비재,WI310,"화장품,의류",WI26,,20261008
032190,다우데이타,금융,WI510,증권,WI26,,20261008
032280,삼일,운송,WI260,운송,WI26,,20261008
032300,한국파마,제약바이오,WI410,건강관리,WI26,,20261008
032350,롯데관광개발,소비재,WI320,"호텔,레저",WI26,,20261008
032500,케이엠더블유,IT하드웨어,WI610,IT하드웨어,WI26,,20261008
032540,TJ미디어,IT가전,WI630,IT가전,WI26,,20261008
032560,황금에스티,소재,WI200,비철금속,WI26,,20261008
032580,피델릭스,반도체소부장,WI620,반도체,WI26,,20261008
032620,GC메디아이,제약바이오,WI410,건강관리,WI26,,20261008
032640,LG유플러스,통신,WI700,통신서비스,WI26,,20261008
032680,소프트센,IT서비스,WI600,소프트웨어,WI26,,20261008
032750,삼진,IT가전,WI630,IT가전,WI26,,20261008
032790,엠젠솔루션,IT서비스,WI600,소프트웨어,WI26,,20261008
032800,판타지오,미디어,WI330,"미디어,교육",WI26,,20261008
032820,우리기술,산업재,WI250,"상사,자본재",WI26,,20261008
032830,삼성생명,금융,WI520,보험,WI26,,20261008
032850,비트컴퓨터,제약바이오,WI410,건강관리,WI26,,20261008
032860,더라미,소비재,WI340,소매(유통),WI26,,20261008
032940,원익,소비재,WI310,"화장품,의류",WI26,,20261008
032960,동일기연,IT하드웨어,WI610,IT하드웨어,WI26,,20261008
033100,제룡전기,산업재,WI230,기계,WI26,,20261008
033130,디지틀조선,IT서비스,WI600,소프트웨어,WI26,,20261008
033160,엠케이전자,반도체소부장,WI620,반도체,WI26,,20261008
033170,시그네틱스,반도체소부장,WI620,반도체,WI26,,20261008
033200,모아텍,IT하드웨어,WI610,IT하드웨어,WI26,,20261008
033230,인성정보,IT서비스,WI600,소프트웨어,WI26,,20261008
033240,자화전자,IT하드웨어,WI610,IT하드웨어,WI26,,20261008
033250,체시스,자동차,WI300,자동차,WI26,,20261008
033270,유나이티드제약,제약바이오,WI410,건강관리,WI26,,20261008
033290,로젠,운송,WI260,운송,WI26,,20261008
033310,엠투엔,자동차,WI300,자동차,WI26,,20261008
033320,제이씨현시스템,IT하드웨어,WI610,IT하드웨어,WI26,,20261008
033500,동성화인텍,소재,WI110,화학,WI26,,20261008
033530,SJG세종,자동차,WI300,자동차,WI26,,20261008
033540,파라텍,산업재,WI230,기계,WI26,,20261008
033560,블루콤,금융,WI500,은행,WI26,,20261008
033640,네패스,반도체소부장,WI620,반도체,WI26,,20261008
033780,KT&G,소비재,WI400,필수소비재,WI26,,20261008
033790,피노,IT가전,WI630,IT가전,WI26,,20261008
033830,티비씨,미디어,WI330,"미디어,교육",WI26,,20261008
033920,무학,소비재,WI400,필수소비재,WI26,,20261008
034020,두산에너빌리티,산업재,WI230,기계,WI26,,20261008
034120,SBS,미디어,WI330,"미디어,교육",WI26,,20261008
034220,LG디스플레이,디스플레이,WI640,디스플레이,WI26,,20261008
034230,파라다이스,소비재,WI320,"호텔,레저",WI26,,20261008
034310,NICE,IT서비스,WI600,소프트웨어,WI26,,20261008
034590,인천도시가스,유틸리티,WI800,유틸리티,WI26,,20261008
034730,SK,에너지,WI100,에너지,WI26,,20261008
034810,해성산업,소재,WI200,비철금속,WI26,,20261008
034830,한국토지신탁,금융,WI500,은행,WI26,,20261008
034940,조아제약,제약바이오,WI410,건강관리,WI26,,20261008
034950,한국기업평가,산업재,WI250,"상사,자본재",WI26,,20261008
035000,HS애드,미디어,WI330,"미디어,교육",WI26,,20261008
035080,그래디언트,소비재,WI340,소매(유통),WI26,,20261008
035150,백산,소비재,WI310,"화장품,의류",WI26,,20261008
035200,프럼파스트,건설,WI220,건설,WI26,,20261008
035250,강원랜드,소비재,WI320,"호텔,레저",WI26,,20261008
035420,NAVER,IT서비스,WI600,소프트웨어,WI26,,20261008
035460,기산텔레콤,IT하드웨어,WI610,IT하드웨어,WI26,,20261008
035510,신세계 I&C,IT서비스,WI600,소프트웨어,WI26,,20261008
035600,KG이니시스,IT서비스,WI600,소프트웨어,WI26,,20261008
035610,솔본,제약바이오,WI410,건강관리,WI26,,20261008
035720,카카오,IT서비스,WI600,소프트웨어,WI26,,20261008
035760,CJ ENM,미디어,WI330,"미디어,교육",WI26,,20261008
035810,이지홀딩스,소비재,WI400,필수소비재,WI26,,20261008
035890,서희건설,건설,WI220,건설,WI26,,20261008
035900,JYP Ent.,미디어,WI330,"미디어,교육",WI26,,20261008
036000,예림당,미디어,WI330,"미디어,교육",WI26,,20261008
036010,아비코전자,IT가전,WI630,IT가전,WI26,,20261008
036030,케이티알파,소비재,WI340,소매(유통),WI26,,20261008
036090,위지트,디스플레이,WI640,디스플레이,WI26,,20261008
036120,서울평가정보,산업재,WI250,"상사,자본재",WI26,,20261008
036170,에이치엠넥스,디스플레이,WI640,디스플레이,WI26,,20261008
036190,금화피에스시,건설,WI220,건설,WI26,,20261008
036200,유니셈,반도체소부장,WI620,반도체,WI26,,20261008
036220,오상헬스케어,제약바이오,WI410,건강관리,WI26,,20261008
036460,한국가스공사,유틸리티,WI800,유틸리티,WI26,,20261008
036480,대성미생물,제약바이오,WI410,건강관리,WI26,,20261008
036530,SNT홀딩스,자동차,WI300,자동차,WI26,,20261008
036540,SFA반도체,반도체소부장,WI620,반도체,WI26,,20261008
036560,KZ정밀,산업재,WI230,기계,WI26,,20261008
036570,NC,IT서비스,WI600,소프트웨어,WI26,,20261008
036580,팜스코,소비재,WI400,필수소비재,WI26,,20261008
036620,감성코퍼레이션,소비재,WI310,"화장품,의류",WI26,,20261008
036630,세종텔레콤,통신,WI700,통신서비스,WI26,,20261008
036640,HRS,소재,WI110,화학,WI26,,20261008
036670,삼양케이씨아이,소재,WI110,화학,WI26,,20261008
036710,심텍홀딩스,반도체소부장,WI620,반도체,WI26,,20261008
036800,나이스정보통신,산업재,WI250,"상사,자본재",WI26,,20261008
036810,에프에스티,반도체소부장,WI620,반도체,WI26,,20261008
036830,솔브레인홀딩스,IT가전,WI630,IT가전,WI26,,20261008
036890,진성티이씨,산업재,WI230,기계,WI26,,20261008
036930,주성엔지니어링,반도체소부장,WI620,반도체,WI26,,20261008
037030,파워넷,IT가전,WI630,IT가전,WI26,,20261008
037070,파세코,소비재,WI310,"화장품,의류",WI26,,20261008
037230,한국팩키지,소재,WI200,비철금속,WI26,,20261008
037270,YG PLUS,미디어,WI330,"미디어,교육",WI26,,20261008
037350,성도이엔지,건설,WI220,건설,WI26,,20261008
037370,EG,소재,WI200,비철금속,WI26,,20261008
037440,희림,건설,WI220,건설,WI26,,20261008
037460,삼지전자,IT하드웨어,WI610,IT하드웨어,WI26,,20261008
037560,LG헬로비전,미디어,WI330,"미디어,교육",WI26,,20261008
037710,광주신세계,소비재,WI340,소매(유통),WI26,,20261008
037760,쎄니트,소재,WI210,철강,WI26,,20261008
037950,엘컴텍,IT하드웨어,WI610,IT하드웨어,WI26,,20261008
038010,제일테크노스,조선,WI240,조선,WI26,,20261008
038060,루멘스바이오스,디스플레이,WI640,디스플레이,WI26,,20261008
038070,서린바이오,제약바이오,WI410,건강관리,WI26,,20261008
038110,에코플라스틱,자동차,WI300,자동차,WI26,,20261008
038290,마크로젠,제약바이오,WI410,건강관리,WI26,,20261008
038390,레드캡투어,운송,WI260,운송,WI26,,20261008
038460,바이오스마트,산업재,WI230,기계,WI26,,20261008
038500,삼표시멘트,건설,WI220,건설,WI26,,20261008
038530,케이바이오랩스,IT서비스,WI600,소프트웨어,WI26,,20261008
038540,상상인,금융,WI500,은행,WI26,,20261008
038620,위즈코프,운송,WI260,운송,WI26,,20261008
038680,에스넷,IT서비스,WI600,소프트웨어,WI26,,20261008
038870,에코심플렉스,에너지,WI100,에너지,WI26,,20261008
038880,아이에이,자동차,WI300,자동차,WI26,,20261008
038950,파인디지털,IT가전,WI630,IT가전,WI26,,20261008
039010,현대에이치티,IT하드웨어,WI610,IT하드웨어,WI26,,20261008
039020,이건홀딩스,건설,WI220,건설,WI26,,20261008
039030,이오테크닉스,반도체소부장,WI620,반도체,WI26,,20261008
039130,하나투어,소비재,WI320,"호텔,레저",WI26,,20261008
039200,오스코텍,제약바이오,WI410,건강관리,WI26,,20261008
039240,경남스틸,소재,WI210,철강,WI26,,20261008
039290,인포뱅크,IT서비스,WI600,소프트웨어,WI26,,20261008
039310,세중,IT서비스,WI600,소프트웨어,WI26,,20261008
039340,한국경제TV,미디어,WI330,"미디어,교육",WI26,,20261008
039420,케이엘넷,IT서비스,WI600,소프트웨어,WI26,,20261008
039440,에스티아이,반도체소부장,WI620,반도체,WI26,,20261008
039490,키움증권,금융,WI510,증권,WI26,,20261008
039560,다산네트웍스,IT하드웨어,WI610,IT하드웨어,WI26,,20261008
039570,HDC랩스,건설,WI220,건설,WI26,,20261008
039610,화성밸브,산업재,WI230,기계,WI26,,20261008
039740,한국정보공학,소비재,WI340,소매(유통),WI26,,20261008
039830,오로라,소비재,WI310,"화장품,의류",WI26,,20261008
039840,디오,제약바이오,WI410,건강관리,WI26,,20261008
039860,나노엔텍,제약바이오,WI410,건강관리,WI26,,20261008
039980,폴라리스AI,IT서비스,WI600,소프트웨어,WI26,,20261008
040160,누리플렉스,IT서비스,WI600,소프트웨어,WI26,,20261008
040300,YTN,미디어,WI330,"미디어,교육",WI26,,20261008
040350,크레오에스지,IT서비스,WI600,소프트웨어,WI26,,20261008
040420,정상제이엘에스,미디어,WI330,"미디어,교육",WI26,,20261008
040610,SG&G,자동차,WI300,자동차,WI26,,20261008
040910,아이씨디,디스플레이,WI640,디스플레이,WI26,,20261008
041020,폴라리스오피스,자동차,WI300,자동차,WI26,,20261008
041190,우리기술투자,금융,WI500,은행,WI26,,20261008
041440,현대에버다임,산업재,WI230,기계,WI26,,20261008
041460,한국전자인증,IT서비스,WI600,소프트웨어,WI26,,20261008
041510,에스엠,미디어,WI330,"미디어,교육",WI26,,20261008
041520,이엘씨,반도체소부장,WI620,반도체,WI26,,20261008
041650,상신브레이크,자동차,WI300,자동차,WI26,,20261008
041830,인바디,제약바이오,WI410,건강관리,WI26,,20261008
041910,폴라리스AI파마,제약바이오,WI410,건강관리,WI26,,20261008
041920,메디아나,제약바이오,WI410,건강관리,WI26,,20261008
041930,SY동아,자동차,WI300,자동차,WI26,,20261008
041960,코미팜,제약바이오,WI410,건강관리,WI26,,20261008
042000,카페24,IT서비스,WI600,소프트웨어,WI26,,20261008
042040,케이피엠테크,소재,WI110,화학,WI26,,20261008
042110,에스씨디,IT가전,WI630,IT가전,WI26,,20261008
042370,비츠로테크,IT가전,WI630,IT가전,WI26,,20261008
042420,네오위즈홀딩스,IT서비스,WI600,소프트웨어,WI26,,20261008
042500,링네트,IT서비스,WI600,소프트웨어,WI26,,20261008
042510,라온시큐어,IT서비스,WI600,소프트웨어,WI26,,20261008
042520,한스바이오메드,제약바이오,WI410,건강관리,WI26,,20261008
042600,새로닉스,소비재,WI310,"화장품,의류",WI26,,20261008
042660,한화오션,조선,WI240,조선,WI26,,20261008
042700,한미반도체,반도체소부장,WI620,반도체,WI26,,20261008
042940,상지건설,건설,WI220,건설,WI26,,20261008
043150,바텍,제약바이오,WI410,건강관리,WI26,,20261008
043200,파루,에너지,WI100,에너지,WI26,,20261008
043260,성호전자,IT가전,WI630,IT가전,WI26,,20261008
043360,디지아이,IT하드웨어,WI610,IT하드웨어,WI26,,20261008
043370,피에이치에이,자동차,WI300,자동차,WI26,,20261008
043590,웰킵스하이텍,IT가전,WI630,IT가전,WI26,,20261008
043610,KT지니뮤직,미디어,WI330,"미디어,교육",WI26,,20261008
043650,국순당,소비재,WI400,필수소비재,WI26,,20261008
043710,코스리거글로벌,제약바이오,WI410,건강관리,WI26,,20261008
043910,자연과환경,산업재,WI250,"상사,자본재",WI26,,20261008
044340,위닉스,소비재,WI310,"화장품,의류",WI26,,20261008
044450,KSS해운,운송,WI260,운송,WI26,,20261008
044480,빌리언스,미디어,WI330,"미디어,교육",WI26,,20261008
044490,태웅,에너지,WI100,에너지,WI26,,20261008
044780,에이치케이,산업재,WI230,기계,WI26,,20261008
044820,코스맥스비티아이,제약바이오,WI410,건강관리,WI26,,20261008
044960,이글벳,제약바이오,WI410,건강관리,WI26,,20261008
044990,에이치엔에스하이텍,IT하드웨어,WI610,IT하드웨어,WI26,,20261008
045060,오공,소재,WI110,화학,WI26,,20261008
045100,한양이엔지,반도체소부장,WI620,반도체,WI26,,20261008
045300,성우테크론,반도체소부장,WI620,반도체,WI26,,20261008
045340,토탈소프트,운송,WI260,운송,WI26,,20261008
045390,대아티아이,운송,WI260,운송,WI26,,20261008
045510,정원엔시스,IT서비스,WI600,소프트웨어,WI26,,20261008
045660,에이텍,IT하드웨어,WI610,IT하드웨어,WI26,,20261008
045970,코아시아,IT하드웨어,WI610,IT하드웨어,WI26,,20261008
046120,오르비텍,에너지,WI100,에너지,WI26,,20261008
046210,HLB파나진,제약바이오,WI410,건강관리,WI26,,20261008
046310,백금T&A,IT하드웨어,WI610,IT하드웨어,WI26,,20261008
046390,삼화네트웍스,미디어,WI330,"미디어,교육",WI26,,20261008
046440,KG파이낸셜,IT서비스,WI600,소프트웨어,WI26,,20261008
046890,서울반도체,디스플레이,WI640,디스플레이,WI26,,20261008
046940,우원개발,건설,WI220,건설,WI26,,20261008
046970,우리로,IT하드웨어,WI610,IT하드웨어,WI26,,20261008
047040,대우건설,건설,WI220,건설,WI26,,20261008
047050,포스코인터내셔널,산업재,WI250,"상사,자본재",WI26,,20261008
047080,한빛소프트,IT서비스,WI600,소프트웨어,WI26,,20261008
047310,파워로직스,IT하드웨어,WI610,IT하드웨어,WI26,,20261008
047400,유니온머티리얼,자동차,WI300,자동차,WI26,,20261008
047560,이스트소프트,IT서비스,WI600,소프트웨어,WI26,,20261008
047770,코데즈컴바인,소비재,WI310,"화장품,의류",WI26,,20261008
047810,한국항공우주,산업재,WI250,"상사,자본재",WI26,,20261008
047820,초록뱀미디어,미디어,WI330,"미디어,교육",WI26,,20261008
047920,HLB제약,제약바이오,WI410,건강관리,WI26,,20261008
048410,현대바이오,소비재,WI310,"화장품,의류",WI26,,20261008
048430,유라테크,자동차,WI300,자동차,WI26,,20261008
048470,대동스틸,소재,WI210,철강,WI26,,20261008
048530,인트론바이오,제약바이오,WI410,건강관리,WI26,,20261008
048550,SM C&C,미디어,WI330,"미디어,교육",WI26,,20261008
048770,TPC로보틱스,산업재,WI230,기계,WI26,,20261008
048830,엔피케이,소재,WI110,화학,WI26,,20261008
048870,시너지이노베이션,제약바이오,WI410,건강관리,WI26,,20261008
048910,대원미디어,미디어,WI330,"미디어,교육",WI26,,20261008
049070,인탑스,IT하드웨어,WI610,IT하드웨어,WI26,,20261008
049080,기가레인,IT하드웨어,WI610,IT하드웨어,WI26,,20261008
049120,파인디앤씨,디스플레이,WI640,디스플레이,WI26,,20261008
049430,코메론,산업재,WI230,기계,WI26,,20261008
049470,비트플래닛,IT서비스,WI600,소프트웨어,WI26,,20261008
049480,오픈베이스,IT하드웨어,WI610,IT하드웨어,WI26,,20261008
049520,유아이엘,IT하드웨어,WI610,IT하드웨어,WI26,,20261008
049550,잉크테크,IT하드웨어,WI610,IT하드웨어,WI26,,20261008
049630,재영솔루텍,IT하드웨어,WI610,IT하드웨어,WI26,,20261008
049720,고려신용정보,산업재,WI250,"상사,자본재",WI26,,20261008
049800,우진플라임,산업재,WI230,기계,WI26,,20261008
049830,승일,소재,WI200,비철금속,WI26,,20261008
049950,미래컴퍼니,디스플레이,WI640,디스플레이,WI26,,20261008
049960,쎌바이오텍,제약바이오,WI410,건강관리,WI26,,20261008
050110,캠시스,IT하드웨어,WI610,IT하드웨어,WI26,,20261008
050120,ES큐브,소비재,WI310,"화장품,의류",WI26,,20261008
050760,에스폴리텍,소재,WI110,화학,WI26,,20261008
050860,아세아텍,산업재,WI230,기계,WI26,,20261008
050890,쏠리드,IT하드웨어,WI610,IT하드웨어,WI26,,20261008
050960,수산아이앤티,IT서비스,WI600,소프트웨어,WI26,,20261008
051160,지어소프트,소비재,WI340,소매(유통),WI26,,20261008
051360,토비스,디스플레이,WI640,디스플레이,WI26,,20261008
051370,인터플렉스,IT하드웨어,WI610,IT하드웨어,WI26,,20261008
051380,피씨디렉트,IT하드웨어,WI610,IT하드웨어,WI26,,20261008
051390,YW,소비재,WI340,소매(유통),WI26,,20261008
051490,나라엠앤디,산업재,WI230,기계,WI26,,20261008
051500,CJ프레시웨이,소비재,WI400,필수소비재,WI26,,20261008
051600,한전KPS,유틸리티,WI800,유틸리티,WI26,,20261008
051630,진양화학,소재,WI110,화학,WI26,,20261008
051780,큐로홀딩스,소비재,WI400,필수소비재,WI26,,20261008
051900,LG생활건강,소비재,WI310,"화장품,의류",WI26,,20261008
051910,LG화학,소재,WI110,화학,WI26,,20261008
051980,중앙첨단소재,IT하드웨어,WI610,IT하드웨어,WI26,,20261008
052020,에스티큐브,소비재,WI340,소매(유통),WI26,,20261008
052220,iMBC,미디어,WI330,"미디어,교육",WI26,,20261008
052260,현대바이오랜드,소비재,WI310,"화장품,의류",WI26,,20261008
052300,오션인더블유,건설,WI220,건설,WI26,,20261008
052330,코텍,디스플레이,WI640,디스플레이,WI26,,20261008
052400,코나아이,IT서비스,WI600,소프트웨어,WI26,,20261008
052420,오성첨단소재,디스플레이,WI640,디스플레이,WI26,,20261008
052460,아이크래프트,IT서비스,WI600,소프트웨어,WI26,,20261008
052600,한네트,IT서비스,WI600,소프트웨어,WI26,,20261008
052690,한전기술,유틸리티,WI800,유틸리티,WI26,,20261008
052710,아모텍,IT하드웨어,WI610,IT하드웨어,WI26,,20261008
052790,액토즈소프트,IT서비스,WI600,소프트웨어,WI26,,20261008
052860,아이앤씨,반도체소부장,WI620,반도체,WI26,,20261008
052900,KX하이텍,반도체소부장,WI620,반도체,WI26,,20261008
053030,바이넥스,제약바이오,WI410,건강관리,WI26,,20261008
053050,지에스이,유틸리티,WI800,유틸리티,WI26,,20261008
053060,세동,자동차,WI300,자동차,WI26,,20261008
053080,케이엔솔,산업재,WI230,기계,WI26,,20261008
053160,프리엠스,산업재,WI230,기계,WI26,,20261008
053210,스카이라이프,미디어,WI330,"미디어,교육",WI26,,20261008
053260,금강철강,소재,WI210,철강,WI26,,20261008
053270,구영테크,자동차,WI300,자동차,WI26,,20261008
053280,예스24,소비재,WI340,소매(유통),WI26,,20261008
053290,NE능률,미디어,WI330,"미디어,교육",WI26,,20261008
053300,한국정보인증,IT서비스,WI600,소프트웨어,WI26,,20261008
053350,이니텍,IT서비스,WI600,소프트웨어,WI26,,20261008
053450,세코닉스,IT하드웨어,WI610,IT하드웨어,WI26,,20261008
053580,웹케시,IT서비스,WI600,소프트웨어,WI26,,20261008
053610,프로텍,반도체소부장,WI620,반도체,WI26,,20261008
053620,태양,소비재,WI400,필수소비재,WI26,,20261008
053690,한미글로벌,건설,WI220,건설,WI26,,20261008
053700,삼보모터스,자동차,WI300,자동차,WI26,,20261008
053800,안랩,IT서비스,WI600,소프트웨어,WI26,,20261008
053950,경남제약,제약바이오,WI410,건강관리,WI26,,20261008
053980,오상자이엘,IT서비스,WI600,소프트웨어,WI26,,20261008
054040,한국컴퓨터,디스플레이,WI640,디스플레이,WI26,,20261008
054050,NH농우바이오,제약바이오,WI410,건강관리,WI26,,20261008
054090,삼진엘앤디,IT하드웨어,WI610,IT하드웨어,WI26,,20261008
054210,이랜텍,IT하드웨어,WI610,IT하드웨어,WI26,,20261008
054220,비츠로시스,IT서비스,WI600,소프트웨어,WI26,,20261008
054300,팬스타엔터프라이즈,운송,WI260,운송,WI26,,20261008
054410,케이피티유,소재,WI200,비철금속,WI26,,20261008
054450,텔레칩스,반도체소부장,WI620,반도체,WI26,,20261008
054540,삼영엠텍,조선,WI240,조선,WI26,,20261008
054620,APS,반도체소부장,WI620,반도체,WI26,,20261008
054670,대한뉴팜,제약바이오,WI410,건강관리,WI26,,20261008
054780,키이스트,미디어,WI330,"미디어,교육",WI26,,20261008
054800,아이디스홀딩스,IT하드웨어,WI610,IT하드웨어,WI26,,20261008
054920,한컴위드,소재,WI200,비철금속,WI26,,20261008
054930,유신,건설,WI220,건설,WI26,,20261008
054940,엑사이엔씨,반도체소부장,WI620,반도체,WI26,,20261008
054950,제이브이엠,제약바이오,WI410,건강관리,WI26,,20261008
055490,테이팩스,IT하드웨어,WI610,IT하드웨어,WI26,,20261008
055550,신한지주,금융,WI500,은행,WI26,,20261008
056080,유진로봇,산업재,WI230,기계,WI26,,20261008
056090,시지메드텍,제약바이오,WI410,건강관리,WI26,,20261008
056190,SFA,산업재,WI230,기계,WI26,,20261008
056360,코위버,IT하드웨어,WI610,IT하드웨어,WI26,,20261008
056700,신화인터텍,디스플레이,WI640,디스플레이,WI26,,20261008
056730,CNT85,건설,WI220,건설,WI26,,20261008
057030,YBM넷,미디어,WI330,"미디어,교육",WI26,,20261008
057680,티사이언티픽,IT서비스,WI600,소프트웨어,WI26,,20261008
058110,멕아이씨에스,제약바이오,WI410,건강관리,WI26,,20261008
058400,KNN,미디어,WI330,"미디어,교육",WI26,,20261008
058430,포스코스틸리온,소재,WI200,비철금속,WI26,,20261008
058470,리노공업,반도체소부장,WI620,반도체,WI26,,20261008
058610,에스피지,IT가전,WI630,IT가전,WI26,,20261008
058630,엠게임,IT서비스,WI600,소프트웨어,WI26,,20261008
058650,세아홀딩스,소재,WI210,철강,WI26,,20261008
058730,다스코,건설,WI220,건설,WI26,,20261008
058850,KTcs,산업재,WI250,"상사,자본재",WI26,,20261008
058860,KTis,산업재,WI250,"상사,자본재",WI26,,20261008
058970,엠로,IT서비스,WI600,소프트웨어,WI26,,20261008
059090,미코,반도체소부장,WI620,반도체,WI26,,20261008
059100,아이컴포넌트,디스플레이,WI640,디스플레이,WI26,,20261008
059120,아진엑스텍,반도체소부장,WI620,반도체,WI26,,20261008
059210,메타바이오메드,제약바이오,WI410,건강관리,WI26,,20261008
059270,해성에어로보틱스,산업재,WI230,기계,WI26,,20261008
060150,인선이엔티,산업재,WI250,"상사,자본재",WI26,,20261008
060230,제이케이시냅스,IT하드웨어,WI610,IT하드웨어,WI26,,20261008
060250,NHN KCP,IT서비스,WI600,소프트웨어,WI26,,20261008
060280,큐렉소,제약바이오,WI410,건강관리,WI26,,20261008
060310,3S,산업재,WI230,기계,WI26,,20261008
060370,LS마린솔루션,건설,WI220,건설,WI26,,20261008
060380,동양에스텍,소재,WI210,철강,WI26,,20261008
060540,에스에이티,IT하드웨어,WI610,IT하드웨어,WI26,,20261008
060560,HC홈센타,건설,WI220,건설,WI26,,20261008
060570,드림어스컴퍼니,미디어,WI330,"미디어,교육",WI26,,20261008
060590,씨티씨바이오,제약바이오,WI410,건강관리,WI26,,20261008
060720,KH바텍,IT하드웨어,WI610,IT하드웨어,WI26,,20261008
060850,영림원소프트랩,IT서비스,WI600,소프트웨어,WI26,,20261008
060900,에이전트AI,에너지,WI100,에너지,WI26,,20261008
060980,HL홀딩스,자동차,WI300,자동차,WI26,,20261008
061040,알에프텍,IT하드웨어,WI610,IT하드웨어,WI26,,20261008
061090,세나테크놀로지,IT하드웨어,WI610,IT하드웨어,WI26,,20261008
061250,화일약품,제약바이오,WI410,건강관리,WI26,,20261008
061970,LB세미콘,반도체소부장,WI620,반도체,WI26,,20261008
062040,산일전기,산업재,WI230,기계,WI26,,20261008
062970,한국첨단소재,IT하드웨어,WI610,IT하드웨어,WI26,,20261008
063080,컴투스홀딩스,IT서비스,WI600,소프트웨어,WI26,,20261008
063160,종근당바이오,제약바이오,WI410,건강관리,WI26,,20261008
063170,서울옥션,소비재,WI340,소매(유통),WI26,,20261008
063440,SM Life Design,미디어,WI330,"미디어,교육",WI26,,20261008
063570,NICE인프라,산업재,WI250,"상사,자본재",WI26,,20261008
063760,이엘피,디스플레이,WI640,디스플레이,WI26,,20261008
064240,홈캐스트,소비재,WI340,소매(유통),WI26,,20261008
064260,다날,IT서비스,WI600,소프트웨어,WI26,,20261008
064290,인텍플러스,반도체소부장,WI620,반도체,WI26,,20261008
064350,현대로템,산업재,WI250,"상사,자본재",WI26,,20261008
064400,LG씨엔에스,IT서비스,WI600,소프트웨어,WI26,,20261008
064480,브리지텍,IT서비스,WI600,소프트웨어,WI26,,20261008
064520,테크엘,반도체소부장,WI620,반도체,WI26,,20261008
064550,바이오니아,제약바이오,WI410,건강관리,WI26,,20261008
064760,티씨케이,반도체소부장,WI620,반도체,WI26,,20261008
064800,포니링크,소비재,WI340,소매(유통),WI26,,20261008
064820,케이프,금융,WI510,증권,WI26,,20261008
064850,에프앤가이드,IT서비스,WI600,소프트웨어,WI26,,20261008
064960,SNT모티브,자동차,WI300,자동차,WI26,,20261008
065060,지엔코,소비재,WI310,"화장품,의류",WI26,,20261008
065130,탑엔지니어링,IT하드웨어,WI610,IT하드웨어,WI26,,20261008
065150,대산F&B,소비재,WI400,필수소비재,WI26,,20261008
065170,비엘팜텍,제약바이오,WI410,건강관리,WI26,,20261008
065350,신성델타테크,소비재,WI310,"화장품,의류",WI26,,20261008
065370,위세아이텍,IT서비스,WI600,소프트웨어,WI26,,20261008
065420,에스아이리소스,에너지,WI100,에너지,WI26,,20261008
065440,이루온,IT서비스,WI600,소프트웨어,WI26,,20261008
065450,빅텍,산업재,WI250,"상사,자본재",WI26,,20261008
065500,오리엔트정공,자동차,WI300,자동차,WI26,,20261008
065510,휴비츠,제약바이오,WI410,건강관리,WI26,,20261008
065530,와이어블,통신,WI700,통신서비스,WI26,,20261008
065650,하이퍼코퍼레이션,IT하드웨어,WI610,IT하드웨어,WI26,,20261008
065660,안트로젠,제약바이오,WI410,건강관리,WI26,,20261008
065680,우주일렉트로,IT하드웨어,WI610,IT하드웨어,WI26,,20261008
065690,파커스,IT하드웨어,WI610,IT하드웨어,WI26,,20261008
065710,서호전기,운송,WI260,운송,WI26,,20261008
065950,웰크론,건설,WI220,건설,WI26,,20261008
066130,하츠,소비재,WI310,"화장품,의류",WI26,,20261008
066310,큐에스아이,반도체소부장,WI620,반도체,WI26,,20261008
066360,체리부로,소비재,WI400,필수소비재,WI26,,20261008
066430,아이로보틱스,소재,WI110,화학,WI26,,20261008
066570,LG전자,IT가전,WI630,IT가전,WI26,,20261008
066590,스모트로닉,자동차,WI300,자동차,WI26,,20261008
066620,국보디자인,건설,WI220,건설,WI26,,20261008
066670,디티씨,IT하드웨어,WI610,IT하드웨어,WI26,,20261008
066700,테라젠이텍스,제약바이오,WI410,건강관리,WI26,,20261008
066910,손오공,소비재,WI310,"화장품,의류",WI26,,20261008
066970,엘앤에프,이차전지,WI630,IT가전,MANUAL_OVERRIDE,양극재,20261008
066980,한성크린텍,건설,WI220,건설,WI26,,20261008
067000,조이시티,IT서비스,WI600,소프트웨어,WI26,,20261008
067010,이씨에스,IT서비스,WI600,소프트웨어,WI26,,20261008
067080,대화제약,제약바이오,WI410,건강관리,WI26,,20261008
067160,SOOP,IT서비스,WI600,소프트웨어,WI26,,20261008
067170,오텍,산업재,WI230,기계,WI26,,20261008
067280,멀티캠퍼스,미디어,WI330,"미디어,교육",WI26,,20261008
067290,JW신약,제약바이오,WI410,건강관리,WI26,,20261008
067310,하나마이크론,반도체소부장,WI620,반도체,WI26,,20261008
067370,선바이오,제약바이오,WI410,건강관리,WI26,,20261008
067390,아스트,산업재,WI250,"상사,자본재",WI26,,20261008
067570,엔브이에이치코리아,자동차,WI300,자동차,WI26,,20261008
067630,HLB생명과학,제약바이오,WI410,건강관리,WI26,,20261008
067730,로지시스,IT서비스,WI600,소프트웨어,WI26,,20261008
067830,세이브존I&C,소비재,WI340,소매(유통),WI26,,20261008
067900,와이엔텍,운송,WI260,운송,WI26,,20261008
067920,이글루,IT서비스,WI600,소프트웨어,WI26,,20261008
067990,도이치모터스,자동차,WI300,자동차,WI26,,20261008
068050,팬엔터테인먼트,미디어,WI330,"미디어,교육",WI26,,20261008
068100,케이웨더,IT서비스,WI600,소프트웨어,WI26,,20261008
068270,셀트리온,제약바이오,WI410,건강관리,WI26,,20261008
068290,삼성출판사,미디어,WI330,"미디어,교육",WI26,,20261008
068330,일신바이오,제약바이오,WI410,건강관리,WI26,,20261008
068760,셀트리온제약,제약바이오,WI410,건강관리,WI26,,20261008
068790,DMS,디스플레이,WI640,디스플레이,WI26,,20261008
068930,디지털대성,미디어,WI330,"미디어,교육",WI26,,20261008
069080,웹젠,IT서비스,WI600,소프트웨어,WI26,,20261008
069140,누리플랜,건설,WI220,건설,WI26,,20261008
069260,TKG휴켐스,소재,WI110,화학,WI26,,20261008
069330,유아이디,디스플레이,WI640,디스플레이,WI26,,20261008
069410,엔텔스,IT서비스,WI600,소프트웨어,WI26,,20261008
069510,에스텍,IT하드웨어,WI610,IT하드웨어,WI26,,20261008
069540,빛과전자,IT하드웨어,WI610,IT하드웨어,WI26,,20261008
069620,대웅제약,제약바이오,WI410,건강관리,WI26,,20261008
069640,한세엠케이,소비재,WI310,"화장품,의류",WI26,,20261008
069730,DSR제강,소재,WI210,철강,WI26,,20261008
069960,현대백화점,소비재,WI340,소매(유통),WI26,,20261008
070300,퀀텀레일,IT하드웨어,WI610,IT하드웨어,WI26,,20261008
070590,인티큐브,IT서비스,WI600,소프트웨어,WI26,,20261008
070960,모나용평,소비재,WI320,"호텔,레저",WI26,,20261008
071050,한국금융지주,금융,WI510,증권,WI26,,20261008
071090,하이스틸,소재,WI210,철강,WI26,,20261008
071200,인피니트헬스케어,제약바이오,WI410,건강관리,WI26,,20261008
071280,로체시스템즈,반도체소부장,WI620,반도체,WI26,,20261008
071320,지역난방공사,유틸리티,WI800,유틸리티,WI26,,20261008
071670,에이테크솔루션,산업재,WI230,기계,WI26,,20261008
071840,롯데하이마트,소비재,WI340,소매(유통),WI26,,20261008
071850,캐스텍코리아,자동차,WI300,자동차,WI26,,20261008
071950,코아스,건설,WI220,건설,WI26,,20261008
071970,HD현대마린엔진,조선,WI240,조선,WI26,,20261008
072020,중앙백신,제약바이오,WI410,건강관리,WI26,,20261008
072130,유엔젤,IT서비스,WI600,소프트웨어,WI26,,20261008
072470,우리산업홀딩스,자동차,WI300,자동차,WI26,,20261008
072710,농심홀딩스,소비재,WI400,필수소비재,WI26,,20261008
072770,멤레이비티,IT서비스,WI600,소프트웨어,WI26,,20261008
072870,메가스터디,미디어,WI330,"미디어,교육",WI26,,20261008
072950,빛샘전자,IT하드웨어,WI610,IT하드웨어,WI26,,20261008
072990,에이치시티,IT하드웨어,WI610,IT하드웨어,WI26,,20261008
073010,케이에스피,조선,WI240,조선,WI26,,20261008
073110,엘엠에스,디스플레이,WI640,디스플레이,WI26,,20261008
073240,금호타이어,자동차,WI300,자동차,WI26,,20261008
073490,LIG아큐버,IT하드웨어,WI610,IT하드웨어,WI26,,20261008
073540,에프알텍,IT하드웨어,WI610,IT하드웨어,WI26,,20261008
073560,우리손에프앤지,소비재,WI400,필수소비재,WI26,,20261008
074430,아미노로직스,제약바이오,WI410,건강관리,WI26,,20261008
074600,원익QnC,반도체소부장,WI620,반도체,WI26,,20261008
074610,이엔플러스,산업재,WI230,기계,WI26,,20261008
075130,플랜티넷,IT서비스,WI600,소프트웨어,WI26,,20261008
075180,새론오토모티브,자동차,WI300,자동차,WI26,,20261008
075580,세진중공업,조선,WI240,조선,WI26,,20261008
075970,동국알앤에스,소재,WI200,비철금속,WI26,,20261008
076080,웰크론한텍,건설,WI220,건설,WI26,,20261008
076610,해성옵틱스,IT하드웨어,WI610,IT하드웨어,WI26,,20261008
077360,덕산하이메탈,반도체소부장,WI620,반도체,WI26,,20261008
077500,유니퀘스트,반도체소부장,WI620,반도체,WI26,,20261008
077970,STX엔진,조선,WI240,조선,WI26,,20261008
078000,텔코웨어,IT서비스,WI600,소프트웨어,WI26,,20261008
078020,LS증권,금융,WI510,증권,WI26,,20261008
078070,유비쿼스홀딩스,IT하드웨어,WI610,IT하드웨어,WI26,,20261008
078130,에스엠국일,소재,WI200,비철금속,WI26,,20261008
078140,대봉엘에스,제약바이오,WI410,건강관리,WI26,,20261008
078150,HB테크놀러지,디스플레이,WI640,디스플레이,WI26,,20261008
078160,메디포스트,제약바이오,WI410,건강관리,WI26,,20261008
078340,컴투스,IT서비스,WI600,소프트웨어,WI26,,20261008
078350,한양디지텍,반도체소부장,WI620,반도체,WI26,,20261008
078520,에이블씨엔씨,소비재,WI310,"화장품,의류",WI26,,20261008
078590,휴림에이텍,자동차,WI300,자동차,WI26,,20261008
078600,대주전자재료,이차전지,WI610,IT하드웨어,MANUAL_OVERRIDE,실리콘 음극재,20261008
078860,아이오케이이엔엠,미디어,WI330,"미디어,교육",WI26,,20261008
078890,가온그룹,IT가전,WI630,IT가전,WI26,,20261008
078930,GS,에너지,WI100,에너지,WI26,,20261008
079000,와토스코리아,건설,WI220,건설,WI26,,20261008
079160,CJ CGV,미디어,WI330,"미디어,교육",WI26,,20261008
079170,한창산업,소재,WI200,비철금속,WI26,,20261008
079370,제우스,반도체소부장,WI620,반도체,WI26,,20261008
079430,현대리바트,건설,WI220,건설,WI26,,20261008
079550,LIG디펜스앤에어로스페이스,산업재,WI250,"상사,자본재",WI26,,20261008
079650,서산,건설,WI220,건설,WI26,,20261008
079810,APS이노베이션,IT가전,WI630,IT가전,WI26,,20261008
079900,전진건설로봇,산업재,WI230,기계,WI26,,20261008
079940,가비아,IT서비스,WI600,소프트웨어,WI26,,20261008
079960,동양이엔피,IT가전,WI630,IT가전,WI26,,20261008
079980,휴비스,소비재,WI310,"화장품,의류",WI26,,20261008
080010,이상네트웍스,소비재,WI320,"호텔,레저",WI26,,20261008
080160,모두투어,소비재,WI320,"호텔,레저",WI26,,20261008
080220,제주반도체,반도체소부장,WI620,반도체,WI26,,20261008
080420,모다이노칩,소비재,WI340,소매(유통),WI26,,20261008
080470,성창오토텍,자동차,WI300,자동차,WI26,,20261008
080520,오디텍,반도체소부장,WI620,반도체,WI26,,20261008
080530,코디,소비재,WI310,"화장품,의류",WI26,,20261008
080580,오킨스전자,반도체소부장,WI620,반도체,WI26,,20261008
081000,일진다이아,소재,WI200,비철금속,WI26,,20261008
081150,티플랙스,소재,WI200,비철금속,WI26,,20261008
081180,쎄크,IT하드웨어,WI610,IT하드웨어,WI26,,20261008
081580,성우전자,IT하드웨어,WI610,IT하드웨어,WI26,,20261008
081660,미스토홀딩스,소비재,WI310,"화장품,의류",WI26,,20261008
082210,옵트론텍,IT하드웨어,WI610,IT하드웨어,WI26,,20261008
082270,젬백스,반도체소부장,WI620,반도체,WI26,,20261008
082740,한화엔진,조선,WI240,조선,WI26,,20261008
082800,비보존 제약,제약바이오,WI410,건강관리,WI26,,20261008
082850,우리바이오,디스플레이,WI640,디스플레이,WI26,,20261008
082920,비츠로셀,IT가전,WI630,IT가전,WI26,,20261008
083310,엘오티베큠,반도체소부장,WI620,반도체,WI26,,20261008
083420,그린케미칼,소재,WI110,화학,WI26,,20261008
083450,GST,반도체소부장,WI620,반도체,WI26,,20261008
083470,이엠앤아이,디스플레이,WI640,디스플레이,WI26,,20261008
083500,에프엔에스테크,디스플레이,WI640,디스플레이,WI26,,20261008
083550,케이엠,소비재,WI310,"화장품,의류",WI26,,20261008
083640,인콘,IT하드웨어,WI610,IT하드웨어,WI26,,20261008
083650,비에이치아이,에너지,WI100,에너지,WI26,,20261008
083660,CSA 코스믹,소비재,WI310,"화장품,의류",WI26,,20261008
083790,CG인바이츠,제약바이오,WI410,건강관리,WI26,,20261008
083930,아바코,IT가전,WI630,IT가전,WI26,,20261008
084010,대한제강,소재,WI210,철강,WI26,,20261008
084110,휴온스글로벌,제약바이오,WI410,건강관리,WI26,,20261008
084370,유진테크,반도체소부장,WI620,반도체,WI26,,20261008
084440,유비온,미디어,WI330,"미디어,교육",WI26,,20261008
084670,동양고속,운송,WI260,운송,WI26,,20261008
084690,대상홀딩스,소비재,WI400,필수소비재,WI26,,20261008
084730,팅크웨어,IT가전,WI630,IT가전,WI26,,20261008
084850,아이티엠반도체,IT하드웨어,WI610,IT하드웨어,WI26,,20261008
084870,TBH글로벌,소비재,WI310,"화장품,의류",WI26,,20261008
084990,헬릭스미스,제약바이오,WI410,건강관리,WI26,,20261008
085310,엔케이,조선,WI240,조선,WI26,,20261008
085620,미래에셋생명,금융,WI520,보험,WI26,,20261008
085660,차바이오텍,제약바이오,WI410,건강관리,WI26,,20261008
085670,뉴프렉스,IT하드웨어,WI610,IT하드웨어,WI26,,20261008
085810,알티캐스트,건설,WI220,건설,WI26,,20261008
085910,네오티스,자동차,WI300,자동차,WI26,,20261008
086040,바이오톡스텍,제약바이오,WI410,건강관리,WI26,,20261008
086060,진바이오텍,제약바이오,WI410,건강관리,WI26,,20261008
086280,현대글로비스,운송,WI260,운송,WI26,,20261008
086390,유니테스트,반도체소부장,WI620,반도체,WI26,,20261008
086450,동국제약,제약바이오,WI410,건강관리,WI26,,20261008
086520,에코프로,이차전지,WI110,화학,MANUAL_OVERRIDE,이차전지 소재 지주/계열,20261008
086670,비엠티,산업재,WI230,기계,WI26,,20261008
086710,선진뷰티사이언스,소비재,WI310,"화장품,의류",WI26,,20261008
086790,하나금융지주,금융,WI500,은행,WI26,,20261008
086820,바이오솔루션,제약바이오,WI410,건강관리,WI26,,20261008
086890,이수앱지스,제약바이오,WI410,건강관리,WI26,,20261008
086900,메디톡스,제약바이오,WI410,건강관리,WI26,,20261008
086960,MDS테크,IT서비스,WI600,소프트웨어,WI26,,20261008
086980,쇼박스,미디어,WI330,"미디어,교육",WI26,,20261008
087010,펩트론,제약바이오,WI410,건강관리,WI26,,20261008
087600,픽셀플러스,반도체소부장,WI620,반도체,WI26,,20261008
088130,동아엘텍,디스플레이,WI640,디스플레이,WI26,,20261008
088280,쏘닉스,IT하드웨어,WI610,IT하드웨어,WI26,,20261008
088340,유라클,IT서비스,WI600,소프트웨어,WI26,,20261008
088350,한화생명,금융,WI520,보험,WI26,,20261008
088390,이녹스,소비재,WI310,"화장품,의류",WI26,,20261008
088790,진도,소비재,WI310,"화장품,의류",WI26,,20261008
088800,에이스테크,IT하드웨어,WI610,IT하드웨어,WI26,,20261008
088910,동우팜투테이블,소비재,WI400,필수소비재,WI26,,20261008
089010,켐트로닉스,IT하드웨어,WI610,IT하드웨어,WI26,,20261008
089030,테크윙,반도체소부장,WI620,반도체,WI26,,20261008
089140,넥스턴앤롤코리아,산업재,WI230,기계,WI26,,20261008
089150,케이씨티,IT하드웨어,WI610,IT하드웨어,WI26,,20261008
089230,THE E&M,IT서비스,WI600,소프트웨어,WI26,,20261008
089470,HDC현대EP,자동차,WI300,자동차,WI26,,20261008
089590,제주항공,운송,WI260,운송,WI26,,20261008
089600,KT나스미디어,미디어,WI330,"미디어,교육",WI26,,20261008
089790,제이티,반도체소부장,WI620,반도체,WI26,,20261008
089850,유비벨록스,IT가전,WI630,IT가전,WI26,,20261008
089860,롯데렌탈,운송,WI260,운송,WI26,,20261008
089890,코세스,반도체소부장,WI620,반도체,WI26,,20261008
089970,브이엠,반도체소부장,WI620,반도체,WI26,,20261008
089980,상아프론테크,IT하드웨어,WI610,IT하드웨어,WI26,,20261008
090080,평화산업,자동차,WI300,자동차,WI26,,20261008
090150,아이윈,자동차,WI300,자동차,WI26,,20261008
090350,노루페인트,건설,WI220,건설,WI26,,20261008
090360,로보스타,산업재,WI230,기계,WI26,,20261008
090370,메타랩스,산업재,WI250,"상사,자본재",WI26,,20261008
090410,덕신이피씨,건설,WI220,건설,WI26,,20261008
090430,아모레퍼시픽,소비재,WI310,"화장품,의류",WI26,,20261008
090460,비에이치,IT하드웨어,WI610,IT하드웨어,WI26,,20261008
090470,제이스로보틱스,IT하드웨어,WI610,IT하드웨어,WI26,,20261008
090710,휴림로봇,산업재,WI230,기계,WI26,,20261008
090850,현대이지웰,산업재,WI250,"상사,자본재",WI26,,20261008
091120,이엠텍,IT하드웨어,WI610,IT하드웨어,WI26,,20261008
091340,S&K폴리텍,IT하드웨어,WI610,IT하드웨어,WI26,,20261008
091440,한울소재과학,IT하드웨어,WI610,IT하드웨어,WI26,,20261008
091580,상신이디피,IT가전,WI630,IT가전,WI26,,20261008
091590,남화토건,건설,WI220,건설,WI26,,20261008
091700,파트론,IT하드웨어,WI610,IT하드웨어,WI26,,20261008
091810,트리니티항공,운송,WI260,운송,WI26,,20261008
091970,LSK아이로봇,소재,WI110,화학,WI26,,20261008
092040,아미코젠,제약바이오,WI410,건강관리,WI26,,20261008
092070,디엔에프,반도체소부장,WI620,반도체,WI26,,20261008
092130,이크레더블,산업재,WI250,"상사,자본재",WI26,,20261008
092190,서울바이오시스,디스플레이,WI640,디스플레이,WI26,,20261008
092200,디아이씨,자동차,WI300,자동차,WI26,,20261008
092220,KEC,반도체소부장,WI620,반도체,WI26,,20261008
092230,KPX홀딩스,소재,WI110,화학,WI26,,20261008
092300,현우산업,IT하드웨어,WI610,IT하드웨어,WI26,,20261008
092440,기신정기,산업재,WI230,기계,WI26,,20261008
092460,한라IMS,조선,WI240,조선,WI26,,20261008
092730,네오팜,소비재,WI310,"화장품,의류",WI26,,20261008
092780,DYP,자동차,WI300,자동차,WI26,,20261008
092790,넥스틸,소재,WI210,철강,WI26,,20261008
092870,엑시콘,반도체소부장,WI620,반도체,WI26,,20261008
093050,LF,소비재,WI310,"화장품,의류",WI26,,20261008
093190,빅솔론,IT하드웨어,WI610,IT하드웨어,WI26,,20261008
093320,케이아이엔엑스,IT서비스,WI600,소프트웨어,WI26,,20261008
093370,후성,소재,WI110,화학,WI26,,20261008
093380,풍강,자동차,WI300,자동차,WI26,,20261008
093520,매커스,반도체소부장,WI620,반도체,WI26,,20261008
093640,케이알엠,반도체소부장,WI620,반도체,WI26,,20261008
093920,서원인텍,IT하드웨어,WI610,IT하드웨어,WI26,,20261008
094170,동운아나텍,반도체소부장,WI620,반도체,WI26,,20261008
094280,효성ITX,산업재,WI250,"상사,자본재",WI26,,20261008
094360,칩스앤미디어,반도체소부장,WI620,반도체,WI26,,20261008
094480,갤럭시아머니트리,IT서비스,WI600,소프트웨어,WI26,,20261008
094820,일진파워,건설,WI220,건설,WI26,,20261008
094840,슈프리마에이치큐,IT하드웨어,WI610,IT하드웨어,WI26,,20261008
094850,참좋은여행,소비재,WI320,"호텔,레저",WI26,,20261008
094860,네오리진,IT서비스,WI600,소프트웨어,WI26,,20261008
094940,푸른로보틱스,IT하드웨어,WI610,IT하드웨어,WI26,,20261008
094970,제이엠티,디스플레이,WI640,디스플레이,WI26,,20261008
095190,신화프리텍,산업재,WI230,기계,WI26,,20261008
095270,웨이브일렉트로,산업재,WI250,"상사,자본재",WI26,,20261008
095340,ISC,반도체소부장,WI620,반도체,WI26,,20261008
095500,미래나노텍,디스플레이,WI640,디스플레이,WI26,,20261008
095570,AJ네트웍스,운송,WI260,운송,WI26,,20261008
095610,테스,반도체소부장,WI620,반도체,WI26,,20261008
095660,네오위즈,IT서비스,WI600,소프트웨어,WI26,,20261008
095700,제넥신,제약바이오,WI410,건강관리,WI26,,20261008
095720,웅진씽크빅,미디어,WI330,"미디어,교육",WI26,,20261008
096240,크레버스,미디어,WI330,"미디어,교육",WI26,,20261008
096250,와이즈넛,IT서비스,WI600,소프트웨어,WI26,,20261008
096350,대창솔루션,조선,WI240,조선,WI26,,20261008
096530,씨젠,제약바이오,WI410,건강관리,WI26,,20261008
096630,에스코넥,IT하드웨어,WI610,IT하드웨어,WI26,,20261008
096690,에이루트,IT하드웨어,WI610,IT하드웨어,WI26,,20261008
096760,JW홀딩스,제약바이오,WI410,건강관리,WI26,,20261008
096770,SK이노베이션,에너지,WI100,에너지,WI26,,20261008
096870,엘디티,디스플레이,WI640,디스플레이,WI26,,20261008
097230,HJ중공업,건설,WI220,건설,WI26,,20261008
097520,엠씨넥스,IT하드웨어,WI610,IT하드웨어,WI26,,20261008
097780,에코볼트,자동차,WI300,자동차,WI26,,20261008
097800,윈팩,반도체소부장,WI620,반도체,WI26,,20261008
097870,효성오앤비,소재,WI110,화학,WI26,,20261008
097950,CJ제일제당,소비재,WI400,필수소비재,WI26,,20261008
098070,한텍,에너지,WI100,에너지,WI26,,20261008
098120,마이크로컨텍솔,반도체소부장,WI620,반도체,WI26,,20261008
098460,고영,IT하드웨어,WI610,IT하드웨어,WI26,,20261008
098660,에스티오,소비재,WI310,"화장품,의류",WI26,,20261008
099190,아이센스,제약바이오,WI410,건강관리,WI26,,20261008
099320,쎄트렉아이,산업재,WI250,"상사,자본재",WI26,,20261008
099390,브레인즈컴퍼니,IT서비스,WI600,소프트웨어,WI26,,20261008
099410,동방선기,조선,WI240,조선,WI26,,20261008
099430,바이오플러스,제약바이오,WI410,건강관리,WI26,,20261008
099440,스맥,산업재,WI230,기계,WI26,,20261008
099750,이지케어텍,제약바이오,WI410,건강관리,WI26,,20261008
100030,인지소프트,IT서비스,WI600,소프트웨어,WI26,,20261008
100090,SK오션플랜트,에너지,WI100,에너지,WI26,,20261008
100120,뷰웍스,제약바이오,WI410,건강관리,WI26,,20261008
100130,동국S&C,에너지,WI100,에너지,WI26,,20261008
100220,비상교육,미디어,WI330,"미디어,교육",WI26,,20261008
100250,진양홀딩스,자동차,WI300,자동차,WI26,,20261008
100590,머큐리,IT하드웨어,WI610,IT하드웨어,WI26,,20261008
100660,서암기계공업,산업재,WI230,기계,WI26,,20261008
100700,세운메디칼,제약바이오,WI410,건강관리,WI26,,20261008
100790,미래에셋벤처투자,금융,WI500,은행,WI26,,20261008
100840,SNT에너지,에너지,WI100,에너지,WI26,,20261008
101140,인바이오젠,IT하드웨어,WI610,IT하드웨어,WI26,,20261008
101160,월덱스,반도체소부장,WI620,반도체,WI26,,20261008
101170,우림피티에스,산업재,WI230,기계,WI26,,20261008
101240,씨큐브,소재,WI110,화학,WI26,,20261008
101330,모베이스,자동차,WI300,자동차,WI26,,20261008
101360,에코앤드림,소재,WI110,화학,WI26,,20261008
101400,엔시트론,반도체소부장,WI620,반도체,WI26,,20261008
101490,에스앤에스텍,반도체소부장,WI620,반도체,WI26,,20261008
101530,해태제과식품,소비재,WI400,필수소비재,WI26,,20261008
101680,한국정밀기계,산업재,WI230,기계,WI26,,20261008
101730,위메이드맥스,IT서비스,WI600,소프트웨어,WI26,,20261008
101930,인화정공,조선,WI240,조선,WI26,,20261008
101970,우양에이치씨,에너지,WI100,에너지,WI26,,20261008
102120,어보브반도체,반도체소부장,WI620,반도체,WI26,,20261008
102260,동성케미컬,소재,WI110,화학,WI26,,20261008
102370,케이옥션,소비재,WI340,소매(유통),WI26,,20261008
102460,이연제약,제약바이오,WI410,건강관리,WI26,,20261008
102710,이엔에프테크놀로지,반도체소부장,WI620,반도체,WI26,,20261008
102940,코오롱생명과학,제약바이오,WI410,건강관리,WI26,,20261008
103140,풍산,소재,WI200,비철금속,WI26,,20261008
103590,일진전기,산업재,WI230,기계,WI26,,20261008
103840,우양,소비재,WI400,필수소비재,WI26,,20261008
104040,디에스엠,자동차,WI300,자동차,WI26,,20261008
104200,NHN벅스,미디어,WI330,"미디어,교육",WI26,,20261008
104460,디와이피엔에프,산업재,WI230,기계,WI26,,20261008
104480,티케이케미칼,소재,WI110,화학,WI26,,20261008
104540,코렌텍,제약바이오,WI410,건강관리,WI26,,20261008
104620,노랑풍선,소비재,WI320,"호텔,레저",WI26,,20261008
104700,한국철강,소재,WI210,철강,WI26,,20261008
104830,원익머트리얼즈,소재,WI110,화학,WI26,,20261008
105330,케이엔더블유,반도체소부장,WI620,반도체,WI26,,20261008
105550,엣지파운드리,자동차,WI300,자동차,WI26,,20261008
105560,KB금융,금융,WI500,은행,WI26,,20261008
105630,한세실업,소비재,WI310,"화장품,의류",WI26,,20261008
105740,디케이락,산업재,WI230,기계,WI26,,20261008
105760,포스뱅크,산업재,WI250,"상사,자본재",WI26,,20261008
105840,우진,산업재,WI230,기계,WI26,,20261008
106190,하이텍팜,제약바이오,WI410,건강관리,WI26,,20261008
106240,파인테크닉스,디스플레이,WI640,디스플레이,WI26,,20261008
107590,미원홀딩스,소재,WI110,화학,WI26,,20261008
107600,새빗켐,IT가전,WI630,IT가전,WI26,,20261008
107640,한중엔시에스,산업재,WI230,기계,WI26,,20261008
108230,톱텍,산업재,WI230,기계,WI26,,20261008
108320,LX세미콘,디스플레이,WI640,디스플레이,WI26,,20261008
108380,대양전기공업,조선,WI240,조선,WI26,,20261008
108490,로보티즈,산업재,WI230,기계,WI26,,20261008
108670,LX하우시스,건설,WI220,건설,WI26,,20261008
108860,셀바스AI,제약바이오,WI410,건강관리,WI26,,20261008
109070,주성코퍼레이션,운송,WI260,운송,WI26,,20261008
109080,옵티시스,IT하드웨어,WI610,IT하드웨어,WI26,,20261008
109610,에스와이,건설,WI220,건설,WI26,,20261008
109670,씨싸이트,소비재,WI310,"화장품,의류",WI26,,20261008
109740,디에스케이,IT하드웨어,WI610,IT하드웨어,WI26,,20261008
109820,진매트릭스,제약바이오,WI410,건강관리,WI26,,20261008
109860,동일금속,산업재,WI230,기계,WI26,,20261008
109960,앱토크롬,제약바이오,WI410,건강관리,WI26,,20261008
110020,전진바이오팜,소비재,WI400,필수소비재,WI26,,20261008
110790,크리스에프앤씨,소비재,WI310,"화장품,의류",WI26,,20261008
110990,디아이티,반도체소부장,WI620,반도체,WI26,,20261008
111110,호전실업,소비재,WI310,"화장품,의류",WI26,,20261008
111380,동인기연,소비재,WI310,"화장품,의류",WI26,,20261008
111710,남화산업,소비재,WI320,"호텔,레저",WI26,,20261008
111770,영원무역,소비재,WI310,"화장품,의류",WI26,,20261008
112040,위메이드,IT서비스,WI600,소프트웨어,WI26,,20261008
112290,와이씨켐,반도체소부장,WI620,반도체,WI26,,20261008
112610,씨에스윈드,에너지,WI100,에너지,WI26,,20261008
113810,디젠스,자동차,WI300,자동차,WI26,,20261008
114090,GKL,소비재,WI320,"호텔,레저",WI26,,20261008
114190,강원에너지,IT하드웨어,WI610,IT하드웨어,WI26,,20261008
114450,그린생명과학,제약바이오,WI410,건강관리,WI26,,20261008
114630,폴라리스우노,소비재,WI310,"화장품,의류",WI26,,20261008
114810,한솔아이원스,반도체소부장,WI620,반도체,WI26,,20261008
114840,아이패밀리에스씨,소비재,WI310,"화장품,의류",WI26,,20261008
115160,휴맥스,IT가전,WI630,IT가전,WI26,,20261008
115180,큐리언트,제약바이오,WI410,건강관리,WI26,,20261008
115310,인포바인,IT서비스,WI600,소프트웨어,WI26,,20261008
115440,우리넷,IT하드웨어,WI610,IT하드웨어,WI26,,20261008
115450,HLB테라퓨틱스,제약바이오,WI410,건강관리,WI26,,20261008
115480,씨유메디칼,제약바이오,WI410,건강관리,WI26,,20261008
115500,케이씨에스,IT서비스,WI600,소프트웨어,WI26,,20261008
115530,씨엔플러스,에너지,WI100,에너지,WI26,,20261008
115570,스타플렉스,소재,WI110,화학,WI26,,20261008
115610,이미지스,IT하드웨어,WI610,IT하드웨어,WI26,,20261008
117580,대성에너지,유틸리티,WI800,유틸리티,WI26,,20261008
117670,알파칩스,반도체소부장,WI620,반도체,WI26,,20261008
117730,티로보틱스,산업재,WI230,기계,WI26,,20261008
118000,메타케어,제약바이오,WI410,건강관리,WI26,,20261008
118990,모트렉스,자동차,WI300,자동차,WI26,,20261008
119500,포메탈,산업재,WI230,기계,WI26,,20261008
119610,인터로조,제약바이오,WI410,건강관리,WI26,,20261008
119650,KC코트렐,산업재,WI250,"상사,자본재",WI26,,20261008
119830,아이텍,반도체소부장,WI620,반도체,WI26,,20261008
119850,지엔씨에너지,산업재,WI230,기계,WI26,,20261008
120030,조선선재,소재,WI210,철강,WI26,,20261008
120110,코오롱인더,소재,WI110,화학,WI26,,20261008
120240,대정화금,소재,WI110,화학,WI26,,20261008
121440,골프존홀딩스,소비재,WI310,"화장품,의류",WI26,,20261008
121600,나노신소재,이차전지,WI110,화학,MANUAL_OVERRIDE,도전재,20261008
121890,에스디시스템,운송,WI260,운송,WI26,,20261008
122310,제노레이,제약바이오,WI410,건강관리,WI26,,20261008
122350,삼기,자동차,WI300,자동차,WI26,,20261008
122450,KX,산업재,WI250,"상사,자본재",WI26,,20261008
122640,예스티,반도체소부장,WI620,반도체,WI26,,20261008
122690,서진오토모티브,자동차,WI300,자동차,WI26,,20261008
122870,와이지엔터테인먼트,미디어,WI330,"미디어,교육",WI26,,20261008
122900,아이마켓코리아,산업재,WI250,"상사,자본재",WI26,,20261008
122990,와이솔,IT하드웨어,WI610,IT하드웨어,WI26,,20261008
123010,MSDI,IT하드웨어,WI610,IT하드웨어,WI26,,20261008
123040,엠에스오토텍,자동차,WI300,자동차,WI26,,20261008
123330,제닉,소비재,WI310,"화장품,의류",WI26,,20261008
123410,코리아에프티,자동차,WI300,자동차,WI26,,20261008
123420,위메이드플레이,IT서비스,WI600,소프트웨어,WI26,,20261008
123570,이엠넷,미디어,WI330,"미디어,교육",WI26,,20261008
123690,한국화장품,소비재,WI310,"화장품,의류",WI26,,20261008
123700,SJM,자동차,WI300,자동차,WI26,,20261008
123750,알톤,소비재,WI310,"화장품,의류",WI26,,20261008
123840,뉴온,제약바이오,WI410,건강관리,WI26,,20261008
123860,아나패스,디스플레이,WI640,디스플레이,WI26,,20261008
123890,한국자산신탁,금융,WI500,은행,WI26,,20261008
124500,아이티센글로벌,IT서비스,WI600,소프트웨어,WI26,,20261008
124560,태웅로직스,운송,WI260,운송,WI26,,20261008
125020,티씨머티리얼즈,산업재,WI230,기계,WI26,,20261008
125210,아모그린텍,소재,WI110,화학,WI26,,20261008
125490,한라캐스트,자동차,WI300,자동차,WI26,,20261008
126340,비나텍,산업재,WI230,기계,WI26,,20261008
126560,현대퓨처넷,소비재,WI310,"화장품,의류",WI26,,20261008
126600,BGF에코머티리얼즈,소재,WI110,화학,WI26,,20261008
126640,화신정공,자동차,WI300,자동차,WI26,,20261008
126700,하이비젼시스템,IT하드웨어,WI610,IT하드웨어,WI26,,20261008
126720,수산인더스트리,에너지,WI100,에너지,WI26,,20261008
126730,코칩,IT가전,WI630,IT가전,WI26,,20261008
126880,제이엔케이글로벌,에너지,WI100,에너지,WI26,,20261008
127120,제이에스링크,제약바이오,WI410,건강관리,WI26,,20261008
127710,아시아경제,미디어,WI330,"미디어,교육",WI26,,20261008
127980,화인써키트,IT하드웨어,WI610,IT하드웨어,WI26,,20261008
128540,에코캡,자동차,WI300,자동차,WI26,,20261008
128660,피제이메탈,소재,WI200,비철금속,WI26,,20261008
128820,대성산업,에너지,WI100,에너지,WI26,,20261008
128940,한미약품,제약바이오,WI410,건강관리,WI26,,20261008
129260,인터지스,운송,WI260,운송,WI26,,20261008
129890,앱코,IT하드웨어,WI610,IT하드웨어,WI26,,20261008
129920,대성하이텍,산업재,WI230,기계,WI26,,20261008
130500,GH신소재,자동차,WI300,자동차,WI26,,20261008
130580,나이스디앤비,산업재,WI250,"상사,자본재",WI26,,20261008
130660,한전산업,유틸리티,WI800,유틸리티,WI26,,20261008
130740,티피씨글로벌,자동차,WI300,자동차,WI26,,20261008
131030,옵투스제약,제약바이오,WI410,건강관리,WI26,,20261008
131090,시큐브,IT서비스,WI600,소프트웨어,WI26,,20261008
131100,티엔엔터테인먼트,미디어,WI330,"미디어,교육",WI26,,20261008
131180,딜리,IT하드웨어,WI610,IT하드웨어,WI26,,20261008
131220,대한과학,제약바이오,WI410,건강관리,WI26,,20261008
131290,티에스이,반도체소부장,WI620,반도체,WI26,,20261008
131370,알서포트,IT서비스,WI600,소프트웨어,WI26,,20261008
131970,두산테스나,반도체소부장,WI620,반도체,WI26,,20261008
133750,메가엠디,미디어,WI330,"미디어,교육",WI26,,20261008
133820,화인베스틸,소재,WI210,철강,WI26,,20261008
134060,이퓨쳐,미디어,WI330,"미디어,교육",WI26,,20261008
134380,미원화학,소재,WI110,화학,WI26,,20261008
134580,엔키AX,IT서비스,WI600,소프트웨어,WI26,,20261008
134790,시디즈,건설,WI220,건설,WI26,,20261008
136150,원일티엔아이,에너지,WI100,에너지,WI26,,20261008
136410,아셈스,소재,WI110,화학,WI26,,20261008
136480,하림,소비재,WI400,필수소비재,WI26,,20261008
136490,선진,소비재,WI400,필수소비재,WI26,,20261008
136540,윈스테크넷,IT서비스,WI600,소프트웨어,WI26,,20261008
137080,나래나노텍,디스플레이,WI640,디스플레이,WI26,,20261008
137310,에스디바이오센서,제약바이오,WI410,건강관리,WI26,,20261008
137400,피엔티,IT가전,WI630,IT가전,WI26,,20261008
137940,넥스트아이,소비재,WI310,"화장품,의류",WI26,,20261008
137950,제이씨케미칼,에너지,WI100,에너지,WI26,,20261008
138040,메리츠금융지주,금융,WI510,증권,WI26,,20261008
138070,신진에스엠,산업재,WI230,기계,WI26,,20261008
138080,오이솔루션,IT하드웨어,WI610,IT하드웨어,WI26,,20261008
138360,앤로보틱스,산업재,WI230,기계,WI26,,20261008
138610,나이벡,제약바이오,WI410,건강관리,WI26,,20261008
138930,BNK금융지주,금융,WI500,은행,WI26,,20261008
139130,iM금융지주,금융,WI500,은행,WI26,,20261008
139480,이마트,소비재,WI340,소매(유통),WI26,,20261008
139670,키네마스터,IT서비스,WI600,소프트웨어,WI26,,20261008
139990,아주스틸,소재,WI210,철강,WI26,,20261008
140070,서플러스글로벌,반도체소부장,WI620,반도체,WI26,,20261008
140410,메지온,소비재,WI400,필수소비재,WI26,,20261008
140430,카티스,IT하드웨어,WI610,IT하드웨어,WI26,,20261008
140520,대창스틸,소재,WI210,철강,WI26,,20261008
140670,알에스오토메이션,산업재,WI230,기계,WI26,,20261008
140860,파크시스템스,IT하드웨어,WI610,IT하드웨어,WI26,,20261008
141000,비아트론,디스플레이,WI640,디스플레이,WI26,,20261008
141080,리가켐바이오,제약바이오,WI410,건강관리,WI26,,20261008
142210,유니트론텍,반도체소부장,WI620,반도체,WI26,,20261008
142280,녹십자엠에스,제약바이오,WI410,건강관리,WI26,,20261008
143160,아이디스,IT하드웨어,WI610,IT하드웨어,WI26,,20261008
143210,핸즈코퍼레이션,자동차,WI300,자동차,WI26,,20261008
143240,사람인,산업재,WI250,"상사,자본재",WI26,,20261008
143540,영우디에스피,디스플레이,WI640,디스플레이,WI26,,20261008
144510,지씨셀,제약바이오,WI410,건강관리,WI26,,20261008
144960,뉴파워프라즈마,반도체소부장,WI620,반도체,WI26,,20261008
145020,휴젤,제약바이오,WI410,건강관리,WI26,,20261008
145170,노브랜드,소비재,WI310,"화장품,의류",WI26,,20261008
145720,덴티움,제약바이오,WI410,건강관리,WI26,,20261008
145990,삼양사,소비재,WI400,필수소비재,WI26,,20261008
146060,율촌,자동차,WI300,자동차,WI26,,20261008
146320,비씨엔씨,반도체소부장,WI620,반도체,WI26,,20261008
147760,피엠티,반도체소부장,WI620,반도체,WI26,,20261008
147830,제룡산업,산업재,WI230,기계,WI26,,20261008
148150,세경하이테크,IT하드웨어,WI610,IT하드웨어,WI26,,20261008
148250,알엔투테크놀로지,IT하드웨어,WI610,IT하드웨어,WI26,,20261008
148780,비큐AI,IT서비스,WI600,소프트웨어,WI26,,20261008
148930,에이치와이티씨,IT가전,WI630,IT가전,WI26,,20261008
149950,아바텍,디스플레이,WI640,디스플레이,WI26,,20261008
149980,하이로닉,제약바이오,WI410,건강관리,WI26,,20261008
150900,파수AI,IT서비스,WI600,소프트웨어,WI26,,20261008
151860,KG에코솔루션,자동차,WI300,자동차,WI26,,20261008
153460,네이블,IT서비스,WI600,소프트웨어,WI26,,20261008
153490,우리이앤엘하루틴,디스플레이,WI640,디스플레이,WI26,,20261008
153710,옵티팜,제약바이오,WI410,건강관리,WI26,,20261008
153890,져스텍,산업재,WI230,기계,WI26,,20261008
154030,아시아종묘,제약바이오,WI410,건강관리,WI26,,20261008
154040,다산솔루에타,IT가전,WI630,IT가전,WI26,,20261008
155650,와이엠씨,디스플레이,WI640,디스플레이,WI26,,20261008
155660,DSR,소재,WI200,비철금속,WI26,,20261008
156100,엘앤케이바이오,제약바이오,WI410,건강관리,WI26,,20261008
158430,아톤,IT서비스,WI600,소프트웨어,WI26,,20261008
159010,아스플로,산업재,WI230,기계,WI26,,20261008
159580,제로투세븐,소비재,WI310,"화장품,의류",WI26,,20261008
159910,에코글로우,소비재,WI310,"화장품,의류",WI26,,20261008
160190,하이젠알앤엠,산업재,WI230,기계,WI26,,20261008
160550,NEW,미디어,WI330,"미디어,교육",WI26,,20261008
160980,싸이맥스,반도체소부장,WI620,반도체,WI26,,20261008
161000,애경케미칼,소재,WI110,화학,WI26,,20261008
161390,한국타이어앤테크놀로지,자동차,WI300,자동차,WI26,,20261008
161580,필옵틱스,IT하드웨어,WI610,IT하드웨어,WI26,,20261008
161890,한국콜마,소비재,WI310,"화장품,의류",WI26,,20261008
162300,신스틸,소재,WI210,철강,WI26,,20261008
163280,에어레인,소재,WI110,화학,WI26,,20261008
163560,동일고무벨트,소재,WI110,화학,WI26,,20261008
163730,핑거,IT서비스,WI600,소프트웨어,WI26,,20261008
166090,하나머티리얼즈,반도체소부장,WI620,반도체,WI26,,20261008
166480,코아스템켐온,제약바이오,WI410,건강관리,WI26,,20261008
168330,내츄럴엔도텍,소비재,WI310,"화장품,의류",WI26,,20261008
168360,펨트론,IT하드웨어,WI610,IT하드웨어,WI26,,20261008
169330,엠브레인,IT서비스,WI600,소프트웨어,WI26,,20261008
170030,현대공업,자동차,WI300,자동차,WI26,,20261008
170790,파이오링크,IT하드웨어,WI610,IT하드웨어,WI26,,20261008
170900,동아에스티,제약바이오,WI410,건강관리,WI26,,20261008
170920,엘티씨,반도체소부장,WI620,반도체,WI26,,20261008
171010,램테크놀러지,반도체소부장,WI620,반도체,WI26,,20261008
171090,선익시스템,디스플레이,WI640,디스플레이,WI26,,20261008
171120,라이온켐텍,건설,WI220,건설,WI26,,20261008
172670,에이엘티,반도체소부장,WI620,반도체,WI26,,20261008
173130,오파스넷,IT서비스,WI600,소프트웨어,WI26,,20261008
173940,에프엔씨엔터,미디어,WI330,"미디어,교육",WI26,,20261008
174900,앱클론,제약바이오,WI410,건강관리,WI26,,20261008
175140,아고스,IT가전,WI630,IT가전,WI26,,20261008
175330,JB금융지주,금융,WI500,은행,WI26,,20261008
176750,듀켐바이오,제약바이오,WI410,건강관리,WI26,,20261008
177350,베셀,소재,WI110,화학,WI26,,20261008
177830,파버나인,디스플레이,WI640,디스플레이,WI26,,20261008
177900,쓰리에이로직스,IT하드웨어,WI610,IT하드웨어,WI26,,20261008
178320,서진시스템,산업재,WI230,기계,WI26,,20261008
178780,일월지엠엘,소비재,WI340,소매(유통),WI26,,20261008
178920,PI첨단소재,소재,WI110,화학,WI26,,20261008
179290,엠아이텍,제약바이오,WI410,건강관리,WI26,,20261008
179530,애드바이오텍,제약바이오,WI410,건강관리,WI26,,20261008
179900,유티아이,IT하드웨어,WI610,IT하드웨어,WI26,,20261008
180640,한진칼,운송,WI260,운송,WI26,,20261008
181710,NHN,IT서비스,WI600,소프트웨어,WI26,,20261008
182360,큐브엔터,미디어,WI330,"미디어,교육",WI26,,20261008
183190,아세아시멘트,건설,WI220,건설,WI26,,20261008
183300,코미코,반도체소부장,WI620,반도체,WI26,,20261008
184230,SGA솔루션즈,IT서비스,WI600,소프트웨어,WI26,,20261008
185490,아이진,제약바이오,WI410,건강관리,WI26,,20261008
185750,종근당,제약바이오,WI410,건강관리,WI26,,20261008
186230,그린플러스,건설,WI220,건설,WI26,,20261008
187220,디티앤씨,IT하드웨어,WI610,IT하드웨어,WI26,,20261008
187270,신화콘텍,IT하드웨어,WI610,IT하드웨어,WI26,,20261008
187420,HLB제넥스,제약바이오,WI410,건강관리,WI26,,20261008
187660,페니트리움바이오,제약바이오,WI410,건강관리,WI26,,20261008
187790,나노,소재,WI110,화학,WI26,,20261008
187870,디바이스,디스플레이,WI640,디스플레이,WI26,,20261008
188040,바이오포트,소비재,WI400,필수소비재,WI26,,20261008
188260,세니젠,제약바이오,WI410,건강관리,WI26,,20261008
189300,인텔리안테크,IT하드웨어,WI610,IT하드웨어,WI26,,20261008
189330,씨이랩,IT서비스,WI600,소프트웨어,WI26,,20261008
189690,포시에스,IT서비스,WI600,소프트웨어,WI26,,20261008
189860,서전기전,산업재,WI230,기계,WI26,,20261008
189980,흥국에프엔비,소비재,WI400,필수소비재,WI26,,20261008
190510,나무가,IT하드웨어,WI610,IT하드웨어,WI26,,20261008
190650,코리아에셋투자증권,금융,WI510,증권,WI26,,20261008
191420,테고사이언스,제약바이오,WI410,건강관리,WI26,,20261008
192080,더블유게임즈,IT서비스,WI600,소프트웨어,WI26,,20261008
192250,케이사인,IT서비스,WI600,소프트웨어,WI26,,20261008
192390,윈하이텍,건설,WI220,건설,WI26,,20261008
192400,쿠쿠홀딩스,소비재,WI310,"화장품,의류",WI26,,20261008
192410,오늘이엔엠,IT하드웨어,WI610,IT하드웨어,WI26,,20261008
192440,슈피겐코리아,IT하드웨어,WI610,IT하드웨어,WI26,,20261008
192650,드림텍,IT하드웨어,WI610,IT하드웨어,WI26,,20261008
192820,코스맥스,소비재,WI310,"화장품,의류",WI26,,20261008
193250,링크드,IT하드웨어,WI610,IT하드웨어,WI26,,20261008
194370,제이에스코퍼레이션,소비재,WI310,"화장품,의류",WI26,,20261008
194480,데브시스터즈,IT서비스,WI600,소프트웨어,WI26,,20261008
194700,노바렉스,제약바이오,WI410,건강관리,WI26,,20261008
195500,마니커에프앤지,소비재,WI400,필수소비재,WI26,,20261008
195870,해성디에스,반도체소부장,WI620,반도체,WI26,,20261008
195940,HK이노엔,제약바이오,WI410,건강관리,WI26,,20261008
196170,알테오젠,제약바이오,WI410,건강관리,WI26,,20261008
196450,코아시아씨엠,IT하드웨어,WI610,IT하드웨어,WI26,,20261008
196700,웹스,소재,WI110,화학,WI26,,20261008
197140,디지캡,IT서비스,WI600,소프트웨어,WI26,,20261008
198080,캐프,IT하드웨어,WI610,IT하드웨어,WI26,,20261008
198440,강동씨앤엘,건설,WI220,건설,WI26,,20261008
198940,한주라이트메탈,자동차,WI300,자동차,WI26,,20261008
199430,케이엔알시스템,산업재,WI230,기계,WI26,,20261008
199480,뱅크웨어글로벌,IT서비스,WI600,소프트웨어,WI26,,20261008
199550,레이저옵텍,제약바이오,WI410,건강관리,WI26,,20261008
199800,툴젠,제약바이오,WI410,건강관리,WI26,,20261008
199820,제일일렉트릭,산업재,WI230,기계,WI26,,20261008
200130,콜마비앤에이치,제약바이오,WI410,건강관리,WI26,,20261008
200230,텔콘RF제약,제약바이오,WI410,건강관리,WI26,,20261008
200350,아티스트스튜디오,미디어,WI330,"미디어,교육",WI26,,20261008
200470,에이팩트,반도체소부장,WI620,반도체,WI26,,20261008
200670,휴메딕스,제약바이오,WI410,건강관리,WI26,,20261008
200710,에이디테크놀로지,반도체소부장,WI620,반도체,WI26,,20261008
200780,비씨월드제약,제약바이오,WI410,건강관리,WI26,,20261008
200880,서연이화,자동차,WI300,자동차,WI26,,20261008
201490,미투온,IT서비스,WI600,소프트웨어,WI26,,20261008
203400,에이비온,제약바이오,WI410,건강관리,WI26,,20261008
203450,유니온바이오메트릭스,IT하드웨어,WI610,IT하드웨어,WI26,,20261008
203650,드림시큐리티,산업재,WI250,"상사,자본재",WI26,,20261008
204020,그리티,소비재,WI310,"화장품,의류",WI26,,20261008
204270,제이앤티씨,IT하드웨어,WI610,IT하드웨어,WI26,,20261008
204320,HL만도,자동차,WI300,자동차,WI26,,20261008
204610,티쓰리,IT서비스,WI600,소프트웨어,WI26,,20261008
204620,글로벌텍스프리,금융,WI500,은행,WI26,,20261008
204840,지엘팜텍,제약바이오,WI410,건강관리,WI26,,20261008
205100,엑셈,IT서비스,WI600,소프트웨어,WI26,,20261008
205470,휴마시스,제약바이오,WI410,건강관리,WI26,,20261008
205500,넥써쓰,IT서비스,WI600,소프트웨어,WI26,,20261008
206560,덱스터,미디어,WI330,"미디어,교육",WI26,,20261008
206640,바디텍메드,제약바이오,WI410,건강관리,WI26,,20261008
206650,유바이오로직스,제약바이오,WI410,건강관리,WI26,,20261008
207760,미스터블루,IT서비스,WI600,소프트웨어,WI26,,20261008
207940,삼성바이오로직스,제약바이오,WI410,건강관리,WI26,,20261008
208140,정다운,소비재,WI400,필수소비재,WI26,,20261008
208350,지란지교시큐리티,IT서비스,WI600,소프트웨어,WI26,,20261008
208370,셀바스헬스케어,제약바이오,WI410,건강관리,WI26,,20261008
208710,포톤,IT하드웨어,WI610,IT하드웨어,WI26,,20261008
208860,다산디엠씨,자동차,WI300,자동차,WI26,,20261008
209640,와이제이링크,IT하드웨어,WI610,IT하드웨어,WI26,,20261008
210120,빅텐츠,미디어,WI330,"미디어,교육",WI26,,20261008
210540,디와이파워,산업재,WI230,기계,WI26,,20261008
210980,SK디앤디,금융,WI500,은행,WI26,,20261008
211050,인카금융서비스,금융,WI520,보험,WI26,,20261008
211270,AP위성,IT하드웨어,WI610,IT하드웨어,WI26,,20261008
212560,네오오토,자동차,WI300,자동차,WI26,,20261008
212710,아이에스티이,반도체소부장,WI620,반도체,WI26,,20261008
213420,덕산네오룩스,디스플레이,WI640,디스플레이,WI26,,20261008
213500,한솔제지,소재,WI200,비철금속,WI26,,20261008
214150,클래시스,제약바이오,WI410,건강관리,WI26,,20261008
214180,헥토이노베이션,IT서비스,WI600,소프트웨어,WI26,,20261008
214260,라파스,소비재,WI310,"화장품,의류",WI26,,20261008
214270,FSN,IT서비스,WI600,소프트웨어,WI26,,20261008
214320,이노션,미디어,WI330,"미디어,교육",WI26,,20261008
214330,금호에이치티,자동차,WI300,자동차,WI26,,20261008
214370,케어젠,제약바이오,WI410,건강관리,WI26,,20261008
214390,경보제약,제약바이오,WI410,건강관리,WI26,,20261008
214420,토니모리,소비재,WI310,"화장품,의류",WI26,,20261008
214430,아이쓰리시스템,산업재,WI250,"상사,자본재",WI26,,20261008
214450,파마리서치,제약바이오,WI410,건강관리,WI26,,20261008
214680,디알텍,제약바이오,WI410,건강관리,WI26,,20261008
215000,골프존,소비재,WI320,"호텔,레저",WI26,,20261008
215090,솔디펜스,산업재,WI250,"상사,자본재",WI26,,20261008
215100,로보로보,미디어,WI330,"미디어,교육",WI26,,20261008
215200,메가스터디교육,미디어,WI330,"미디어,교육",WI26,,20261008
215360,우리산업,자동차,WI300,자동차,WI26,,20261008
215380,콜마바이오텍,제약바이오,WI410,건강관리,WI26,,20261008
215480,토박스코리아,소비재,WI310,"화장품,의류",WI26,,20261008
215600,신라젠,제약바이오,WI410,건강관리,WI26,,20261008
216050,인크로스,미디어,WI330,"미디어,교육",WI26,,20261008
216080,제테마,제약바이오,WI410,건강관리,WI26,,20261008
217190,제너셈,반도체소부장,WI620,반도체,WI26,,20261008
217270,넵튠,IT서비스,WI600,소프트웨어,WI26,,20261008
217330,싸이토젠,제약바이오,WI410,건강관리,WI26,,20261008
217500,러셀,반도체소부장,WI620,반도체,WI26,,20261008
217590,티엠씨,조선,WI240,조선,WI26,,20261008
217730,강스템바이오텍,제약바이오,WI410,건강관리,WI26,,20261008
217820,원익피앤이,IT가전,WI630,IT가전,WI26,,20261008
218150,미래생명자원,소비재,WI400,필수소비재,WI26,,20261008
218410,RFHIC,IT하드웨어,WI610,IT하드웨어,WI26,,20261008
219130,타이거일렉,반도체소부장,WI620,반도체,WI26,,20261008
219420,링크제니시스,IT서비스,WI600,소프트웨어,WI26,,20261008
219750,한국비티비,제약바이오,WI410,건강관리,WI26,,20261008
220100,퓨쳐켐,제약바이오,WI410,건강관리,WI26,,20261008
220180,폴라리스AI핸디,IT서비스,WI600,소프트웨어,WI26,,20261008
220260,켐트로스,소재,WI110,화학,WI26,,20261008
221800,지구홀딩스,제약바이오,WI410,건강관리,WI26,,20261008
221840,하이즈항공,산업재,WI250,"상사,자본재",WI26,,20261008
221980,케이디켐,소재,WI110,화학,WI26,,20261008
222040,코스맥스엔비티,제약바이오,WI410,건강관리,WI26,,20261008
222080,SFA넥셀,IT가전,WI630,IT가전,WI26,,20261008
222110,팬젠,제약바이오,WI410,건강관리,WI26,,20261008
222420,쎄노텍,소재,WI110,화학,WI26,,20261008
222800,심텍,IT하드웨어,WI610,IT하드웨어,WI26,,20261008
222980,한국맥널티,소비재,WI400,필수소비재,WI26,,20261008
223250,드림씨아이에스,제약바이오,WI410,건강관리,WI26,,20261008
223310,사토시홀딩스,소비재,WI400,필수소비재,WI26,,20261008
224060,더코디,IT가전,WI630,IT가전,WI26,,20261008
224110,에이텍모빌리티,IT하드웨어,WI610,IT하드웨어,WI26,,20261008
225190,LK삼양,IT하드웨어,WI610,IT하드웨어,WI26,,20261008
225220,제놀루션,제약바이오,WI410,건강관리,WI26,,20261008
225530,HC보광산업,건설,WI220,건설,WI26,,20261008
225570,넥슨게임즈,IT서비스,WI600,소프트웨어,WI26,,20261008
226320,잇츠한불,소비재,WI310,"화장품,의류",WI26,,20261008
226330,신테카바이오,제약바이오,WI410,건강관리,WI26,,20261008
226340,본느,소비재,WI310,"화장품,의류",WI26,,20261008
226400,오스테오닉,제약바이오,WI410,건강관리,WI26,,20261008
226590,엠디바이스,반도체소부장,WI620,반도체,WI26,,20261008
226950,올릭스,제약바이오,WI410,건강관리,WI26,,20261008
227610,아우딘퓨쳐스,소비재,WI310,"화장품,의류",WI26,,20261008
227840,현대코퍼레이션홀딩스,소비재,WI400,필수소비재,WI26,,20261008
227950,엔투텍,반도체소부장,WI620,반도체,WI26,,20261008
228340,동양파일,건설,WI220,건설,WI26,,20261008
228670,레이,제약바이오,WI410,건강관리,WI26,,20261008
228760,지노믹트리,제약바이오,WI410,건강관리,WI26,,20261008
228850,레이언스,제약바이오,WI410,건강관리,WI26,,20261008
229000,젠큐릭스,제약바이오,WI410,건강관리,WI26,,20261008
229640,LS에코에너지,산업재,WI230,기계,WI26,,20261008
230240,에치에프알,IT하드웨어,WI610,IT하드웨어,WI26,,20261008
232140,와이씨,반도체소부장,WI620,반도체,WI26,,20261008
232680,라온로보틱스,반도체소부장,WI620,반도체,WI26,,20261008
232830,아이티센피엔에스,IT서비스,WI600,소프트웨어,WI26,,20261008
234030,싸이닉솔루션,반도체소부장,WI620,반도체,WI26,,20261008
234080,JW생명과학,제약바이오,WI410,건강관리,WI26,,20261008
234100,폴라리스세원,자동차,WI300,자동차,WI26,,20261008
234300,에스트래픽,IT서비스,WI600,소프트웨어,WI26,,20261008
234340,헥토파이낸셜,IT서비스,WI600,소프트웨어,WI26,,20261008
234690,녹십자웰빙,제약바이오,WI410,건강관리,WI26,,20261008
235980,메드팩토,제약바이오,WI410,건강관리,WI26,,20261008
236200,슈프리마,IT하드웨어,WI610,IT하드웨어,WI26,,20261008
236810,엔비티,미디어,WI330,"미디어,교육",WI26,,20261008
237690,에스티팜,제약바이오,WI410,건강관리,WI26,,20261008
237750,피앤씨테크,산업재,WI230,기계,WI26,,20261008
237820,플레이디,미디어,WI330,"미디어,교육",WI26,,20261008
237880,클리오,소비재,WI310,"화장품,의류",WI26,,20261008
238090,앤디포스,IT하드웨어,WI610,IT하드웨어,WI26,,20261008
238120,얼라인드,제약바이오,WI410,건강관리,WI26,,20261008
238200,비피도,제약바이오,WI410,건강관리,WI26,,20261008
238490,힘스,디스플레이,WI640,디스플레이,WI26,,20261008
239610,에이치엘사이언스,제약바이오,WI410,건강관리,WI26,,20261008
239890,피엔에이치테크,디스플레이,WI640,디스플레이,WI26,,20261008
240550,동방메디컬,제약바이오,WI410,건강관리,WI26,,20261008
240810,원익IPS,반도체소부장,WI620,반도체,WI26,,20261008
241520,DSC인베스트먼트,금융,WI500,은행,WI26,,20261008
241560,두산밥캣,산업재,WI230,기계,WI26,,20261008
241590,화승엔터프라이즈,소비재,WI310,"화장품,의류",WI26,,20261008
241690,유니테크노,자동차,WI300,자동차,WI26,,20261008
241710,코스메카코리아,소비재,WI310,"화장품,의류",WI26,,20261008
241770,메카로,반도체소부장,WI620,반도체,WI26,,20261008
241790,티이엠씨씨엔에스,반도체소부장,WI620,반도체,WI26,,20261008
241840,에이스토리,미디어,WI330,"미디어,교육",WI26,,20261008
242040,나무AX,IT서비스,WI600,소프트웨어,WI26,,20261008
243070,휴온스,제약바이오,WI410,건강관리,WI26,,20261008
243840,신흥에스이씨,IT가전,WI630,IT가전,WI26,,20261008
244920,에이플러스에셋,금융,WI520,보험,WI26,,20261008
246690,TS인베스트먼트,금융,WI500,은행,WI26,,20261008
246710,티앤알바이오팹,제약바이오,WI410,건강관리,WI26,,20261008
246960,SCL사이언스,제약바이오,WI410,건강관리,WI26,,20261008
247540,에코프로비엠,이차전지,WI630,IT가전,MANUAL_OVERRIDE,양극재,20261008
248070,솔루엠,IT하드웨어,WI610,IT하드웨어,WI26,,20261008
248170,샘표식품,소비재,WI400,필수소비재,WI26,,20261008
249420,일동제약,제약바이오,WI410,건강관리,WI26,,20261008
250000,보라티알,소비재,WI400,필수소비재,WI26,,20261008
250060,모비스,IT서비스,WI600,소프트웨어,WI26,,20261008
251120,바이오에프디엔씨,제약바이오,WI410,건강관리,WI26,,20261008
251270,넷마블,IT서비스,WI600,소프트웨어,WI26,,20261008
251370,와이엠티,소재,WI110,화학,WI26,,20261008
251630,브이원텍,산업재,WI230,기계,WI26,,20261008
251970,펌텍코리아,소재,WI200,비철금속,WI26,,20261008
252500,세화피앤씨,소비재,WI310,"화장품,의류",WI26,,20261008
252990,샘씨엔에스,반도체소부장,WI620,반도체,WI26,,20261008
253450,스튜디오드래곤,미디어,WI330,"미디어,교육",WI26,,20261008
253590,네오셈,반도체소부장,WI620,반도체,WI26,,20261008
253840,수젠텍,제약바이오,WI410,건강관리,WI26,,20261008
254120,자비스,IT하드웨어,WI610,IT하드웨어,WI26,,20261008
254490,미래반도체,반도체소부장,WI620,반도체,WI26,,20261008
255220,SG,건설,WI220,건설,WI26,,20261008
255440,야스,디스플레이,WI640,디스플레이,WI26,,20261008
256150,한독크린텍,소비재,WI310,"화장품,의류",WI26,,20261008
256630,포인트엔지니어링,디스플레이,WI640,디스플레이,WI26,,20261008
256840,한국비엔씨,제약바이오,WI410,건강관리,WI26,,20261008
256940,킵스파마,소재,WI200,비철금속,WI26,,20261008
257370,피엔티엠에스,IT가전,WI630,IT가전,WI26,,20261008
257720,실리콘투,소비재,WI340,소매(유통),WI26,,20261008
258610,케일럼,IT하드웨어,WI610,IT하드웨어,WI26,,20261008
258790,소프트캠프,IT서비스,WI600,소프트웨어,WI26,,20261008
259630,엠플러스,IT가전,WI630,IT가전,WI26,,20261008
259960,크래프톤,IT서비스,WI600,소프트웨어,WI26,,20261008
260660,알리코제약,제약바이오,WI410,건강관리,WI26,,20261008
260930,씨티케이,소비재,WI310,"화장품,의류",WI26,,20261008
260970,에스앤디,소비재,WI400,필수소비재,WI26,,20261008
261200,덴티스,제약바이오,WI410,건강관리,WI26,,20261008
261520,이지스,IT서비스,WI600,소프트웨어,WI26,,20261008
261780,아리바이오랩,제약바이오,WI410,건강관리,WI26,,20261008
262260,에이프로,IT하드웨어,WI610,IT하드웨어,WI26,,20261008
262840,아이퀘스트,IT서비스,WI600,소프트웨어,WI26,,20261008
263020,디케이앤디,소비재,WI310,"화장품,의류",WI26,,20261008
263600,덕우전자,IT하드웨어,WI610,IT하드웨어,WI26,,20261008
263690,디알젬,제약바이오,WI410,건강관리,WI26,,20261008
263700,케어랩스,제약바이오,WI410,건강관리,WI26,,20261008
263720,디앤씨미디어,미디어,WI330,"미디어,교육",WI26,,20261008
263750,펄어비스,IT서비스,WI600,소프트웨어,WI26,,20261008
263770,유에스티,소재,WI210,철강,WI26,,20261008
263800,데이타솔루션,IT서비스,WI600,소프트웨어,WI26,,20261008
263810,상신전자,IT하드웨어,WI610,IT하드웨어,WI26,,20261008
263860,지니언스,IT서비스,WI600,소프트웨어,WI26,,20261008
263920,휴엠앤씨,소재,WI200,비철금속,WI26,,20261008
264450,유비쿼스,IT하드웨어,WI610,IT하드웨어,WI26,,20261008
264660,씨앤지하이테크,반도체소부장,WI620,반도체,WI26,,20261008
264850,이랜시스,IT하드웨어,WI610,IT하드웨어,WI26,,20261008
264900,크라운제과,소비재,WI400,필수소비재,WI26,,20261008
265520,AP시스템,디스플레이,WI640,디스플레이,WI26,,20261008
265560,영화테크,자동차,WI300,자동차,WI26,,20261008
265740,엔에프씨,소비재,WI310,"화장품,의류",WI26,,20261008
266690,덕산넵코어스,산업재,WI250,"상사,자본재",WI26,,20261008
267250,HD현대,조선,WI240,조선,WI26,,20261008
267260,HD현대일렉트릭,산업재,WI230,기계,WI26,,20261008
267270,HD건설기계,산업재,WI230,기계,WI26,,20261008
267290,경동도시가스,유틸리티,WI800,유틸리티,WI26,,20261008
267320,나인테크,IT가전,WI630,IT가전,WI26,,20261008
267790,배럴,소비재,WI310,"화장품,의류",WI26,,20261008
267850,아시아나IDT,IT서비스,WI600,소프트웨어,WI26,,20261008
267980,매일유업,소비재,WI400,필수소비재,WI26,,20261008
268280,미원에스씨,소재,WI110,화학,WI26,,20261008
270520,앱튼,에너지,WI100,에너지,WI26,,20261008
270660,에브리봇,소비재,WI310,"화장품,의류",WI26,,20261008
270870,뉴트리,제약바이오,WI410,건강관리,WI26,,20261008
271560,오리온,소비재,WI400,필수소비재,WI26,,20261008
271830,팸텍,IT하드웨어,WI610,IT하드웨어,WI26,,20261008
271940,일진하이솔루스,자동차,WI300,자동차,WI26,,20261008
271980,제일약품,제약바이오,WI410,건강관리,WI26,,20261008
272110,케이엔제이,반도체소부장,WI620,반도체,WI26,,20261008
272210,한화시스템,산업재,WI250,"상사,자본재",WI26,,20261008
272290,이녹스첨단소재,디스플레이,WI640,디스플레이,WI26,,20261008
272450,진에어,운송,WI260,운송,WI26,,20261008
272550,삼양패키징,소재,WI200,비철금속,WI26,,20261008
273060,와이즈버즈,미디어,WI330,"미디어,교육",WI26,,20261008
273640,와이엠텍,IT가전,WI630,IT가전,WI26,,20261008
274090,켄코아에어로스페이스,산업재,WI250,"상사,자본재",WI26,,20261008
274400,이노시뮬레이션,IT서비스,WI600,소프트웨어,WI26,,20261008
275630,에스에스알,IT서비스,WI600,소프트웨어,WI26,,20261008
276730,한울앤제주,소비재,WI400,필수소비재,WI26,,20261008
277070,린드먼아시아,금융,WI500,은행,WI26,,20261008
277410,인산가,소비재,WI400,필수소비재,WI26,,20261008
277810,레인보우로보틱스,산업재,WI230,기계,WI26,,20261008
277880,티에스아이,IT하드웨어,WI610,IT하드웨어,WI26,,20261008
278280,천보,이차전지,WI630,IT가전,MANUAL_OVERRIDE,전해질/첨가제,20261008
278470,에이피알,소비재,WI310,"화장품,의류",WI26,,20261008
278650,HLB바이오스텝,제약바이오,WI410,건강관리,WI26,,20261008
279570,케이뱅크,금융,WI500,은행,WI26,,20261008
279600,미디어젠,IT서비스,WI600,소프트웨어,WI26,,20261008
280360,롯데웰푸드,소비재,WI400,필수소비재,WI26,,20261008
281740,레이크머티리얼즈,소재,WI110,화학,WI26,,20261008
281820,케이씨텍,반도체소부장,WI620,반도체,WI26,,20261008
282330,BGF리테일,소비재,WI340,소매(유통),WI26,,20261008
282620,기도산업,소비재,WI310,"화장품,의류",WI26,,20261008
282720,금양그린파워,에너지,WI100,에너지,WI26,,20261008
282880,코윈로보틱스,산업재,WI230,기계,WI26,,20261008
284740,쿠쿠홈시스,소비재,WI310,"화장품,의류",WI26,,20261008
285130,SK케미칼,소재,WI110,화학,WI26,,20261008
285490,노바텍,IT하드웨어,WI610,IT하드웨어,WI26,,20261008
285800,진영,소재,WI110,화학,WI26,,20261008
286750,나노실리칸첨단소재,소재,WI110,화학,WI26,,20261008
286940,롯데이노베이트,IT서비스,WI600,소프트웨어,WI26,,20261008
287840,인투셀,제약바이오,WI410,건강관리,WI26,,20261008
288180,케이피항공산업,산업재,WI250,"상사,자본재",WI26,,20261008
288620,에스프리즘,IT가전,WI630,IT가전,WI26,,20261008
289080,SV인베스트먼트,금융,WI500,은행,WI26,,20261008
289220,자이언트스텝,IT서비스,WI600,소프트웨어,WI26,,20261008
289930,웨이비스,산업재,WI250,"상사,자본재",WI26,,20261008
290090,트윔,IT서비스,WI600,소프트웨어,WI26,,20261008
290120,DH오토리드,자동차,WI300,자동차,WI26,,20261008
290270,휴네시온,IT서비스,WI600,소프트웨어,WI26,,20261008
290520,신도기연,디스플레이,WI640,디스플레이,WI26,,20261008
290550,디케이티,IT하드웨어,WI610,IT하드웨어,WI26,,20261008
290560,파라택시스이더리움,IT서비스,WI600,소프트웨어,WI26,,20261008
290650,엘앤씨바이오,제약바이오,WI410,건강관리,WI26,,20261008
290660,다이나믹솔루션,제약바이오,WI410,건강관리,WI26,,20261008
290670,대보마그네틱,IT하드웨어,WI610,IT하드웨어,WI26,,20261008
290690,아리바이오홀딩스,디스플레이,WI640,디스플레이,WI26,,20261008
290720,푸드나무,소비재,WI400,필수소비재,WI26,,20261008
290740,액트로,IT하드웨어,WI610,IT하드웨어,WI26,,20261008
291230,컴투스엔,미디어,WI330,"미디어,교육",WI26,,20261008
291650,츌립앤사이언스,제약바이오,WI410,건강관리,WI26,,20261008
293480,하나제약,제약바이오,WI410,건강관리,WI26,,20261008
293490,카카오게임즈,IT서비스,WI600,소프트웨어,WI26,,20261008
293580,나우IB,금융,WI500,은행,WI26,,20261008
293780,압타바이오,제약바이오,WI410,건강관리,WI26,,20261008
294570,쿠콘,IT서비스,WI600,소프트웨어,WI26,,20261008
294630,서남,산업재,WI230,기계,WI26,,20261008
294870,IPARK현대산업개발,건설,WI220,건설,WI26,,20261008
295310,에이치브이엠,소재,WI200,비철금속,WI26,,20261008
296640,이노에이엑스,IT서비스,WI600,소프트웨어,WI26,,20261008
297090,씨에스베어링,산업재,WI230,기계,WI26,,20261008
297570,아틀라스링크,IT가전,WI630,IT가전,WI26,,20261008
297890,HB솔루션,디스플레이,WI640,디스플레이,WI26,,20261008
298000,효성화학,소재,WI110,화학,WI26,,20261008
298020,효성티앤씨,산업재,WI250,"상사,자본재",WI26,,20261008
298040,효성중공업,산업재,WI230,기계,WI26,,20261008
298050,HS효성첨단소재,소재,WI110,화학,WI26,,20261008
298380,에이비엘바이오,제약바이오,WI410,건강관리,WI26,,20261008
298540,더네이쳐홀딩스,소비재,WI310,"화장품,의류",WI26,,20261008
298690,에어부산,운송,WI260,운송,WI26,,20261008
298830,슈어소프트테크,IT서비스,WI600,소프트웨어,WI26,,20261008
299030,하나기술,IT하드웨어,WI610,IT하드웨어,WI26,,20261008
299170,더블유에스아이,제약바이오,WI410,건강관리,WI26,,20261008
299660,셀리드,제약바이오,WI410,건강관리,WI26,,20261008
300080,플리토,IT서비스,WI600,소프트웨어,WI26,,20261008
300120,라온피플,IT서비스,WI600,소프트웨어,WI26,,20261008
300720,한일시멘트,건설,WI220,건설,WI26,,20261008
301300,바이브컴퍼니,IT서비스,WI600,소프트웨어,WI26,,20261008
302430,이노메트리,IT가전,WI630,IT가전,WI26,,20261008
302440,SK바이오사이언스,제약바이오,WI410,건강관리,WI26,,20261008
302550,리메드,제약바이오,WI410,건강관리,WI26,,20261008
303360,프로티아,제약바이오,WI410,건강관리,WI26,,20261008
303530,이노뎁,IT서비스,WI600,소프트웨어,WI26,,20261008
303810,동국생명과학,제약바이오,WI410,건강관리,WI26,,20261008
304100,솔트룩스,IT서비스,WI600,소프트웨어,WI26,,20261008
304360,에스바이오메딕스,제약바이오,WI410,건강관리,WI26,,20261008
304840,피플바이오,제약바이오,WI410,건강관리,WI26,,20261008
305090,마이크로디지탈,제약바이오,WI410,건강관리,WI26,,20261008
306200,세아제강,소재,WI210,철강,WI26,,20261008
306620,지아이에스,반도체소부장,WI620,반도체,WI26,,20261008
307180,아이엘,디스플레이,WI640,디스플레이,WI26,,20261008
307280,원바이오젠,제약바이오,WI410,건강관리,WI26,,20261008
307750,국전,제약바이오,WI410,건강관리,WI26,,20261008
307870,비투엔,IT서비스,WI600,소프트웨어,WI26,,20261008
307930,컴퍼니케이,금융,WI500,은행,WI26,,20261008
307950,현대오토에버,IT서비스,WI600,소프트웨어,WI26,,20261008
308080,바이젠셀,제약바이오,WI410,건강관리,WI26,,20261008
308170,씨티알모빌리티,자동차,WI300,자동차,WI26,,20261008
308430,셀비온,제약바이오,WI410,건강관리,WI26,,20261008
309930,조이웍스앤코,건설,WI220,건설,WI26,,20261008
309960,LB인베스트먼트,금융,WI500,은행,WI26,,20261008
310200,애니플러스,미디어,WI330,"미디어,교육",WI26,,20261008
310210,보로노이,제약바이오,WI410,건강관리,WI26,,20261008
310870,디와이씨,자동차,WI300,자동차,WI26,,20261008
311320,지오엘리먼트,반도체소부장,WI620,반도체,WI26,,20261008
311390,네오크레마,소비재,WI400,필수소비재,WI26,,20261008
311690,CJ 바이오사이언스,제약바이오,WI410,건강관리,WI26,,20261008
314130,지놈앤컴퍼니,제약바이오,WI410,건강관리,WI26,,20261008
314140,알피바이오,제약바이오,WI410,건강관리,WI26,,20261008
314930,바이오다인,제약바이오,WI410,건강관리,WI26,,20261008
315640,딥노이드,IT서비스,WI600,소프트웨어,WI26,,20261008
316140,우리금융지주,금융,WI500,은행,WI26,,20261008
317120,라닉스,IT하드웨어,WI610,IT하드웨어,WI26,,20261008
317240,TS트릴리온,소비재,WI400,필수소비재,WI26,,20261008
317330,덕산테코피아,반도체소부장,WI620,반도체,WI26,,20261008
317400,자이에스앤디,건설,WI220,건설,WI26,,20261008
317450,명인제약,제약바이오,WI410,건강관리,WI26,,20261008
317530,에피소드컴퍼니,IT서비스,WI600,소프트웨어,WI26,,20261008
317690,퀀타매트릭스,제약바이오,WI410,건강관리,WI26,,20261008
317770,엑스페릭스,IT하드웨어,WI610,IT하드웨어,WI26,,20261008
317830,에스피시스템스,산업재,WI230,기계,WI26,,20261008
317850,대모,산업재,WI230,기계,WI26,,20261008
317870,엔바이오니아,소비재,WI310,"화장품,의류",WI26,,20261008
318000,KBG,소재,WI110,화학,WI26,,20261008
318010,팜스빌,제약바이오,WI410,건강관리,WI26,,20261008
318020,포인트모바일,IT하드웨어,WI610,IT하드웨어,WI26,,20261008
318060,그래피,제약바이오,WI410,건강관리,WI26,,20261008
318160,셀바이오휴먼텍,소비재,WI310,"화장품,의류",WI26,,20261008
318410,비비씨,소비재,WI400,필수소비재,WI26,,20261008
319400,현대무벡스,산업재,WI230,기계,WI26,,20261008
319660,피에스케이,반도체소부장,WI620,반도체,WI26,,20261008
320000,한울반도체,IT하드웨어,WI610,IT하드웨어,WI26,,20261008
321260,프로이천,디스플레이,WI640,디스플레이,WI26,,20261008
321370,센서뷰,IT하드웨어,WI610,IT하드웨어,WI26,,20261008
321550,티움바이오,제약바이오,WI410,건강관리,WI26,,20261008
321820,아티스트컴퍼니,미디어,WI330,"미디어,교육",WI26,,20261008
322000,HD현대에너지솔루션,에너지,WI100,에너지,WI26,,20261008
322180,LS티라유텍,IT서비스,WI600,소프트웨어,WI26,,20261008
322310,오로스테크놀로지,반도체소부장,WI620,반도체,WI26,,20261008
322510,제이엘케이,제약바이오,WI410,건강관리,WI26,,20261008
322780,코퍼스코리아,미디어,WI330,"미디어,교육",WI26,,20261008
323280,태성,IT하드웨어,WI610,IT하드웨어,WI26,,20261008
323350,다원넥스뷰,반도체소부장,WI620,반도체,WI26,,20261008
323410,카카오뱅크,금융,WI500,은행,WI26,,20261008
323990,박셀바이오,제약바이오,WI410,건강관리,WI26,,20261008
326030,SK바이오팜,제약바이오,WI410,건강관리,WI26,,20261008
327260,RF머트리얼즈,산업재,WI250,"상사,자본재",WI26,,20261008
328130,루닛,제약바이오,WI410,건강관리,WI26,,20261008
328380,솔트웨어,IT서비스,WI600,소프트웨어,WI26,,20261008
329180,HD현대중공업,조선,WI240,조선,WI26,,20261008
330350,위더스제약,제약바이오,WI410,건강관리,WI26,,20261008
330730,스톤브릿지벤처스,금융,WI500,은행,WI26,,20261008
330860,네패스아크,반도체소부장,WI620,반도체,WI26,,20261008
331380,포커스에이아이,IT하드웨어,WI610,IT하드웨어,WI26,,20261008
331520,밸로프,IT서비스,WI600,소프트웨어,WI26,,20261008
331740,아우토크립트,자동차,WI300,자동차,WI26,,20261008
331920,셀레믹스,제약바이오,WI410,건강관리,WI26,,20261008
332290,누보,소재,WI110,화학,WI26,,20261008
332370,아이디피,IT하드웨어,WI610,IT하드웨어,WI26,,20261008
332570,PS일렉트로닉스,IT하드웨어,WI610,IT하드웨어,WI26,,20261008
333050,이노테나,IT서비스,WI600,소프트웨어,WI26,,20261008
333430,일승,조선,WI240,조선,WI26,,20261008
333620,엔시스,IT하드웨어,WI610,IT하드웨어,WI26,,20261008
334970,프레스티지바이오로직스,제약바이오,WI410,건강관리,WI26,,20261008
335810,프리시젼바이오,제약바이오,WI410,건강관리,WI26,,20261008
335870,윙스풋,소비재,WI310,"화장품,의류",WI26,,20261008
336060,웨이버스,IT서비스,WI600,소프트웨어,WI26,,20261008
336260,두산퓨얼셀,에너지,WI100,에너지,WI26,,20261008
336370,솔루스첨단소재,IT하드웨어,WI610,IT하드웨어,WI26,,20261008
336570,원텍,제약바이오,WI410,건강관리,WI26,,20261008
336680,탑런토탈솔루션,자동차,WI300,자동차,WI26,,20261008
337930,젝시믹스,소비재,WI310,"화장품,의류",WI26,,20261008
338220,뷰노,제약바이오,WI410,건강관리,WI26,,20261008
338840,와이바이오로직스,제약바이오,WI410,건강관리,WI26,,20261008
339770,교촌에프앤비,소비재,WI400,필수소비재,WI26,,20261008
339950,아이비김영,미디어,WI330,"미디어,교육",WI26,,20261008
340360,다보링크,IT하드웨어,WI610,IT하드웨어,WI26,,20261008
340450,지씨지놈,제약바이오,WI410,건강관리,WI26,,20261008
340570,티앤엘,제약바이오,WI410,건강관리,WI26,,20261008
340810,시선AI,IT서비스,WI600,소프트웨어,WI26,,20261008
342870,오아,소비재,WI310,"화장품,의류",WI26,,20261008
344820,KCC글라스,건설,WI220,건설,WI26,,20261008
344860,이노진,소비재,WI310,"화장품,의류",WI26,,20261008
347000,센코,IT하드웨어,WI610,IT하드웨어,WI26,,20261008
347700,스피어,산업재,WI250,"상사,자본재",WI26,,20261008
347740,피엔케이피부임상연구센타,제약바이오,WI410,건강관리,WI26,,20261008
347770,핌스,디스플레이,WI640,디스플레이,WI26,,20261008
347850,디앤디파마텍,제약바이오,WI410,건강관리,WI26,,20261008
347860,알체라,IT서비스,WI600,소프트웨어,WI26,,20261008
347890,엠엑스온,IT하드웨어,WI610,IT하드웨어,WI26,,20261008
348030,모비릭스,IT서비스,WI600,소프트웨어,WI26,,20261008
348080,큐라티스,제약바이오,WI410,건강관리,WI26,,20261008
348150,고바이오랩,제약바이오,WI410,건강관리,WI26,,20261008
348210,넥스틴,반도체소부장,WI620,반도체,WI26,,20261008
348340,뉴로메카,산업재,WI230,기계,WI26,,20261008
348350,위드텍,반도체소부장,WI620,반도체,WI26,,20261008
348370,엔켐,이차전지,WI630,IT가전,MANUAL_OVERRIDE,전해액,20261008
351320,넥사다이내믹스,디스플레이,WI640,디스플레이,WI26,,20261008
351330,이삭엔지니어링,IT서비스,WI600,소프트웨어,WI26,,20261008
351870,차이커뮤니케이션,미디어,WI330,"미디어,교육",WI26,,20261008
352090,스톰테크,소비재,WI310,"화장품,의류",WI26,,20261008
352480,씨앤씨인터내셔널,소비재,WI310,"화장품,의류",WI26,,20261008
352700,씨앤투스,소비재,WI310,"화장품,의류",WI26,,20261008
352820,하이브,미디어,WI330,"미디어,교육",WI26,,20261008
352910,오비고,IT서비스,WI600,소프트웨어,WI26,,20261008
352940,인바이오,소재,WI110,화학,WI26,,20261008
353190,휴럼,제약바이오,WI410,건강관리,WI26,,20261008
353200,대덕전자,IT하드웨어,WI610,IT하드웨어,WI26,,20261008
353590,오토앤,자동차,WI300,자동차,WI26,,20261008
353810,이지바이오,소비재,WI400,필수소비재,WI26,,20261008
354320,알멕,자동차,WI300,자동차,WI26,,20261008
355150,코스텍시스,반도체소부장,WI620,반도체,WI26,,20261008
355390,크라우드웍스,IT서비스,WI600,소프트웨어,WI26,,20261008
355690,에이텀,IT하드웨어,WI610,IT하드웨어,WI26,,20261008
356680,엑스게이트,IT서비스,WI600,소프트웨어,WI26,,20261008
356860,티엘비,반도체소부장,WI620,반도체,WI26,,20261008
356890,싸이버원,IT서비스,WI600,소프트웨어,WI26,,20261008
357230,에이치피오,제약바이오,WI410,건강관리,WI26,,20261008
357550,석경에이티,소재,WI110,화학,WI26,,20261008
357580,아모센스,IT하드웨어,WI610,IT하드웨어,WI26,,20261008
357780,솔브레인,반도체소부장,WI620,반도체,WI26,,20261008
357880,SKAI,IT서비스,WI600,소프트웨어,WI26,,20261008
358570,지아이이노베이션,제약바이오,WI410,건강관리,WI26,,20261008
359090,씨엔알리서치,제약바이오,WI410,건강관리,WI26,,20261008
360070,탑머티리얼,IT하드웨어,WI610,IT하드웨어,WI26,,20261008
360350,코셈,IT하드웨어,WI610,IT하드웨어,WI26,,20261008
361390,제노코,산업재,WI250,"상사,자본재",WI26,,20261008
361570,알비더블유,미디어,WI330,"미디어,교육",WI26,,20261008
361610,SK아이이테크놀로지,이차전지,WI630,IT가전,MANUAL_OVERRIDE,분리막,20261008
361670,삼영에스앤씨,IT하드웨어,WI610,IT하드웨어,WI26,,20261008
362320,청담글로벌,소비재,WI340,소매(유통),WI26,,20261008
362990,드림인사이트,미디어,WI330,"미디어,교육",WI26,,20261008
363250,진시스템,제약바이오,WI410,건강관리,WI26,,20261008
363260,모비데이즈,미디어,WI330,"미디어,교육",WI26,,20261008
363280,티와이홀딩스,소비재,WI320,"호텔,레저",WI26,,20261008
364950,에이아이코리아,IT하드웨어,WI610,IT하드웨어,WI26,,20261008
365270,큐라클,제약바이오,WI410,건강관리,WI26,,20261008
365330,에스와이스틸텍,건설,WI220,건설,WI26,,20261008
365340,성일하이텍,IT가전,WI630,IT가전,WI26,,20261008
365590,하이딥,반도체소부장,WI620,반도체,WI26,,20261008
365660,레몬헬스케어,제약바이오,WI410,건강관리,WI26,,20261008
365900,브이씨,소비재,WI310,"화장품,의류",WI26,,20261008
366030,나인앤컴퍼니,소비재,WI310,"화장품,의류",WI26,,20261008
367000,플래티어,IT서비스,WI600,소프트웨어,WI26,,20261008
368600,아이씨에이치,IT하드웨어,WI610,IT하드웨어,WI26,,20261008
368770,파이버프로,IT하드웨어,WI610,IT하드웨어,WI26,,20261008
368970,오에스피,소비재,WI400,필수소비재,WI26,,20261008
369370,블리츠웨이엔터테인먼트,미디어,WI330,"미디어,교육",WI26,,20261008
370090,퓨런티어,IT하드웨어,WI610,IT하드웨어,WI26,,20261008
371950,풍원정밀,디스플레이,WI640,디스플레이,WI26,,20261008
372170,윤성에프앤씨,IT하드웨어,WI610,IT하드웨어,WI26,,20261008
372320,큐로셀,제약바이오,WI410,건강관리,WI26,,20261008
372800,아이티아이즈,IT서비스,WI600,소프트웨어,WI26,,20261008
372910,한컴라이프케어,제약바이오,WI410,건강관리,WI26,,20261008
373110,엑셀세라퓨틱스,제약바이오,WI410,건강관리,WI26,,20261008
373160,데이원컴퍼니,미디어,WI330,"미디어,교육",WI26,,20261008
373170,엠아이큐브솔루션,IT서비스,WI600,소프트웨어,WI26,,20261008
373200,엑스플러스,IT하드웨어,WI610,IT하드웨어,WI26,,20261008
373220,LG에너지솔루션,이차전지,WI630,IT가전,MANUAL_OVERRIDE,배터리 셀,20261008
375500,DL이앤씨,건설,WI220,건설,WI26,,20261008
376180,피코그램,소비재,WI310,"화장품,의류",WI26,,20261008
376270,HEM파마,제약바이오,WI410,건강관리,WI26,,20261008
376290,씨유테크,IT하드웨어,WI610,IT하드웨어,WI26,,20261008
376300,디어유,IT서비스,WI600,소프트웨어,WI26,,20261008
376900,로킷헬스케어,제약바이오,WI410,건강관리,WI26,,20261008
376980,원티드랩,산업재,WI250,"상사,자본재",WI26,,20261008
377300,카카오페이,IT서비스,WI600,소프트웨어,WI26,,20261008
377330,이지트로닉스,IT가전,WI630,IT가전,WI26,,20261008
377450,리파인,산업재,WI250,"상사,자본재",WI26,,20261008
377480,마음AI,IT서비스,WI600,소프트웨어,WI26,,20261008
377740,바이오노트,제약바이오,WI410,건강관리,WI26,,20261008
378340,필에너지,IT가전,WI630,IT가전,WI26,,20261008
378850,화승알앤에이,자동차,WI300,자동차,WI26,,20261008
380550,뉴로핏,제약바이오,WI410,건강관리,WI26,,20261008
381620,제닉스로보틱스,산업재,WI230,기계,WI26,,20261008
381970,KG모빌리티플랫폼,자동차,WI300,자동차,WI26,,20261008
382150,온코크로스,제약바이오,WI410,건강관리,WI26,,20261008
382480,지아이텍,IT가전,WI630,IT가전,WI26,,20261008
382800,지앤비에스 에코,반도체소부장,WI620,반도체,WI26,,20261008
382840,원준,IT가전,WI630,IT가전,WI26,,20261008
382900,범한퓨얼셀,IT가전,WI630,IT가전,WI26,,20261008
383220,F&F,소비재,WI310,"화장품,의류",WI26,,20261008
383310,에코프로에이치엔,산업재,WI250,"상사,자본재",WI26,,20261008
383800,LX홀딩스,산업재,WI250,"상사,자본재",WI26,,20261008
383930,디티앤씨알오,제약바이오,WI410,건강관리,WI26,,20261008
384470,코어라인소프트,제약바이오,WI410,건강관리,WI26,,20261008
386380,스카이랩스,제약바이오,WI410,건강관리,WI26,,20261008
387570,파인메딕스,제약바이오,WI410,건강관리,WI26,,20261008
387690,레메디,제약바이오,WI410,건강관리,WI26,,20261008
388050,지투파워,산업재,WI230,기계,WI26,,20261008
388210,씨엠티엑스,반도체소부장,WI620,반도체,WI26,,20261008
388610,지에프씨생명과학,제약바이오,WI410,건강관리,WI26,,20261008
388720,유일로보틱스,산업재,WI230,기계,WI26,,20261008
388790,라이콤,IT하드웨어,WI610,IT하드웨어,WI26,,20261008
388870,파로스아이바이오,제약바이오,WI410,건강관리,WI26,,20261008
389020,자람테크놀로지,IT하드웨어,WI610,IT하드웨어,WI26,,20261008
389030,지니너스,제약바이오,WI410,건강관리,WI26,,20261008
389140,포바이포,미디어,WI330,"미디어,교육",WI26,,20261008
389260,대명에너지,에너지,WI100,에너지,WI26,,20261008
389470,인벤티지랩,제약바이오,WI410,건강관리,WI26,,20261008
389500,에스비비테크,산업재,WI230,기계,WI26,,20261008
389650,넥스트바이오메디컬,제약바이오,WI410,건강관리,WI26,,20261008
391710,코닉오토메이션,IT서비스,WI600,소프트웨어,WI26,,20261008
393210,토마토시스템,IT서비스,WI600,소프트웨어,WI26,,20261008
393890,더블유씨피,IT가전,WI630,IT가전,WI26,,20261008
394280,오픈엣지테크놀로지,반도체소부장,WI620,반도체,WI26,,20261008
394420,리센스메디컬,제약바이오,WI410,건강관리,WI26,,20261008
394800,쓰리빌리언,제약바이오,WI410,건강관리,WI26,,20261008
396270,넥스트칩,반도체소부장,WI620,반도체,WI26,,20261008
396300,HT로보틱스,IT하드웨어,WI610,IT하드웨어,WI26,,20261008
396470,워트,반도체소부장,WI620,반도체,WI26,,20261008
397030,에이프릴바이오,제약바이오,WI410,건강관리,WI26,,20261008
397810,애드포러스,미디어,WI330,"미디어,교육",WI26,,20261008
398120,에스지헬스케어,제약바이오,WI410,건강관리,WI26,,20261008
399720,가온칩스,반도체소부장,WI620,반도체,WI26,,20261008
402030,코난테크놀로지,IT서비스,WI600,소프트웨어,WI26,,20261008
402340,SK스퀘어,반도체소부장,WI620,반도체,WI26,,20261008
402490,그린리소스,반도체소부장,WI620,반도체,WI26,,20261008
403490,우듬지팜,소비재,WI400,필수소비재,WI26,,20261008
403550,쏘카,운송,WI260,운송,WI26,,20261008
403850,더핑크퐁컴퍼니,미디어,WI330,"미디어,교육",WI26,,20261008
403870,HPSP,반도체소부장,WI620,반도체,WI26,,20261008
405000,플라즈맵,제약바이오,WI410,건강관리,WI26,,20261008
405100,큐알티,반도체소부장,WI620,반도체,WI26,,20261008
405920,나라셀라,소비재,WI400,필수소비재,WI26,,20261008
406820,뷰티스킨,소비재,WI310,"화장품,의류",WI26,,20261008
407400,꿈비,소비재,WI310,"화장품,의류",WI26,,20261008
408470,한패스,IT서비스,WI600,소프트웨어,WI26,,20261008
408900,스튜디오미르,미디어,WI330,"미디어,교육",WI26,,20261008
408920,메쎄이상,IT서비스,WI600,소프트웨어,WI26,,20261008
411080,샌즈랩,IT서비스,WI600,소프트웨어,WI26,,20261008
412350,레이저쎌,반도체소부장,WI620,반도체,WI26,,20261008
413390,엠오티,IT가전,WI630,IT가전,WI26,,20261008
413630,씨피시스템,산업재,WI230,기계,WI26,,20261008
413640,비아이매트릭스,IT서비스,WI600,소프트웨어,WI26,,20261008
415380,스튜디오삼익,건설,WI220,건설,WI26,,20261008
416180,신성에스티,IT가전,WI630,IT가전,WI26,,20261008
417010,나노팀,IT하드웨어,WI610,IT하드웨어,WI26,,20261008
417030,니어스랩,산업재,WI250,"상사,자본재",WI26,,20261008
417180,핑거스토리,IT서비스,WI600,소프트웨어,WI26,,20261008
417200,LS머트리얼즈,IT가전,WI630,IT가전,WI26,,20261008
417500,제이아이테크,반도체소부장,WI620,반도체,WI26,,20261008
417790,트루엔,IT하드웨어,WI610,IT하드웨어,WI26,,20261008
417840,저스템,반도체소부장,WI620,반도체,WI26,,20261008
417860,오브젠,IT서비스,WI600,소프트웨어,WI26,,20261008
417970,모델솔루션,산업재,WI230,기계,WI26,,20261008
418420,라온텍,반도체소부장,WI620,반도체,WI26,,20261008
418470,KT밀리의서재,미디어,WI330,"미디어,교육",WI26,,20261008
418550,제이오,건설,WI220,건설,WI26,,20261008
419050,삼기에너지솔루션즈,자동차,WI300,자동차,WI26,,20261008
419080,엔젯,디스플레이,WI640,디스플레이,WI26,,20261008
419120,산돌,IT서비스,WI600,소프트웨어,WI26,,20261008
419530,SAMG엔터,미디어,WI330,"미디어,교육",WI26,,20261008
419540,비스토스,제약바이오,WI410,건강관리,WI26,,20261008
420570,제이투케이바이오,소비재,WI310,"화장품,의류",WI26,,20261008
420770,기가비스,반도체소부장,WI620,반도체,WI26,,20261008
424760,벨로크,IT서비스,WI600,소프트웨어,WI26,,20261008
424870,이뮨온시아,제약바이오,WI410,건강관리,WI26,,20261008
424960,스마트레이더시스템,자동차,WI300,자동차,WI26,,20261008
424980,마이크로투나노,반도체소부장,WI620,반도체,WI26,,20261008
425040,티이엠씨,반도체소부장,WI620,반도체,WI26,,20261008
425420,티에프이,반도체소부장,WI620,반도체,WI26,,20261008
429270,시지트로닉스,반도체소부장,WI620,반도체,WI26,,20261008
430690,한싹,IT서비스,WI600,소프트웨어,WI26,,20261008
431190,케이쓰리아이,IT서비스,WI600,소프트웨어,WI26,,20261008
432430,와이랩,미디어,WI330,"미디어,교육",WI26,,20261008
432470,케이엔에스,IT가전,WI630,IT가전,WI26,,20261008
432720,퀄리타스반도체,반도체소부장,WI620,반도체,WI26,,20261008
432980,엠에프씨,제약바이오,WI410,건강관리,WI26,,20261008
434480,모니터랩,IT서비스,WI600,소프트웨어,WI26,,20261008
435570,에르코스,소비재,WI400,필수소비재,WI26,,20261008
437730,삼현,자동차,WI300,자동차,WI26,,20261008
438700,버넥트,IT서비스,WI600,소프트웨어,WI26,,20261008
439090,마녀공장,소비재,WI310,"화장품,의류",WI26,,20261008
439260,대한조선,조선,WI240,조선,WI26,,20261008
439580,블루엠텍,제약바이오,WI410,건강관리,WI26,,20261008
439960,코스모로보틱스,산업재,WI230,기계,WI26,,20261008
440110,파두,반도체소부장,WI620,반도체,WI26,,20261008
440290,HB인베스트먼트,금융,WI500,은행,WI26,,20261008
440320,오픈놀,디스플레이,WI640,디스플레이,WI26,,20261008
441270,파인엠텍,IT하드웨어,WI610,IT하드웨어,WI26,,20261008
443060,HD현대마린솔루션,조선,WI240,조선,WI26,,20261008
443250,레뷰코퍼레이션,IT서비스,WI600,소프트웨어,WI26,,20261008
443670,에스피소프트,IT서비스,WI600,소프트웨어,WI26,,20261008
444530,심플랫폼,IT서비스,WI600,소프트웨어,WI26,,20261008
445090,에이직랜드,반도체소부장,WI620,반도체,WI26,,20261008
445180,퓨릿,반도체소부장,WI620,반도체,WI26,,20261008
445680,큐리옥스바이오시스템즈,제약바이오,WI410,건강관리,WI26,,20261008
446070,유니드비티플러스,건설,WI220,건설,WI26,,20261008
446540,메가터치,반도체소부장,WI610,IT하드웨어,MANUAL_OVERRIDE,반도체 테스트 핀/프로브 중심 비교군 보정,20261008
446840,지슨,IT서비스,WI600,소프트웨어,WI26,,20261008
448280,에코아이,산업재,WI250,"상사,자본재",WI26,,20261008
448710,코츠테크놀로지,산업재,WI250,"상사,자본재",WI26,,20261008
448900,한국피아이엠,자동차,WI300,자동차,WI26,,20261008
450080,에코프로머티,IT가전,WI630,IT가전,WI26,,20261008
450330,하스,제약바이오,WI410,건강관리,WI26,,20261008
450520,인스웨이브,IT서비스,WI600,소프트웨어,WI26,,20261008
450950,아스테라시스,제약바이오,WI410,건강관리,WI26,,20261008
451220,아이엠티,반도체소부장,WI620,반도체,WI26,,20261008
451250,삐아,소비재,WI310,"화장품,의류",WI26,,20261008
451760,컨텍,산업재,WI250,"상사,자본재",WI26,,20261008
452160,제이엔비,반도체소부장,WI620,반도체,WI26,,20261008
452190,한빛레이저,IT가전,WI630,IT가전,WI26,,20261008
452200,민테크,IT가전,WI630,IT가전,WI26,,20261008
452260,한화갤러리아,소비재,WI340,소매(유통),WI26,,20261008
452280,한선엔지니어링,산업재,WI230,기계,WI26,,20261008
452300,캡스톤파트너스,금융,WI500,은행,WI26,,20261008
452400,이닉스,IT가전,WI630,IT가전,WI26,,20261008
452430,사피엔반도체,반도체소부장,WI620,반도체,WI26,,20261008
452450,피아이이,IT서비스,WI600,소프트웨어,WI26,,20261008
453340,현대그린푸드,소비재,WI400,필수소비재,WI26,,20261008
453450,그리드위즈,유틸리티,WI800,유틸리티,WI26,,20261008
453860,에이에스텍,소비재,WI310,"화장품,의류",WI26,,20261008
454910,두산로보틱스,산업재,WI230,기계,WI26,,20261008
455180,케이지에이,IT하드웨어,WI610,IT하드웨어,WI26,,20261008
455900,엔젤로보틱스,제약바이오,WI410,건강관리,WI26,,20261008
456010,아이씨티케이,IT하드웨어,WI610,IT하드웨어,WI26,,20261008
456040,OCI,소재,WI110,화학,WI26,,20261008
456070,이엔셀,제약바이오,WI410,건강관리,WI26,,20261008
456160,지투지바이오,제약바이오,WI410,건강관리,WI26,,20261008
457190,이수스페셜티케미컬,소재,WI110,화학,WI26,,20261008
457370,한켐,디스플레이,WI640,디스플레이,WI26,,20261008
457550,우진엔텍,에너지,WI100,에너지,WI26,,20261008
457600,벡트,미디어,WI330,"미디어,교육",WI26,,20261008
458350,에스팀,미디어,WI330,"미디어,교육",WI26,,20261008
458650,성우,IT가전,WI630,IT가전,WI26,,20261008
458870,씨어스,제약바이오,WI410,건강관리,WI26,,20261008
459100,위츠,IT하드웨어,WI610,IT하드웨어,WI26,,20261008
459510,나우로보틱스,산업재,WI230,기계,WI26,,20261008
459550,알트,IT하드웨어,WI610,IT하드웨어,WI26,,20261008
460470,아이빔테크놀로지,제약바이오,WI410,건강관리,WI26,,20261008
460850,동국씨엠,소재,WI210,철강,WI26,,20261008
460860,동국제강,소재,WI210,철강,WI26,,20261008
460870,에스엠씨지,소재,WI200,비철금속,WI26,,20261008
460930,현대힘스,조선,WI240,조선,WI26,,20261008
460940,피앤에스로보틱스,제약바이오,WI410,건강관리,WI26,,20261008
461030,아이엠비디엑스,제약바이오,WI410,건강관리,WI26,,20261008
461300,아이스크림미디어,미디어,WI330,"미디어,교육",WI26,,20261008
462310,뉴키즈온,소비재,WI310,"화장품,의류",WI26,,20261008
462350,이노스페이스,산업재,WI250,"상사,자본재",WI26,,20261008
462510,라메디텍,제약바이오,WI410,건강관리,WI26,,20261008
462520,조선내화,소재,WI200,비철금속,WI26,,20261008
462860,더즌,IT서비스,WI600,소프트웨어,WI26,,20261008
462870,시프트업,IT서비스,WI600,소프트웨어,WI26,,20261008
462980,아이지넷,IT서비스,WI600,소프트웨어,WI26,,20261008
463020,뉴엔AI,IT서비스,WI600,소프트웨어,WI26,,20261008
463480,모티브링크,자동차,WI300,자동차,WI26,,20261008
464080,에스오에스랩,IT하드웨어,WI610,IT하드웨어,WI26,,20261008
464280,티디에스팜,제약바이오,WI410,건강관리,WI26,,20261008
464490,쿼드메디슨,제약바이오,WI410,건강관리,WI26,,20261008
464500,아이언디바이스,반도체소부장,WI620,반도체,WI26,,20261008
464580,닷밀,미디어,WI330,"미디어,교육",WI26,,20261008
465480,인스피언,IT서비스,WI600,소프트웨어,WI26,,20261008
466100,클로봇,산업재,WI230,기계,WI26,,20261008
466410,사이냅소프트,IT서비스,WI600,소프트웨어,WI26,,20261008
468530,프로티나,제약바이오,WI410,건강관리,WI26,,20261008
468670,브릴스,산업재,WI230,기계,WI26,,20261008
469610,이노테크,디스플레이,WI640,디스플레이,WI26,,20261008
469750,아이비젼웍스,IT가전,WI630,IT가전,WI26,,20261008
471820,셀로맥스사이언스,제약바이오,WI410,건강관리,WI26,,20261008
472850,폰드그룹,소비재,WI310,"화장품,의류",WI26,,20261008
473980,노머스,미디어,WI330,"미디어,교육",WI26,,20261008
474170,루미르,산업재,WI250,"상사,자본재",WI26,,20261008
474610,RF시스템즈,산업재,WI250,"상사,자본재",WI26,,20261008
474650,링크솔루션,산업재,WI230,기계,WI26,,20261008
475040,스트라드비젼,IT서비스,WI600,소프트웨어,WI26,,20261008
475150,SK이터닉스,에너지,WI100,에너지,WI26,,20261008
475230,엔알비,건설,WI220,건설,WI26,,20261008
475400,씨메스로보틱스,산업재,WI230,기계,WI26,,20261008
475430,키스트론,산업재,WI230,기계,WI26,,20261008
475460,미트박스,소비재,WI340,소매(유통),WI26,,20261008
475560,더본코리아,소비재,WI320,"호텔,레저",WI26,,20261008
475580,에이럭스,미디어,WI330,"미디어,교육",WI26,,20261008
475660,에스켐,디스플레이,WI640,디스플레이,WI26,,20261008
475830,오름테라퓨틱,제약바이오,WI410,건강관리,WI26,,20261008
475960,토모큐브,제약바이오,WI410,건강관리,WI26,,20261008
476040,오가노이드사이언스,제약바이오,WI410,건강관리,WI26,,20261008
476060,온코닉테라퓨틱스,제약바이오,WI410,건강관리,WI26,,20261008
476080,M83,미디어,WI330,"미디어,교육",WI26,,20261008
476830,알지노믹스,제약바이오,WI410,건강관리,WI26,,20261008
477850,마키나락스,IT서비스,WI600,소프트웨어,WI26,,20261008
478340,나라스페이스테크놀로지,산업재,WI250,"상사,자본재",WI26,,20261008
478560,블랙야크아이앤씨,소비재,WI310,"화장품,의류",WI26,,20261008
479960,위너스일렉,산업재,WI230,기계,WI26,,20261008
480370,씨케이솔루션,산업재,WI230,기계,WI26,,20261008
481070,에이유브랜즈,소비재,WI310,"화장품,의류",WI26,,20261008
482630,삼양엔씨켐,반도체소부장,WI620,반도체,WI26,,20261008
483350,딜리셔스,IT서비스,WI600,소프트웨어,WI26,,20261008
483650,달바글로벌,소비재,WI310,"화장품,의류",WI26,,20261008
484120,도우인시스,디스플레이,WI640,디스플레이,WI26,,20261008
484590,삼양컴텍,산업재,WI250,"상사,자본재",WI26,,20261008
484810,티엑스알로보틱스,산업재,WI230,기계,WI26,,20261008
484870,엠앤씨솔루션,산업재,WI250,"상사,자본재",WI26,,20261008
486510,글로벌테크놀로지,반도체소부장,WI620,반도체,WI26,,20261008
486990,노타,IT서비스,WI600,소프트웨어,WI26,,20261008
487400,케이앤에스아이앤씨,IT하드웨어,WI610,IT하드웨어,WI26,,20261008
487570,HS효성,산업재,WI250,"상사,자본재",WI26,,20261008
487580,폴레드,소비재,WI310,"화장품,의류",WI26,,20261008
488280,에스투더블유,IT서비스,WI600,소프트웨어,WI26,,20261008
488900,비츠로넥스텍,산업재,WI250,"상사,자본재",WI26,,20261008
489460,바이오비쥬,소비재,WI310,"화장품,의류",WI26,,20261008
489500,엘케이켐,반도체소부장,WI620,반도체,WI26,,20261008
489790,한화비전,IT하드웨어,WI610,IT하드웨어,WI26,,20261008
490470,세미파이브,반도체소부장,WI620,반도체,WI26,,20261008
491000,리브스메드,제약바이오,WI410,건강관리,WI26,,20261008
493280,아이엠바이오로직스,제약바이오,WI410,건강관리,WI26,,20261008
493330,지에프아이,IT하드웨어,WI610,IT하드웨어,WI26,,20261008
494120,큐리오시스,제약바이오,WI410,건강관리,WI26,,20261008
499790,GS피앤엘,소비재,WI320,"호텔,레저",WI26,,20261008
